Season,Date,HomeTeam,AwayTeam,FTHG,FTAG,FTR,HTHG,HTAG,HS,AS,HST,AST,HC,AC,HF,AF,HY,AY,HR,AR,GoalDifference,HTGoalDifference,HomeWin,AwayWin,Draw
2019/2020,2019-08-09 00:00:00,Liverpool,Norwich,4,1,H,4,0,15,12,7,5,11,2,9,9,0,2,0,0,3,4,1,0,0
2019/2020,2019-08-10 00:00:00,West Ham,Man City,0,5,A,0,1,5,14,3,9,1,1,6,13,2,2,0,0,-5,-1,0,1,0
2019/2020,2019-08-10 00:00:00,Bournemouth,Sheffield United,1,1,D,0,0,13,8,3,3,3,4,10,19,2,1,0,0,0,0,0,0,1
2019/2020,2019-08-10 00:00:00,Burnley,Southampton,3,0,H,0,0,10,11,4,3,2,7,6,12,0,0,0,0,3,0,1,0,0
2019/2020,2019-08-10 00:00:00,Crystal Palace,Everton,0,0,D,0,0,6,10,2,3,6,2,16,14,2,1,0,1,0,0,0,0,1
2019/2020,2019-08-10 00:00:00,Watford,Brighton,0,3,A,0,1,11,5,3,3,5,2,15,11,0,1,0,0,-3,-1,0,1,0
2019/2020,2019-08-10 00:00:00,Tottenham,Aston Villa,3,1,H,0,1,31,7,7,4,14,0,13,9,1,0,0,0,2,-1,1,0,0
2019/2020,2019-08-11 00:00:00,Leicester,Wolves,0,0,D,0,0,15,8,1,2,12,3,3,13,0,2,0,0,0,0,0,0,1
2019/2020,2019-08-11 00:00:00,Newcastle,Arsenal,0,1,A,0,0,9,8,2,2,5,3,12,7,1,3,0,0,-1,0,0,1,0
2019/2020,2019-08-11 00:00:00,Man United,Chelsea,4,0,H,1,0,11,18,5,7,3,5,15,13,3,4,0,0,4,1,1,0,0
2019/2020,2019-08-17 00:00:00,Arsenal,Burnley,2,1,H,1,1,16,18,9,5,10,7,13,11,2,1,0,0,1,0,1,0,0
2019/2020,2019-08-17 00:00:00,Aston Villa,Bournemouth,1,2,A,0,2,22,12,7,4,10,5,10,13,0,2,0,0,-1,-2,0,1,0
2019/2020,2019-08-17 00:00:00,Brighton,West Ham,1,1,D,0,0,16,8,4,3,8,6,11,10,0,2,0,0,0,0,0,0,1
2019/2020,2019-08-17 00:00:00,Everton,Watford,1,0,H,1,0,12,8,2,2,4,7,11,11,2,3,0,0,1,1,1,0,0
2019/2020,2019-08-17 00:00:00,Norwich,Newcastle,3,1,H,1,0,15,10,8,3,7,5,9,11,1,3,0,0,2,1,1,0,0
2019/2020,2019-08-17 00:00:00,Southampton,Liverpool,1,2,A,0,1,14,15,3,6,5,9,10,6,2,1,0,0,-1,-1,0,1,0
2019/2020,2019-08-17 00:00:00,Man City,Tottenham,2,2,D,2,1,30,3,10,2,13,2,14,4,1,0,0,0,0,1,0,0,1
2019/2020,2019-08-18 00:00:00,Sheffield United,Crystal Palace,1,0,H,0,0,15,6,3,4,8,4,16,11,3,1,0,0,1,0,1,0,0
2019/2020,2019-08-18 00:00:00,Chelsea,Leicester,1,1,D,1,0,14,12,5,3,4,5,9,14,1,0,0,0,0,1,0,0,1
2019/2020,2019-08-19 00:00:00,Wolves,Man United,1,1,D,0,1,6,9,2,2,4,6,17,8,2,2,0,0,0,-1,0,0,1
2019/2020,2019-08-23 00:00:00,Aston Villa,Everton,2,0,H,1,0,7,12,3,1,0,6,10,18,2,3,0,0,2,1,1,0,0
2019/2020,2019-08-24 00:00:00,Norwich,Chelsea,2,3,A,2,2,6,23,5,8,1,8,9,9,1,1,0,0,-1,0,0,1,0
2019/2020,2019-08-24 00:00:00,Brighton,Southampton,0,2,A,0,0,12,12,3,4,8,5,9,10,1,3,1,0,-2,0,0,1,0
2019/2020,2019-08-24 00:00:00,Man United,Crystal Palace,1,2,A,0,1,22,5,3,3,8,1,8,18,2,4,0,0,-1,-1,0,1,0
2019/2020,2019-08-24 00:00:00,Sheffield United,Leicester,1,2,A,0,1,8,10,3,2,7,4,11,6,1,0,0,0,-1,-1,0,1,0
2019/2020,2019-08-24 00:00:00,Watford,West Ham,1,3,A,1,1,23,16,3,10,8,7,12,11,1,1,0,0,-2,0,0,1,0
2019/2020,2019-08-24 00:00:00,Liverpool,Arsenal,3,1,H,1,0,25,9,5,3,6,4,8,5,1,1,0,0,2,1,1,0,0
2019/2020,2019-08-25 00:00:00,Bournemouth,Man City,1,3,A,1,2,10,19,7,5,4,5,7,13,1,3,0,0,-2,-1,0,1,0
2019/2020,2019-08-25 00:00:00,Tottenham,Newcastle,0,1,A,0,1,17,8,2,3,6,6,10,5,2,2,0,0,-1,-1,0,1,0
2019/2020,2019-08-25 00:00:00,Wolves,Burnley,1,1,D,0,1,17,13,2,4,4,3,9,11,0,2,0,0,0,-1,0,0,1
2019/2020,2019-08-31 00:00:00,Southampton,Man United,1,1,D,0,1,10,21,2,8,2,3,17,7,1,2,1,0,0,-1,0,0,1
2019/2020,2019-08-31 00:00:00,Chelsea,Sheffield United,2,2,D,2,0,13,8,5,2,3,4,6,11,0,1,0,0,0,2,0,0,1
2019/2020,2019-08-31 00:00:00,Crystal Palace,Aston Villa,1,0,H,0,0,22,10,5,2,13,2,15,16,2,4,0,1,1,0,1,0,0
2019/2020,2019-08-31 00:00:00,Leicester,Bournemouth,3,1,H,2,1,13,8,5,2,4,5,9,11,1,3,0,0,2,1,1,0,0
2019/2020,2019-08-31 00:00:00,Man City,Brighton,4,0,H,2,0,15,6,6,2,8,1,10,6,1,1,0,0,4,2,1,0,0
2019/2020,2019-08-31 00:00:00,Newcastle,Watford,1,1,D,1,1,13,13,5,3,6,5,5,11,2,3,0,0,0,0,0,0,1
2019/2020,2019-08-31 00:00:00,West Ham,Norwich,2,0,H,1,0,18,8,8,3,8,2,16,10,2,1,0,0,2,1,1,0,0
2019/2020,2019-08-31 00:00:00,Burnley,Liverpool,0,3,A,0,2,7,15,2,7,6,4,10,16,0,0,0,0,-3,-2,0,1,0
2019/2020,2019-09-01 00:00:00,Everton,Wolves,3,2,H,2,1,15,8,6,5,7,7,12,12,1,4,0,1,1,1,1,0,0
2019/2020,2019-09-01 00:00:00,Arsenal,Tottenham,2,2,D,1,2,26,13,8,9,11,6,13,19,3,5,0,0,0,-1,0,0,1
2019/2020,2019-09-14 00:00:00,Liverpool,Newcastle,3,1,H,2,1,21,8,9,1,10,1,5,4,0,0,0,0,2,1,1,0,0
2019/2020,2019-09-14 00:00:00,Brighton,Burnley,1,1,D,0,0,14,7,5,1,3,6,13,7,0,2,0,0,0,0,0,0,1
2019/2020,2019-09-14 00:00:00,Man United,Leicester,1,0,H,1,0,10,9,5,3,3,9,14,14,1,2,0,0,1,1,1,0,0
2019/2020,2019-09-14 00:00:00,Sheffield United,Southampton,0,1,A,0,0,17,11,4,7,12,6,10,7,1,1,1,0,-1,0,0,1,0
2019/2020,2019-09-14 00:00:00,Tottenham,Crystal Palace,4,0,H,4,0,13,11,5,6,4,3,19,11,4,2,0,0,4,4,1,0,0
2019/2020,2019-09-14 00:00:00,Wolves,Chelsea,2,5,A,0,3,11,15,4,6,7,5,8,11,1,2,0,0,-3,-3,0,1,0
2019/2020,2019-09-14 00:00:00,Norwich,Man City,3,2,H,2,1,7,25,3,8,3,16,8,7,3,1,0,0,1,1,1,0,0
2019/2020,2019-09-15 00:00:00,Bournemouth,Everton,3,1,H,1,1,13,14,6,5,7,7,5,14,0,4,0,0,2,0,1,0,0
2019/2020,2019-09-15 00:00:00,Watford,Arsenal,2,2,D,0,2,31,10,7,4,7,1,14,4,3,3,0,0,0,-2,0,0,1
2019/2020,2019-09-16 00:00:00,Aston Villa,West Ham,0,0,D,0,0,10,13,5,1,2,4,13,12,2,1,0,1,0,0,0,0,1
2019/2020,2019-09-20 00:00:00,Southampton,Bournemouth,1,3,A,0,2,25,6,6,3,4,5,8,9,1,3,0,0,-2,-2,0,1,0
2019/2020,2019-09-21 00:00:00,Leicester,Tottenham,2,1,H,0,1,16,11,7,4,8,2,16,13,1,2,0,0,1,-1,1,0,0
2019/2020,2019-09-21 00:00:00,Burnley,Norwich,2,0,H,2,0,13,11,6,2,7,3,11,10,0,1,0,0,2,2,1,0,0
2019/2020,2019-09-21 00:00:00,Everton,Sheffield United,0,2,A,0,1,16,2,3,1,12,3,9,9,1,3,0,0,-2,-1,0,1,0
2019/2020,2019-09-21 00:00:00,Man City,Watford,8,0,H,5,0,28,5,11,4,5,4,5,9,2,2,0,0,8,5,1,0,0
2019/2020,2019-09-21 00:00:00,Newcastle,Brighton,0,0,D,0,0,11,16,4,3,5,3,12,8,2,1,0,0,0,0,0,0,1
2019/2020,2019-09-22 00:00:00,Crystal Palace,Wolves,1,1,D,0,0,13,14,4,4,6,7,7,10,2,1,0,1,0,0,0,0,1
2019/2020,2019-09-22 00:00:00,West Ham,Man United,2,0,H,1,0,8,9,6,3,3,7,8,9,2,2,0,0,2,1,1,0,0
2019/2020,2019-09-22 00:00:00,Arsenal,Aston Villa,3,2,H,0,1,21,14,6,9,9,4,13,15,5,1,1,0,1,-1,1,0,0
2019/2020,2019-09-22 00:00:00,Chelsea,Liverpool,1,2,A,0,2,13,6,2,3,6,4,8,13,3,3,0,0,-1,-2,0,1,0
2019/2020,2019-09-28 00:00:00,Sheffield United,Liverpool,0,1,A,0,0,12,16,2,4,6,5,8,4,1,1,0,0,-1,0,0,1,0
2019/2020,2019-09-28 00:00:00,Aston Villa,Burnley,2,2,D,1,0,16,10,3,3,7,3,10,16,1,4,0,0,0,1,0,0,1
2019/2020,2019-09-28 00:00:00,Bournemouth,West Ham,2,2,D,1,1,13,17,5,6,6,6,7,8,3,1,0,0,0,0,0,0,1
2019/2020,2019-09-28 00:00:00,Chelsea,Brighton,2,0,H,0,0,24,8,10,1,5,2,5,13,2,3,0,0,2,0,1,0,0
2019/2020,2019-09-28 00:00:00,Crystal Palace,Norwich,2,0,H,1,0,15,10,3,3,5,5,14,10,3,1,0,0,2,1,1,0,0
2019/2020,2019-09-28 00:00:00,Tottenham,Southampton,2,1,H,2,1,9,14,4,6,6,6,5,16,0,2,1,0,1,1,1,0,0
2019/2020,2019-09-28 00:00:00,Wolves,Watford,2,0,H,1,0,6,14,2,5,1,6,5,6,0,1,0,0,2,1,1,0,0
2019/2020,2019-09-28 00:00:00,Everton,Man City,1,3,A,1,1,12,20,8,9,5,2,4,8,2,2,0,0,-2,0,0,1,0
2019/2020,2019-09-29 00:00:00,Leicester,Newcastle,5,0,H,1,0,13,3,5,0,9,0,12,9,1,1,0,1,5,1,1,0,0
2019/2020,2019-09-30 00:00:00,Man United,Arsenal,1,1,D,1,0,16,10,4,5,8,7,18,13,4,2,0,0,0,1,0,0,1
2019/2020,2019-10-05 00:00:00,Brighton,Tottenham,3,0,H,2,0,17,8,6,3,4,4,11,7,2,1,0,0,3,2,1,0,0
2019/2020,2019-10-05 00:00:00,Burnley,Everton,1,0,H,0,0,9,11,3,2,7,9,5,12,2,1,0,1,1,0,1,0,0
2019/2020,2019-10-05 00:00:00,Liverpool,Leicester,2,1,H,1,0,18,2,8,1,4,6,9,17,1,4,0,0,1,1,1,0,0
2019/2020,2019-10-05 00:00:00,Norwich,Aston Villa,1,5,A,0,2,21,22,5,12,10,6,14,17,1,3,0,0,-4,-2,0,1,0
2019/2020,2019-10-05 00:00:00,Watford,Sheffield United,0,0,D,0,0,8,9,2,3,7,7,7,6,0,2,0,0,0,0,0,0,1
2019/2020,2019-10-05 00:00:00,West Ham,Crystal Palace,1,2,A,0,0,9,7,4,4,2,2,11,7,3,2,0,0,-1,0,0,1,0
2019/2020,2019-10-06 00:00:00,Arsenal,Bournemouth,1,0,H,1,0,12,10,2,2,14,5,12,6,1,2,0,0,1,1,1,0,0
2019/2020,2019-10-06 00:00:00,Man City,Wolves,0,2,A,0,0,18,7,2,2,9,1,11,14,5,2,0,0,-2,0,0,1,0
2019/2020,2019-10-06 00:00:00,Southampton,Chelsea,1,4,A,1,3,10,13,3,7,3,4,8,15,0,1,0,0,-3,-2,0,1,0
2019/2020,2019-10-06 00:00:00,Newcastle,Man United,1,0,H,0,0,12,12,2,3,4,6,12,10,3,3,0,0,1,0,1,0,0
2019/2020,2019-10-19 00:00:00,Everton,West Ham,2,0,H,1,0,19,8,10,4,11,2,15,15,2,2,0,0,2,1,1,0,0
2019/2020,2019-10-19 00:00:00,Aston Villa,Brighton,2,1,H,1,1,24,20,8,5,7,5,9,17,1,2,0,1,1,0,1,0,0
2019/2020,2019-10-19 00:00:00,Bournemouth,Norwich,0,0,D,0,0,11,10,2,1,6,7,8,11,1,3,0,0,0,0,0,0,1
2019/2020,2019-10-19 00:00:00,Chelsea,Newcastle,1,0,H,0,0,16,5,8,0,11,0,9,12,2,1,0,0,1,0,1,0,0
2019/2020,2019-10-19 00:00:00,Leicester,Burnley,2,1,H,1,1,19,13,3,4,9,4,4,10,0,3,0,0,1,0,1,0,0
2019/2020,2019-10-19 00:00:00,Tottenham,Watford,1,1,D,0,1,12,7,2,2,11,2,5,9,4,3,0,0,0,-1,0,0,1
2019/2020,2019-10-19 00:00:00,Wolves,Southampton,1,1,D,0,0,4,14,1,5,1,3,10,17,3,2,0,0,0,0,0,0,1
2019/2020,2019-10-19 00:00:00,Crystal Palace,Man City,0,2,A,0,2,7,21,2,10,1,8,8,10,1,1,0,0,-2,-2,0,1,0
2019/2020,2019-10-20 00:00:00,Man United,Liverpool,1,1,D,1,0,7,10,2,4,3,1,6,14,0,1,0,0,0,1,0,0,1
2019/2020,2019-10-21 00:00:00,Sheffield United,Arsenal,1,0,H,1,0,8,9,2,3,7,12,10,12,4,4,0,0,1,1,1,0,0
2019/2020,2019-10-25 00:00:00,Southampton,Leicester,0,9,A,0,5,6,25,3,15,2,7,3,12,0,0,1,0,-9,-5,0,1,0
2019/2020,2019-10-26 00:00:00,Man City,Aston Villa,3,0,H,0,0,25,11,9,5,13,7,10,5,1,1,1,0,3,0,1,0,0
2019/2020,2019-10-26 00:00:00,Brighton,Everton,3,2,H,1,1,8,10,4,6,0,5,12,12,2,1,0,0,1,0,1,0,0
2019/2020,2019-10-26 00:00:00,Watford,Bournemouth,0,0,D,0,0,7,15,3,5,5,10,14,8,5,3,0,0,0,0,0,0,1
2019/2020,2019-10-26 00:00:00,West Ham,Sheffield United,1,1,D,1,0,12,10,4,4,10,4,7,10,2,2,0,0,0,1,0,0,1
2019/2020,2019-10-26 00:00:00,Burnley,Chelsea,2,4,A,0,2,13,16,5,7,5,6,7,8,3,2,0,0,-2,-2,0,1,0
2019/2020,2019-10-27 00:00:00,Newcastle,Wolves,1,1,D,1,0,13,13,2,5,3,6,8,15,2,2,1,0,0,1,0,0,1
2019/2020,2019-10-27 00:00:00,Arsenal,Crystal Palace,2,2,D,2,1,15,10,6,4,12,5,18,9,2,0,0,0,0,1,0,0,1
2019/2020,2019-10-27 00:00:00,Liverpool,Tottenham,2,1,H,0,1,21,11,13,4,8,3,9,11,3,3,0,0,1,-1,1,0,0
2019/2020,2019-10-27 00:00:00,Norwich,Man United,1,3,A,0,2,10,21,3,11,1,10,13,10,2,2,0,0,-2,-2,0,1,0
2019/2020,2019-11-02 00:00:00,Bournemouth,Man United,1,0,H,1,0,12,15,6,4,4,10,14,12,4,3,0,0,1,1,1,0,0
2019/2020,2019-11-02 00:00:00,Arsenal,Wolves,1,1,D,1,0,10,25,4,8,8,9,6,15,0,2,0,0,0,1,0,0,1
2019/2020,2019-11-02 00:00:00,Aston Villa,Liverpool,1,2,A,1,0,5,25,2,6,2,10,12,9,1,2,0,0,-1,1,0,1,0
2019/2020,2019-11-02 00:00:00,Brighton,Norwich,2,0,H,0,0,21,7,5,0,8,3,11,8,0,1,0,0,2,0,1,0,0
2019/2020,2019-11-02 00:00:00,Man City,Southampton,2,1,H,0,1,26,3,4,3,17,0,11,10,3,1,0,0,1,-1,1,0,0
2019/2020,2019-11-02 00:00:00,Sheffield United,Burnley,3,0,H,3,0,13,6,6,0,7,6,8,12,1,2,0,0,3,3,1,0,0
2019/2020,2019-11-02 00:00:00,West Ham,Newcastle,2,3,A,0,2,16,12,6,9,7,3,10,7,2,1,0,0,-1,-2,0,1,0
2019/2020,2019-11-02 00:00:00,Watford,Chelsea,1,2,A,0,1,12,16,3,10,1,6,8,5,4,2,0,0,-1,-1,0,1,0
2019/2020,2019-11-03 00:00:00,Crystal Palace,Leicester,0,2,A,0,0,12,14,3,5,5,6,15,16,2,2,0,0,-2,0,0,1,0
2019/2020,2019-11-03 00:00:00,Everton,Tottenham,1,1,D,0,0,7,4,3,2,5,2,9,8,1,2,0,1,0,0,0,0,1
2019/2020,2019-11-08 00:00:00,Norwich,Watford,0,2,A,0,1,17,12,5,2,10,4,7,13,1,2,0,1,-2,-1,0,1,0
2019/2020,2019-11-09 00:00:00,Chelsea,Crystal Palace,2,0,H,0,0,23,3,5,1,7,0,9,17,3,2,0,0,2,0,1,0,0
2019/2020,2019-11-09 00:00:00,Burnley,West Ham,3,0,H,2,0,14,7,12,4,11,4,17,10,2,1,0,0,3,2,1,0,0
2019/2020,2019-11-09 00:00:00,Newcastle,Bournemouth,2,1,H,1,1,20,16,9,3,5,4,10,5,2,0,0,0,1,0,1,0,0
2019/2020,2019-11-09 00:00:00,Southampton,Everton,1,2,A,0,1,4,24,3,5,5,9,12,12,1,1,0,0,-1,-1,0,1,0
2019/2020,2019-11-09 00:00:00,Tottenham,Sheffield United,1,1,D,0,0,17,14,5,4,4,4,6,9,2,2,0,0,0,0,0,0,1
2019/2020,2019-11-09 00:00:00,Leicester,Arsenal,2,0,H,0,0,19,8,7,1,5,4,10,10,1,1,0,0,2,0,1,0,0
2019/2020,2019-11-10 00:00:00,Man United,Brighton,3,1,H,2,0,21,6,11,2,5,2,10,14,2,5,0,0,2,2,1,0,0
2019/2020,2019-11-10 00:00:00,Wolves,Aston Villa,2,1,H,1,0,17,13,5,4,6,3,17,8,4,3,0,0,1,1,1,0,0
2019/2020,2019-11-10 00:00:00,Liverpool,Man City,3,1,H,2,0,12,18,5,3,4,13,10,5,0,2,0,0,2,2,1,0,0
2019/2020,2019-11-23 00:00:00,West Ham,Tottenham,2,3,A,0,2,11,15,4,6,3,7,12,14,3,2,0,0,-1,-2,0,1,0
2019/2020,2019-11-23 00:00:00,Arsenal,Southampton,2,2,D,1,1,12,21,5,6,6,8,13,19,6,2,0,0,0,0,0,0,1
2019/2020,2019-11-23 00:00:00,Bournemouth,Wolves,1,2,A,0,2,9,17,2,7,5,9,10,12,2,1,1,0,-1,-2,0,1,0
2019/2020,2019-11-23 00:00:00,Brighton,Leicester,0,2,A,0,0,7,19,0,9,6,7,9,1,2,0,0,0,-2,0,0,1,0
2019/2020,2019-11-23 00:00:00,Crystal Palace,Liverpool,1,2,A,0,0,16,12,6,4,9,8,8,7,0,1,0,0,-1,0,0,1,0
2019/2020,2019-11-23 00:00:00,Everton,Norwich,0,2,A,0,0,18,13,7,5,7,7,12,11,3,5,0,0,-2,0,0,1,0
2019/2020,2019-11-23 00:00:00,Watford,Burnley,0,3,A,0,0,15,11,4,5,7,5,14,13,0,3,0,0,-3,0,0,1,0
2019/2020,2019-11-23 00:00:00,Man City,Chelsea,2,1,H,2,1,15,11,4,2,8,2,5,9,1,1,0,0,1,1,1,0,0
2019/2020,2019-11-24 00:00:00,Sheffield United,Man United,3,3,D,1,0,12,11,8,5,6,3,13,10,1,2,0,0,0,1,0,0,1
2019/2020,2019-11-25 00:00:00,Aston Villa,Newcastle,2,0,H,2,0,17,11,8,5,11,6,10,9,1,1,0,0,2,2,1,0,0
2019/2020,2019-11-30 00:00:00,Newcastle,Man City,2,2,D,1,1,6,24,3,9,1,10,4,6,1,2,0,0,0,0,0,0,1
2019/2020,2019-11-30 00:00:00,Burnley,Crystal Palace,0,2,A,0,1,15,7,4,2,5,6,13,10,2,0,0,0,-2,-1,0,1,0
2019/2020,2019-11-30 00:00:00,Chelsea,West Ham,0,1,A,0,0,19,5,6,4,9,3,0,16,0,3,0,0,-1,0,0,1,0
2019/2020,2019-11-30 00:00:00,Liverpool,Brighton,2,1,H,2,0,15,12,7,5,4,5,3,10,0,0,1,0,1,2,1,0,0
2019/2020,2019-11-30 00:00:00,Tottenham,Bournemouth,3,2,H,1,0,15,20,5,6,4,8,10,12,0,2,0,0,1,1,1,0,0
2019/2020,2019-11-30 00:00:00,Southampton,Watford,2,1,H,0,1,11,6,6,3,6,7,6,10,1,0,0,0,1,-1,1,0,0
2019/2020,2019-12-01 00:00:00,Norwich,Arsenal,2,2,D,2,1,15,16,8,7,7,12,8,10,2,1,0,0,0,1,0,0,1
2019/2020,2019-12-01 00:00:00,Wolves,Sheffield United,1,1,D,0,1,13,9,3,4,7,2,12,18,1,4,0,0,0,-1,0,0,1
2019/2020,2019-12-01 00:00:00,Leicester,Everton,2,1,H,0,1,16,11,6,3,4,4,7,9,0,1,0,0,1,-1,1,0,0
2019/2020,2019-12-01 00:00:00,Man United,Aston Villa,2,2,D,1,1,16,9,6,3,9,9,16,8,4,1,0,0,0,0,0,0,1
2019/2020,2019-12-03 00:00:00,Crystal Palace,Bournemouth,1,0,H,0,0,7,6,2,3,6,9,6,15,3,3,1,0,1,0,1,0,0
2019/2020,2019-12-03 00:00:00,Burnley,Man City,1,4,A,0,1,4,17,2,8,3,6,9,6,1,1,0,0,-3,-1,0,1,0
2019/2020,2019-12-04 00:00:00,Chelsea,Aston Villa,2,1,H,1,1,25,9,9,3,9,5,18,10,2,1,0,0,1,0,1,0,0
2019/2020,2019-12-04 00:00:00,Leicester,Watford,2,0,H,0,0,12,4,6,1,7,2,13,16,3,2,0,0,2,0,1,0,0
2019/2020,2019-12-04 00:00:00,Man United,Tottenham,2,1,H,1,1,12,8,7,5,4,3,9,9,0,1,0,0,1,0,1,0,0
2019/2020,2019-12-04 00:00:00,Southampton,Norwich,2,1,H,2,0,14,10,5,3,6,1,12,7,1,1,0,0,1,2,1,0,0
2019/2020,2019-12-04 00:00:00,Wolves,West Ham,2,0,H,1,0,13,6,7,3,5,4,8,9,1,2,0,0,2,1,1,0,0
2019/2020,2019-12-04 00:00:00,Liverpool,Everton,5,2,H,4,2,11,12,5,4,5,6,13,17,1,2,0,0,3,2,1,0,0
2019/2020,2019-12-05 00:00:00,Sheffield United,Newcastle,0,2,A,0,1,13,6,6,4,8,1,10,6,2,0,0,0,-2,-1,0,1,0
2019/2020,2019-12-05 00:00:00,Arsenal,Brighton,1,2,A,0,1,12,20,5,9,9,9,10,11,3,1,0,0,-1,-1,0,1,0
2019/2020,2019-12-07 00:00:00,Everton,Chelsea,3,1,H,1,0,13,15,7,4,1,5,14,9,3,0,0,0,2,1,1,0,0
2019/2020,2019-12-07 00:00:00,Bournemouth,Liverpool,0,3,A,0,2,3,21,0,9,1,3,5,6,0,1,0,0,-3,-2,0,1,0
2019/2020,2019-12-07 00:00:00,Tottenham,Burnley,5,0,H,3,0,13,7,7,1,1,1,12,8,1,1,0,0,5,3,1,0,0
2019/2020,2019-12-07 00:00:00,Watford,Crystal Palace,0,0,D,0,0,13,3,3,0,6,2,15,16,4,2,0,0,0,0,0,0,1
2019/2020,2019-12-07 00:00:00,Man City,Man United,1,2,A,0,2,22,11,5,7,16,3,10,10,3,2,0,0,-1,-2,0,1,0
2019/2020,2019-12-08 00:00:00,Aston Villa,Leicester,1,4,A,1,2,15,23,2,8,8,5,21,15,6,2,0,0,-3,-1,0,1,0
2019/2020,2019-12-08 00:00:00,Newcastle,Southampton,2,1,H,0,0,12,19,6,4,3,12,11,17,1,3,0,0,1,0,1,0,0
2019/2020,2019-12-08 00:00:00,Norwich,Sheffield United,1,2,A,1,0,14,9,4,3,9,1,6,12,0,4,0,0,-1,1,0,1,0
2019/2020,2019-12-08 00:00:00,Brighton,Wolves,2,2,D,2,2,13,13,4,5,3,4,10,7,3,0,0,0,0,0,0,0,1
2019/2020,2019-12-09 00:00:00,West Ham,Arsenal,1,3,A,1,0,11,10,4,3,4,3,12,6,2,0,0,0,-2,1,0,1,0
2019/2020,2019-12-14 00:00:00,Liverpool,Watford,2,0,H,1,0,16,8,6,2,6,3,8,6,2,1,0,0,2,1,1,0,0
2019/2020,2019-12-14 00:00:00,Burnley,Newcastle,1,0,H,0,0,7,9,4,0,4,3,15,12,0,2,0,0,1,0,1,0,0
2019/2020,2019-12-14 00:00:00,Chelsea,Bournemouth,0,1,A,0,0,18,11,5,2,9,4,9,14,1,2,0,0,-1,0,0,1,0
2019/2020,2019-12-14 00:00:00,Leicester,Norwich,1,1,D,1,1,18,10,5,3,12,4,11,15,0,4,0,0,0,0,0,0,1
2019/2020,2019-12-14 00:00:00,Sheffield United,Aston Villa,2,0,H,0,0,7,8,3,0,3,2,10,9,2,2,0,0,2,0,1,0,0
2019/2020,2019-12-14 00:00:00,Southampton,West Ham,0,1,A,0,1,11,11,2,4,5,8,9,14,1,3,0,0,-1,-1,0,1,0
2019/2020,2019-12-15 00:00:00,Man United,Everton,1,1,D,0,1,24,8,8,3,6,5,10,12,1,2,0,0,0,-1,0,0,1
2019/2020,2019-12-15 00:00:00,Wolves,Tottenham,1,2,A,0,1,18,9,5,5,11,2,14,10,4,4,0,0,-1,-1,0,1,0
2019/2020,2019-12-15 00:00:00,Arsenal,Man City,0,3,A,0,3,6,14,1,7,3,3,9,24,1,4,0,0,-3,-3,0,1,0
2019/2020,2019-12-16 00:00:00,Crystal Palace,Brighton,1,1,D,0,0,11,15,4,10,3,7,7,12,1,1,0,0,0,0,0,0,1
2019/2020,2019-12-21 00:00:00,Everton,Arsenal,0,0,D,0,0,9,6,0,2,5,4,10,11,2,3,0,0,0,0,0,0,1
2019/2020,2019-12-21 00:00:00,Aston Villa,Southampton,1,3,A,0,2,19,17,6,8,7,5,16,15,2,1,0,0,-2,-2,0,1,0
2019/2020,2019-12-21 00:00:00,Bournemouth,Burnley,0,1,A,0,0,3,2,0,1,4,5,13,21,2,4,0,0,-1,0,0,1,0
2019/2020,2019-12-21 00:00:00,Brighton,Sheffield United,0,1,A,0,1,9,7,2,2,4,3,6,11,1,3,0,0,-1,-1,0,1,0
2019/2020,2019-12-21 00:00:00,Newcastle,Crystal Palace,1,0,H,0,0,8,16,3,4,4,5,12,11,2,0,0,0,1,0,1,0,0
2019/2020,2019-12-21 00:00:00,Norwich,Wolves,1,2,A,1,0,13,14,7,4,3,11,7,14,2,4,0,0,-1,1,0,1,0
2019/2020,2019-12-21 00:00:00,Man City,Leicester,3,1,H,2,1,23,5,12,2,6,1,14,9,2,2,0,0,2,1,1,0,0
2019/2020,2019-12-22 00:00:00,Watford,Man United,2,0,H,0,0,11,17,3,8,3,5,16,11,3,1,0,0,2,0,1,0,0
2019/2020,2019-12-22 00:00:00,Tottenham,Chelsea,0,2,A,0,2,5,13,1,3,3,5,9,11,4,3,1,0,-2,-2,0,1,0
2019/2020,2019-12-26 00:00:00,Tottenham,Brighton,2,1,H,0,1,11,11,5,5,9,2,10,9,4,2,0,0,1,-1,1,0,0
2019/2020,2019-12-26 00:00:00,Aston Villa,Norwich,1,0,H,0,0,11,16,2,6,5,8,15,12,2,3,0,0,1,0,1,0,0
2019/2020,2019-12-26 00:00:00,Bournemouth,Arsenal,1,1,D,1,0,12,17,4,2,8,3,5,13,4,4,0,0,0,1,0,0,1
2019/2020,2019-12-26 00:00:00,Chelsea,Southampton,0,2,A,0,1,10,5,3,3,8,1,10,9,3,2,0,0,-2,-1,0,1,0
2019/2020,2019-12-26 00:00:00,Crystal Palace,West Ham,2,1,H,0,0,13,10,4,2,7,6,5,10,0,2,0,0,1,0,1,0,0
2019/2020,2019-12-26 00:00:00,Everton,Burnley,1,0,H,0,0,21,6,5,0,10,2,15,14,0,0,0,0,1,0,1,0,0
2019/2020,2019-12-26 00:00:00,Sheffield United,Watford,1,1,D,1,1,16,5,4,2,9,1,11,8,1,3,0,0,0,0,0,0,1
2019/2020,2019-12-26 00:00:00,Man United,Newcastle,4,1,H,3,1,22,7,10,2,5,0,10,7,2,2,0,0,3,2,1,0,0
2019/2020,2019-12-26 00:00:00,Leicester,Liverpool,0,4,A,0,1,3,15,0,6,2,8,5,7,1,1,0,0,-4,-1,0,1,0
2019/2020,2019-12-27 00:00:00,Wolves,Man City,3,2,H,0,1,20,7,8,3,3,1,7,13,0,1,0,1,1,-1,1,0,0
2019/2020,2019-12-28 00:00:00,Brighton,Bournemouth,2,0,H,1,0,16,10,6,2,9,2,8,11,0,2,0,0,2,1,1,0,0
2019/2020,2019-12-28 00:00:00,Newcastle,Everton,1,2,A,0,1,20,22,5,9,5,8,13,13,2,2,0,0,-1,-1,0,1,0
2019/2020,2019-12-28 00:00:00,Southampton,Crystal Palace,1,1,D,0,0,14,5,5,2,12,4,13,7,1,2,0,0,0,0,0,0,1
2019/2020,2019-12-28 00:00:00,Watford,Aston Villa,3,0,H,1,0,20,11,6,2,6,3,16,9,3,1,1,0,3,1,1,0,0
2019/2020,2019-12-28 00:00:00,Norwich,Tottenham,2,2,D,1,0,5,15,2,7,4,6,12,10,3,3,0,0,0,1,0,0,1
2019/2020,2019-12-28 00:00:00,West Ham,Leicester,1,2,A,1,1,14,13,4,8,5,5,16,4,4,1,0,0,-1,0,0,1,0
2019/2020,2019-12-28 00:00:00,Burnley,Man United,0,2,A,0,1,8,14,1,5,5,4,17,10,4,3,0,0,-2,-1,0,1,0
2019/2020,2019-12-29 00:00:00,Arsenal,Chelsea,1,2,A,1,0,7,13,2,4,2,3,13,19,5,4,0,0,-1,1,0,1,0
2019/2020,2019-12-29 00:00:00,Liverpool,Wolves,1,0,H,1,0,10,10,3,2,5,6,7,3,1,0,0,0,1,1,1,0,0
2019/2020,2019-12-29 00:00:00,Man City,Sheffield United,2,0,H,0,0,16,8,4,0,8,5,5,6,1,1,0,0,2,0,1,0,0
2019/2020,2020-01-01 00:00:00,Brighton,Chelsea,1,1,D,0,1,16,16,5,5,5,3,8,15,2,3,0,0,0,-1,0,0,1
2019/2020,2020-01-01 00:00:00,Burnley,Aston Villa,1,2,A,0,2,20,11,1,6,8,4,12,10,1,1,0,0,-1,-2,0,1,0
2019/2020,2020-01-01 00:00:00,Newcastle,Leicester,0,3,A,0,2,5,17,2,10,4,5,8,12,1,1,0,0,-3,-2,0,1,0
2019/2020,2020-01-01 00:00:00,Southampton,Tottenham,1,0,H,1,0,12,11,3,5,6,9,21,8,3,4,0,0,1,1,1,0,0
2019/2020,2020-01-01 00:00:00,Watford,Wolves,2,1,H,1,0,9,16,3,4,4,7,12,6,3,1,1,0,1,1,1,0,0
2019/2020,2020-01-01 00:00:00,Man City,Everton,2,1,H,0,0,16,7,7,2,3,6,11,11,0,4,0,0,1,0,1,0,0
2019/2020,2020-01-01 00:00:00,Norwich,Crystal Palace,1,1,D,1,0,15,12,4,3,2,5,12,9,5,0,0,0,0,1,0,0,1
2019/2020,2020-01-01 00:00:00,West Ham,Bournemouth,4,0,H,3,0,14,3,7,2,9,2,3,12,1,2,0,0,4,3,1,0,0
2019/2020,2020-01-01 00:00:00,Arsenal,Man United,2,0,H,2,0,10,10,4,4,1,4,11,15,2,0,0,0,2,2,1,0,0
2019/2020,2020-01-02 00:00:00,Liverpool,Sheffield United,2,0,H,1,0,19,3,7,2,8,4,5,8,0,0,0,0,2,1,1,0,0
2019/2020,2020-01-10 00:00:00,Sheffield United,West Ham,1,0,H,0,0,13,7,3,2,7,3,11,6,1,0,0,0,1,0,1,0,0
2019/2020,2020-01-11 00:00:00,Crystal Palace,Arsenal,1,1,D,0,1,6,7,3,4,1,4,14,22,2,3,0,1,0,-1,0,0,1
2019/2020,2020-01-11 00:00:00,Chelsea,Burnley,3,0,H,2,0,18,7,8,2,10,3,7,4,0,3,0,0,3,2,1,0,0
2019/2020,2020-01-11 00:00:00,Everton,Brighton,1,0,H,1,0,14,9,6,2,4,3,7,7,2,1,0,0,1,1,1,0,0
2019/2020,2020-01-11 00:00:00,Leicester,Southampton,1,2,A,1,1,5,16,5,10,2,4,9,17,0,3,0,0,-1,0,0,1,0
2019/2020,2020-01-11 00:00:00,Man United,Norwich,4,0,H,1,0,13,8,6,3,4,2,18,7,0,0,0,0,4,1,1,0,0
2019/2020,2020-01-11 00:00:00,Wolves,Newcastle,1,1,D,1,1,9,5,4,1,5,2,13,12,0,3,0,0,0,0,0,0,1
2019/2020,2020-01-11 00:00:00,Tottenham,Liverpool,0,1,A,0,1,14,13,4,7,4,3,4,8,0,2,0,0,-1,-1,0,1,0
2019/2020,2020-01-12 00:00:00,Bournemouth,Watford,0,3,A,0,1,10,18,1,6,5,5,3,13,1,1,0,0,-3,-1,0,1,0
2019/2020,2020-01-12 00:00:00,Aston Villa,Man City,1,6,A,0,4,7,22,1,12,2,4,5,12,2,1,0,0,-5,-4,0,1,0
2019/2020,2020-01-18 00:00:00,Watford,Tottenham,0,0,D,0,0,15,17,2,5,3,3,13,13,2,3,0,0,0,0,0,0,1
2019/2020,2020-01-18 00:00:00,Arsenal,Sheffield United,1,1,D,1,0,11,12,4,4,4,5,9,13,1,2,0,0,0,1,0,0,1
2019/2020,2020-01-18 00:00:00,Brighton,Aston Villa,1,1,D,1,0,10,8,2,3,3,4,11,13,3,3,0,0,0,1,0,0,1
2019/2020,2020-01-18 00:00:00,Man City,Crystal Palace,2,2,D,0,1,25,5,6,3,14,2,9,7,1,2,0,0,0,-1,0,0,1
2019/2020,2020-01-18 00:00:00,Norwich,Bournemouth,1,0,H,1,0,16,6,5,3,4,5,10,10,2,2,1,1,1,1,1,0,0
2019/2020,2020-01-18 00:00:00,Southampton,Wolves,2,3,A,2,0,11,8,5,4,1,3,13,12,2,1,0,0,-1,2,0,1,0
2019/2020,2020-01-18 00:00:00,West Ham,Everton,1,1,D,1,1,12,11,6,3,7,6,11,13,1,0,0,0,0,0,0,0,1
2019/2020,2020-01-18 00:00:00,Newcastle,Chelsea,1,0,H,0,0,7,19,2,4,1,10,9,14,1,1,0,0,1,0,1,0,0
2019/2020,2020-01-19 00:00:00,Burnley,Leicester,2,1,H,0,1,8,18,5,8,4,5,14,8,1,0,0,0,1,-1,1,0,0
2019/2020,2020-01-19 00:00:00,Liverpool,Man United,2,0,H,1,0,16,9,5,4,11,5,7,10,1,3,0,0,2,1,1,0,0
2019/2020,2020-01-21 00:00:00,Aston Villa,Watford,2,1,H,0,1,16,8,5,2,6,3,11,18,2,2,0,0,1,-1,1,0,0
2019/2020,2020-01-21 00:00:00,Bournemouth,Brighton,3,1,H,2,0,11,21,3,8,5,8,9,12,1,1,0,0,2,2,1,0,0
2019/2020,2020-01-21 00:00:00,Crystal Palace,Southampton,0,2,A,0,1,6,15,0,6,0,8,12,13,1,2,0,0,-2,-1,0,1,0
2019/2020,2020-01-21 00:00:00,Everton,Newcastle,2,2,D,1,0,17,8,8,2,6,4,13,10,1,1,0,0,0,1,0,0,1
2019/2020,2020-01-21 00:00:00,Sheffield United,Man City,0,1,A,0,0,4,18,1,5,5,13,13,13,4,3,0,0,-1,0,0,1,0
2019/2020,2020-01-21 00:00:00,Chelsea,Arsenal,2,2,D,1,0,19,2,8,2,17,5,11,6,2,1,0,1,0,1,0,0,1
2019/2020,2020-01-22 00:00:00,Leicester,West Ham,4,1,H,2,0,19,6,8,2,7,8,10,19,1,1,0,0,3,2,1,0,0
2019/2020,2020-01-22 00:00:00,Tottenham,Norwich,2,1,H,1,0,14,12,3,2,7,3,12,7,0,1,0,0,1,1,1,0,0
2019/2020,2020-01-22 00:00:00,Man United,Burnley,0,2,A,0,1,24,5,7,2,5,2,11,7,0,2,0,0,-2,-1,0,1,0
2019/2020,2020-01-23 00:00:00,Wolves,Liverpool,1,2,A,0,1,10,13,3,6,2,4,6,11,0,1,0,0,-1,-1,0,1,0
2019/2020,2020-01-29 00:00:00,West Ham,Liverpool,0,2,A,0,1,7,13,4,5,3,7,6,6,2,0,0,0,-2,-1,0,1,0
2019/2020,2020-02-01 00:00:00,Leicester,Chelsea,2,2,D,0,0,14,7,4,3,4,6,16,14,2,2,0,0,0,0,0,0,1
2019/2020,2020-02-01 00:00:00,Bournemouth,Aston Villa,2,1,H,2,0,16,18,6,5,1,8,10,15,1,3,1,0,1,2,1,0,0
2019/2020,2020-02-01 00:00:00,Crystal Palace,Sheffield United,0,1,A,0,0,13,10,3,3,9,5,9,15,3,2,0,0,-1,0,0,1,0
2019/2020,2020-02-01 00:00:00,Liverpool,Southampton,4,0,H,0,0,16,17,9,4,6,11,9,15,0,2,0,0,4,0,1,0,0
2019/2020,2020-02-01 00:00:00,Newcastle,Norwich,0,0,D,0,0,15,19,5,4,8,12,10,15,2,1,0,0,0,0,0,0,1
2019/2020,2020-02-01 00:00:00,Watford,Everton,2,3,A,2,2,11,12,2,5,4,4,17,14,2,2,0,1,-1,0,0,1,0
2019/2020,2020-02-01 00:00:00,West Ham,Brighton,3,3,D,2,0,12,19,6,6,4,6,8,9,1,1,0,0,0,2,0,0,1
2019/2020,2020-02-01 00:00:00,Man United,Wolves,0,0,D,0,0,15,14,5,3,4,6,14,15,3,2,0,0,0,0,0,0,1
2019/2020,2020-02-02 00:00:00,Burnley,Arsenal,0,0,D,0,0,15,13,2,2,5,7,8,11,1,3,0,0,0,0,0,0,1
2019/2020,2020-02-02 00:00:00,Tottenham,Man City,2,0,H,0,0,3,18,3,5,2,6,8,14,2,3,0,1,2,0,1,0,0
2019/2020,2020-02-08 00:00:00,Everton,Crystal Palace,3,1,H,1,0,14,10,8,2,4,6,11,12,0,1,0,0,2,1,1,0,0
2019/2020,2020-02-08 00:00:00,Brighton,Watford,1,1,D,0,1,10,5,2,2,3,2,9,12,2,2,0,0,0,-1,0,0,1
2019/2020,2020-02-09 00:00:00,Sheffield United,Bournemouth,2,1,H,1,1,16,10,6,2,8,4,10,8,2,2,0,0,1,0,1,0,0
2019/2020,2020-02-14 00:00:00,Wolves,Leicester,0,0,D,0,0,15,9,3,3,7,0,13,10,2,2,0,1,0,0,0,0,1
2019/2020,2020-02-15 00:00:00,Southampton,Burnley,1,2,A,1,1,10,9,2,6,4,3,8,11,2,2,0,0,-1,0,0,1,0
2019/2020,2020-02-15 00:00:00,Norwich,Liverpool,0,1,A,0,0,5,17,1,6,2,7,5,11,1,2,0,0,-1,0,0,1,0
2019/2020,2020-02-16 00:00:00,Aston Villa,Tottenham,2,3,A,1,2,18,23,4,10,12,7,12,10,2,0,0,0,-1,-1,0,1,0
2019/2020,2020-02-16 00:00:00,Arsenal,Newcastle,4,0,H,0,0,15,10,7,2,5,6,15,9,2,0,0,0,4,0,1,0,0
2019/2020,2020-02-17 00:00:00,Chelsea,Man United,0,2,A,0,1,17,9,1,3,9,8,11,11,4,3,0,0,-2,-1,0,1,0
2019/2020,2020-02-19 00:00:00,Man City,West Ham,2,0,H,1,0,20,3,7,0,6,1,5,7,0,1,0,0,2,1,1,0,0
2019/2020,2020-02-22 00:00:00,Chelsea,Tottenham,2,1,H,1,0,17,5,7,3,3,5,14,14,1,2,0,0,1,1,1,0,0
2019/2020,2020-02-22 00:00:00,Burnley,Bournemouth,3,0,H,0,0,16,12,10,4,7,3,9,9,4,3,0,0,3,0,1,0,0
2019/2020,2020-02-22 00:00:00,Crystal Palace,Newcastle,1,0,H,1,0,18,8,9,2,7,5,15,11,2,6,0,1,1,1,1,0,0
2019/2020,2020-02-22 00:00:00,Sheffield United,Brighton,1,1,D,1,1,14,8,3,2,12,2,3,6,0,2,0,0,0,0,0,0,1
2019/2020,2020-02-22 00:00:00,Southampton,Aston Villa,2,0,H,1,0,28,4,9,1,9,6,13,17,1,4,0,0,2,1,1,0,0
2019/2020,2020-02-22 00:00:00,Leicester,Man City,0,1,A,0,0,10,18,3,7,3,7,14,10,0,0,0,0,-1,0,0,1,0
2019/2020,2020-02-23 00:00:00,Man United,Watford,3,0,H,1,0,21,7,9,2,3,5,6,15,0,1,0,0,3,1,1,0,0
2019/2020,2020-02-23 00:00:00,Wolves,Norwich,3,0,H,2,0,19,6,6,4,4,1,11,6,2,3,0,0,3,2,1,0,0
2019/2020,2020-02-23 00:00:00,Arsenal,Everton,3,2,H,2,2,9,17,4,5,6,3,12,12,0,4,0,0,1,0,1,0,0
2019/2020,2020-02-24 00:00:00,Liverpool,West Ham,3,2,H,1,1,25,7,7,4,16,8,4,10,0,3,0,0,1,0,1,0,0
2019/2020,2020-02-28 00:00:00,Norwich,Leicester,1,0,H,0,0,11,19,6,4,6,7,13,16,1,2,0,0,1,0,1,0,0
2019/2020,2020-02-29 00:00:00,Brighton,Crystal Palace,0,1,A,0,0,24,12,8,3,8,7,8,9,1,1,0,0,-1,0,0,1,0
2019/2020,2020-02-29 00:00:00,Bournemouth,Chelsea,2,2,D,0,1,9,23,5,6,4,14,8,5,2,2,0,0,0,-1,0,0,1
2019/2020,2020-02-29 00:00:00,Newcastle,Burnley,0,0,D,0,0,21,8,4,1,11,7,11,9,4,3,0,0,0,0,0,0,1
2019/2020,2020-02-29 00:00:00,West Ham,Southampton,3,1,H,2,1,14,10,7,2,4,9,8,11,1,1,0,0,2,1,1,0,0
2019/2020,2020-02-29 00:00:00,Watford,Liverpool,3,0,H,0,0,14,7,5,1,3,5,4,8,0,0,0,0,3,0,1,0,0
2019/2020,2020-03-01 00:00:00,Everton,Man United,1,1,D,1,1,16,14,5,5,13,8,11,11,3,4,0,0,0,0,0,0,1
2019/2020,2020-03-01 00:00:00,Tottenham,Wolves,2,3,A,2,1,13,14,5,4,4,5,12,14,3,2,0,0,-1,1,0,1,0
2019/2020,2020-03-07 00:00:00,Liverpool,Bournemouth,2,1,H,2,1,14,6,6,4,9,4,10,12,0,1,0,0,1,1,1,0,0
2019/2020,2020-03-07 00:00:00,Arsenal,West Ham,1,0,H,0,0,9,14,2,6,6,7,11,9,1,2,0,0,1,0,1,0,0
2019/2020,2020-03-07 00:00:00,Crystal Palace,Watford,1,0,H,1,0,10,10,3,4,8,8,12,19,4,4,0,0,1,1,1,0,0
2019/2020,2020-03-07 00:00:00,Sheffield United,Norwich,1,0,H,1,0,10,12,4,5,10,5,12,8,0,0,0,0,1,1,1,0,0
2019/2020,2020-03-07 00:00:00,Southampton,Newcastle,0,1,A,0,0,6,14,3,7,5,8,14,15,0,3,1,0,-1,0,0,1,0
2019/2020,2020-03-07 00:00:00,Wolves,Brighton,0,0,D,0,0,11,7,1,1,2,0,4,7,1,3,0,0,0,0,0,0,1
2019/2020,2020-03-07 00:00:00,Burnley,Tottenham,1,1,D,1,0,21,13,8,2,3,5,16,11,5,4,0,0,0,1,0,0,1
2019/2020,2020-03-08 00:00:00,Chelsea,Everton,4,0,H,2,0,17,3,11,1,6,1,8,10,1,2,0,0,4,2,1,0,0
2019/2020,2020-03-08 00:00:00,Man United,Man City,2,0,H,1,0,12,7,6,2,2,11,11,9,2,4,0,0,2,1,1,0,0
2019/2020,2020-03-09 00:00:00,Leicester,Aston Villa,4,0,H,1,0,15,4,7,1,9,0,15,12,2,1,0,0,4,1,1,0,0
2019/2020,2020-06-17 00:00:00,Aston Villa,Sheffield United,0,0,D,0,0,14,5,6,1,12,4,11,14,1,1,0,0,0,0,0,0,1
2019/2020,2020-06-17 00:00:00,Man City,Arsenal,3,0,H,1,0,20,3,12,0,5,2,9,7,1,1,0,1,3,1,1,0,0
2019/2020,2020-06-19 00:00:00,Norwich,Southampton,0,3,A,0,0,9,22,1,9,9,7,9,15,1,1,0,0,-3,0,0,1,0
2019/2020,2020-06-19 00:00:00,Tottenham,Man United,1,1,D,1,0,10,12,3,6,7,6,17,18,0,1,0,0,0,1,0,0,1
2019/2020,2020-06-20 00:00:00,Watford,Leicester,1,1,D,0,0,8,15,4,2,2,7,15,12,0,1,0,0,0,0,0,0,1
2019/2020,2020-06-20 00:00:00,Brighton,Arsenal,2,1,H,0,0,9,13,5,6,10,7,13,8,2,1,0,0,1,0,1,0,0
2019/2020,2020-06-20 00:00:00,West Ham,Wolves,0,2,A,0,0,7,10,2,6,5,7,8,7,1,1,0,0,-2,0,0,1,0
2019/2020,2020-06-20 00:00:00,Bournemouth,Crystal Palace,0,2,A,0,2,12,7,1,2,11,4,13,15,3,2,0,0,-2,-2,0,1,0
2019/2020,2020-06-21 00:00:00,Newcastle,Sheffield United,3,0,H,0,0,12,7,8,1,2,4,9,10,2,0,0,1,3,0,1,0,0
2019/2020,2020-06-21 00:00:00,Aston Villa,Chelsea,1,2,A,1,0,8,19,4,5,2,10,9,17,2,1,0,0,-1,1,0,1,0
2019/2020,2020-06-21 00:00:00,Everton,Liverpool,0,0,D,0,0,9,10,3,3,1,6,15,12,2,2,0,0,0,0,0,0,1
2019/2020,2020-06-22 00:00:00,Man City,Burnley,5,0,H,3,0,19,1,7,0,3,1,8,7,1,1,0,0,5,3,1,0,0
2019/2020,2020-06-23 00:00:00,Leicester,Brighton,0,0,D,0,0,11,10,2,2,6,7,10,13,2,2,0,0,0,0,0,0,1
2019/2020,2020-06-23 00:00:00,Tottenham,West Ham,2,0,H,0,0,15,10,4,2,9,4,12,7,2,2,0,0,2,0,1,0,0
2019/2020,2020-06-24 00:00:00,Man United,Sheffield United,3,0,H,2,0,15,4,6,1,10,5,10,6,1,0,0,0,3,2,1,0,0
2019/2020,2020-06-24 00:00:00,Newcastle,Aston Villa,1,1,D,0,0,13,14,3,2,6,9,15,13,2,2,0,0,0,0,0,0,1
2019/2020,2020-06-24 00:00:00,Norwich,Everton,0,1,A,0,0,9,12,1,5,6,5,8,13,0,1,0,0,-1,0,0,1,0
2019/2020,2020-06-24 00:00:00,Wolves,Bournemouth,1,0,H,0,0,10,4,2,0,6,4,11,11,3,3,0,0,1,0,1,0,0
2019/2020,2020-06-24 00:00:00,Liverpool,Crystal Palace,4,0,H,2,0,21,3,7,0,6,0,7,5,0,0,0,0,4,2,1,0,0
2019/2020,2020-06-25 00:00:00,Burnley,Watford,1,0,H,0,0,9,10,5,4,1,7,13,15,1,0,0,0,1,0,1,0,0
2019/2020,2020-06-25 00:00:00,Southampton,Arsenal,0,2,A,0,1,12,10,3,5,4,6,10,14,0,2,1,0,-2,-1,0,1,0
2019/2020,2020-06-25 00:00:00,Chelsea,Man City,2,1,H,1,0,15,11,10,2,5,7,13,3,1,1,0,1,1,1,1,0,0
2019/2020,2020-06-27 00:00:00,Aston Villa,Wolves,0,1,A,0,0,11,9,1,2,2,2,16,16,1,1,0,0,-1,0,0,1,0
2019/2020,2020-06-28 00:00:00,Watford,Southampton,1,3,A,0,1,8,11,0,7,5,3,18,9,3,0,0,0,-2,-1,0,1,0
2019/2020,2020-06-29 00:00:00,Crystal Palace,Burnley,0,1,A,0,0,17,8,4,4,9,1,12,13,1,1,0,0,-1,0,0,1,0
2019/2020,2020-06-30 00:00:00,Brighton,Man United,0,3,A,0,2,8,12,2,6,4,5,10,9,0,1,0,0,-3,-2,0,1,0
2019/2020,2020-07-01 00:00:00,Arsenal,Norwich,4,0,H,2,0,13,8,8,2,6,2,10,10,1,4,0,0,4,2,1,0,0
2019/2020,2020-07-01 00:00:00,Bournemouth,Newcastle,1,4,A,0,2,12,12,1,7,6,3,11,10,2,0,0,0,-3,-2,0,1,0
2019/2020,2020-07-01 00:00:00,Everton,Leicester,2,1,H,2,0,7,15,2,3,3,5,13,10,1,1,0,0,1,2,1,0,0
2019/2020,2020-07-01 00:00:00,West Ham,Chelsea,3,2,H,1,1,10,17,4,6,2,3,10,9,2,1,0,0,1,0,1,0,0
2019/2020,2020-07-02 00:00:00,Sheffield United,Tottenham,3,1,H,1,0,7,9,5,2,1,6,13,13,2,0,0,0,2,1,1,0,0
2019/2020,2020-07-02 00:00:00,Man City,Liverpool,4,0,H,3,0,14,11,6,3,3,3,8,7,2,2,0,0,4,3,1,0,0
2019/2020,2020-07-04 00:00:00,Norwich,Brighton,0,1,A,0,1,12,8,1,2,0,2,11,13,2,2,0,0,-1,-1,0,1,0
2019/2020,2020-07-04 00:00:00,Leicester,Crystal Palace,3,0,H,0,0,15,7,4,1,3,7,18,8,2,1,0,0,3,0,1,0,0
2019/2020,2020-07-04 00:00:00,Man United,Bournemouth,5,2,H,3,1,19,7,10,3,8,3,13,12,0,1,0,0,3,2,1,0,0
2019/2020,2020-07-04 00:00:00,Wolves,Arsenal,0,2,A,0,1,10,8,1,5,3,5,6,11,2,4,0,0,-2,-1,0,1,0
2019/2020,2020-07-04 00:00:00,Chelsea,Watford,3,0,H,2,0,21,7,9,3,5,3,9,12,0,2,0,0,3,2,1,0,0
2019/2020,2020-07-05 00:00:00,Burnley,Sheffield United,1,1,D,1,0,9,10,4,3,3,9,8,14,0,0,0,0,0,1,0,0,1
2019/2020,2020-07-05 00:00:00,Newcastle,West Ham,2,2,D,1,1,11,17,4,7,6,4,9,11,0,0,0,0,0,0,0,0,1
2019/2020,2020-07-05 00:00:00,Liverpool,Aston Villa,2,0,H,0,0,6,9,4,3,7,5,18,8,1,1,0,0,2,0,1,0,0
2019/2020,2020-07-05 00:00:00,Southampton,Man City,1,0,H,1,0,8,26,4,6,2,13,6,7,1,2,0,0,1,1,1,0,0
2019/2020,2020-07-06 00:00:00,Tottenham,Everton,1,0,H,1,0,12,11,2,3,5,6,14,18,3,2,0,0,1,1,1,0,0
2019/2020,2020-07-07 00:00:00,Crystal Palace,Chelsea,2,3,A,1,2,13,14,4,6,7,9,11,10,1,0,0,0,-1,-1,0,1,0
2019/2020,2020-07-07 00:00:00,Watford,Norwich,2,1,H,1,1,9,12,4,3,4,3,11,15,2,4,0,0,1,0,1,0,0
2019/2020,2020-07-07 00:00:00,Arsenal,Leicester,1,1,D,1,0,11,13,7,5,10,1,10,14,1,0,1,0,0,1,0,0,1
2019/2020,2020-07-08 00:00:00,Man City,Newcastle,5,0,H,2,0,23,6,9,1,8,1,12,7,0,0,0,0,5,2,1,0,0
2019/2020,2020-07-08 00:00:00,Sheffield United,Wolves,1,0,H,0,0,7,6,3,1,6,1,5,6,2,0,0,0,1,0,1,0,0
2019/2020,2020-07-08 00:00:00,West Ham,Burnley,0,1,A,0,1,21,8,5,4,10,3,7,7,1,1,0,0,-1,-1,0,1,0
2019/2020,2020-07-08 00:00:00,Brighton,Liverpool,1,3,A,1,2,12,19,2,8,6,10,7,15,1,4,0,0,-2,-1,0,1,0
2019/2020,2020-07-09 00:00:00,Bournemouth,Tottenham,0,0,D,0,0,9,9,2,0,8,12,11,14,3,2,0,0,0,0,0,0,1
2019/2020,2020-07-09 00:00:00,Everton,Southampton,1,1,D,1,1,11,17,4,4,3,5,13,14,3,3,0,0,0,0,0,0,1
2019/2020,2020-07-09 00:00:00,Aston Villa,Man United,0,3,A,0,2,9,14,1,6,3,5,7,13,2,3,0,0,-3,-2,0,1,0
2019/2020,2020-07-11 00:00:00,Norwich,West Ham,0,4,A,0,2,11,19,2,7,1,6,9,8,1,0,0,0,-4,-2,0,1,0
2019/2020,2020-07-11 00:00:00,Watford,Newcastle,2,1,H,0,1,17,8,5,4,2,4,23,15,1,4,0,0,1,-1,1,0,0
2019/2020,2020-07-11 00:00:00,Liverpool,Burnley,1,1,D,1,0,23,6,9,2,12,6,7,4,1,2,0,0,0,1,0,0,1
2019/2020,2020-07-11 00:00:00,Sheffield United,Chelsea,3,0,H,2,0,9,15,4,4,4,6,8,6,1,0,0,0,3,2,1,0,0
2019/2020,2020-07-11 00:00:00,Brighton,Man City,0,5,A,0,2,3,26,0,8,2,7,7,3,1,0,0,0,-5,-2,0,1,0
2019/2020,2020-07-12 00:00:00,Wolves,Everton,3,0,H,1,0,14,6,7,2,5,2,9,9,0,2,0,0,3,1,1,0,0
2019/2020,2020-07-12 00:00:00,Aston Villa,Crystal Palace,2,0,H,1,0,12,9,9,5,5,1,21,21,2,4,0,1,2,1,1,0,0
2019/2020,2020-07-12 00:00:00,Tottenham,Arsenal,2,1,H,1,1,15,13,9,4,6,5,16,11,5,3,0,0,1,0,1,0,0
2019/2020,2020-07-12 00:00:00,Bournemouth,Leicester,4,1,H,0,1,10,13,4,5,2,6,11,12,2,1,0,1,3,-1,1,0,0
2019/2020,2020-07-13 00:00:00,Man United,Southampton,2,2,D,2,1,8,9,4,5,4,6,14,15,1,3,0,0,0,1,0,0,1
2019/2020,2020-07-14 00:00:00,Chelsea,Norwich,1,0,H,1,0,22,2,6,0,8,1,10,9,2,2,0,0,1,1,1,0,0
2019/2020,2020-07-15 00:00:00,Burnley,Wolves,1,1,D,0,0,9,14,1,5,3,8,10,8,0,0,0,0,0,0,0,0,1
2019/2020,2020-07-15 00:00:00,Man City,Bournemouth,2,1,H,2,0,8,15,4,3,3,5,10,10,1,1,0,0,1,2,1,0,0
2019/2020,2020-07-15 00:00:00,Newcastle,Tottenham,1,3,A,0,1,22,8,6,5,5,4,6,13,2,3,0,0,-2,-1,0,1,0
2019/2020,2020-07-15 00:00:00,Arsenal,Liverpool,2,1,H,2,1,3,24,2,8,2,13,14,10,3,1,0,0,1,1,1,0,0
2019/2020,2020-07-16 00:00:00,Everton,Aston Villa,1,1,D,0,0,9,15,1,1,5,5,15,13,2,1,0,0,0,0,0,0,1
2019/2020,2020-07-16 00:00:00,Leicester,Sheffield United,2,0,H,1,0,15,5,7,1,9,5,12,10,1,2,0,0,2,1,1,0,0
2019/2020,2020-07-16 00:00:00,Crystal Palace,Man United,0,2,A,0,1,13,17,5,5,2,7,10,15,1,2,0,0,-2,-1,0,1,0
2019/2020,2020-07-16 00:00:00,Southampton,Brighton,1,1,D,0,1,21,10,6,2,8,2,6,10,1,0,0,0,0,-1,0,0,1
2019/2020,2020-07-17 00:00:00,West Ham,Watford,3,1,H,3,0,10,14,4,3,9,3,11,11,0,2,0,0,2,3,1,0,0
2019/2020,2020-07-18 00:00:00,Norwich,Burnley,0,2,A,0,1,6,23,2,8,6,8,9,16,0,0,2,0,-2,-1,0,1,0
2019/2020,2020-07-19 00:00:00,Bournemouth,Southampton,0,2,A,0,1,11,16,3,8,12,6,12,11,2,2,0,0,-2,-1,0,1,0
2019/2020,2020-07-19 00:00:00,Tottenham,Leicester,3,0,H,3,0,7,24,3,6,4,13,15,10,2,1,0,0,3,3,1,0,0
2019/2020,2020-07-20 00:00:00,Brighton,Newcastle,0,0,D,0,0,11,12,3,1,9,7,13,12,4,2,0,0,0,0,0,0,1
2019/2020,2020-07-20 00:00:00,Sheffield United,Everton,0,1,A,0,0,8,5,0,2,7,1,11,19,1,3,0,0,-1,0,0,1,0
2019/2020,2020-07-20 00:00:00,Wolves,Crystal Palace,2,0,H,1,0,11,7,5,3,5,2,11,15,2,1,0,0,2,1,1,0,0
2019/2020,2020-07-21 00:00:00,Watford,Man City,0,4,A,0,2,2,26,0,10,0,8,14,11,2,0,0,0,-4,-2,0,1,0
2019/2020,2020-07-21 00:00:00,Aston Villa,Arsenal,1,0,H,1,0,8,7,3,0,8,9,13,19,2,4,0,0,1,1,1,0,0
2019/2020,2020-07-22 00:00:00,Man United,West Ham,1,1,D,0,1,11,12,4,3,2,3,10,9,3,1,0,0,0,-1,0,0,1
2019/2020,2020-07-22 00:00:00,Liverpool,Chelsea,5,3,H,3,1,10,10,7,5,6,0,8,11,1,0,0,0,2,2,1,0,0
2019/2020,2020-07-26 00:00:00,Arsenal,Watford,3,2,H,3,1,13,19,5,6,4,8,9,12,3,3,0,0,1,2,1,0,0
2019/2020,2020-07-26 00:00:00,Burnley,Brighton,1,2,A,1,1,13,14,2,4,6,7,11,11,3,0,0,0,-1,0,0,1,0
2019/2020,2020-07-26 00:00:00,Chelsea,Wolves,2,0,H,2,0,11,5,3,1,3,3,10,16,2,3,0,0,2,2,1,0,0
2019/2020,2020-07-26 00:00:00,Crystal Palace,Tottenham,1,1,D,0,1,13,7,2,2,7,2,11,13,3,2,0,0,0,-1,0,0,1
2019/2020,2020-07-26 00:00:00,Everton,Bournemouth,1,3,A,1,2,13,13,5,7,2,5,11,9,1,0,0,0,-2,-1,0,1,0
2019/2020,2020-07-26 00:00:00,Leicester,Man United,0,2,A,0,0,14,7,3,3,3,3,12,11,1,4,1,0,-2,0,0,1,0
2019/2020,2020-07-26 00:00:00,Man City,Norwich,5,0,H,2,0,31,5,10,4,9,0,7,4,1,1,0,0,5,2,1,0,0
2019/2020,2020-07-26 00:00:00,Newcastle,Liverpool,1,3,A,1,1,3,14,2,6,2,4,11,5,1,0,0,0,-2,0,0,1,0
2019/2020,2020-07-26 00:00:00,Southampton,Sheffield United,3,1,H,0,1,13,5,4,3,9,1,9,16,0,1,0,0,2,-1,1,0,0
2019/2020,2020-07-26 00:00:00,West Ham,Aston Villa,1,1,D,0,0,10,13,1,4,0,7,16,13,2,1,0,0,0,0,0,0,1
2020/2021,2020-09-12 00:00:00,Fulham,Arsenal,0,3,A,0,1,5,13,2,6,2,3,12,12,2,2,0,0,-3,-1,0,1,0
2020/2021,2020-09-12 00:00:00,Crystal Palace,Southampton,1,0,H,1,0,5,9,3,5,7,3,14,11,2,1,0,0,1,1,1,0,0
2020/2021,2020-09-12 00:00:00,Liverpool,Leeds,4,3,H,3,2,22,6,6,3,9,0,9,6,1,0,0,0,1,1,1,0,0
2020/2021,2020-09-12 00:00:00,West Ham,Newcastle,0,2,A,0,0,15,15,3,2,8,7,13,7,2,2,0,0,-2,0,0,1,0
2020/2021,2020-09-13 00:00:00,West Brom,Leicester,0,3,A,0,0,7,13,1,7,2,5,12,9,1,1,0,0,-3,0,0,1,0
2020/2021,2020-09-13 00:00:00,Tottenham,Everton,0,1,A,0,0,9,15,5,4,5,3,15,7,1,0,0,0,-1,0,0,1,0
2020/2021,2020-09-14 00:00:00,Brighton,Chelsea,1,3,A,0,1,13,10,3,5,4,3,8,13,1,0,0,0,-2,-1,0,1,0
2020/2021,2020-09-14 00:00:00,Sheffield United,Wolves,0,2,A,0,2,9,11,2,4,12,5,13,7,2,1,0,0,-2,-2,0,1,0
2020/2021,2020-09-19 00:00:00,Everton,West Brom,5,2,H,2,1,17,6,7,4,11,1,9,11,1,0,0,1,3,1,1,0,0
2020/2021,2020-09-19 00:00:00,Leeds,Fulham,4,3,H,2,1,10,14,7,6,5,3,13,18,1,2,0,0,1,1,1,0,0
2020/2021,2020-09-19 00:00:00,Man United,Crystal Palace,1,3,A,0,1,13,14,4,5,9,3,13,10,2,1,0,0,-2,-1,0,1,0
2020/2021,2020-09-19 00:00:00,Arsenal,West Ham,2,1,H,1,1,7,14,3,3,7,5,11,13,0,1,0,0,1,0,1,0,0
2020/2021,2020-09-20 00:00:00,Southampton,Tottenham,2,5,A,1,1,14,9,7,6,3,2,16,18,4,3,0,0,-3,0,0,1,0
2020/2021,2020-09-20 00:00:00,Newcastle,Brighton,0,3,A,0,2,6,13,0,6,7,1,16,15,3,0,0,1,-3,-2,0,1,0
2020/2021,2020-09-20 00:00:00,Chelsea,Liverpool,0,2,A,0,0,5,18,3,6,1,11,10,6,0,0,1,0,-2,0,0,1,0
2020/2021,2020-09-20 00:00:00,Leicester,Burnley,4,2,H,1,1,14,16,6,5,15,4,11,13,1,2,0,0,2,0,1,0,0
2020/2021,2020-09-21 00:00:00,Aston Villa,Sheffield United,1,0,H,0,0,18,4,2,1,10,4,12,13,3,1,0,1,1,0,1,0,0
2020/2021,2020-09-21 00:00:00,Wolves,Man City,1,3,A,0,2,10,14,1,9,4,6,6,8,0,3,0,0,-2,-2,0,1,0
2020/2021,2020-09-26 00:00:00,Brighton,Man United,2,3,A,1,1,18,7,5,3,7,1,18,16,4,2,0,0,-1,0,0,1,0
2020/2021,2020-09-26 00:00:00,Crystal Palace,Everton,1,2,A,1,2,8,10,1,5,7,6,16,15,3,1,0,0,-1,-1,0,1,0
2020/2021,2020-09-26 00:00:00,West Brom,Chelsea,3,3,D,3,0,9,22,3,10,3,9,8,16,1,3,0,0,0,3,0,0,1
2020/2021,2020-09-26 00:00:00,Burnley,Southampton,0,1,A,0,1,10,5,2,1,8,2,8,10,1,0,0,0,-1,-1,0,1,0
2020/2021,2020-09-27 00:00:00,Sheffield United,Leeds,0,1,A,0,0,14,17,4,9,5,7,18,4,2,1,0,0,-1,0,0,1,0
2020/2021,2020-09-27 00:00:00,Tottenham,Newcastle,1,1,D,1,0,23,6,12,1,10,4,15,9,1,4,0,0,0,1,0,0,1
2020/2021,2020-09-27 00:00:00,Man City,Leicester,2,5,A,1,1,16,7,5,7,3,4,13,8,1,3,0,0,-3,0,0,1,0
2020/2021,2020-09-27 00:00:00,West Ham,Wolves,4,0,H,1,0,15,11,7,2,1,3,7,11,0,1,0,0,4,1,1,0,0
2020/2021,2020-09-28 00:00:00,Fulham,Aston Villa,0,3,A,0,2,16,12,3,5,5,3,18,14,6,3,0,0,-3,-2,0,1,0
2020/2021,2020-09-28 00:00:00,Liverpool,Arsenal,3,1,H,2,1,21,4,8,3,7,3,11,7,2,2,0,0,2,1,1,0,0
2020/2021,2020-10-03 00:00:00,Chelsea,Crystal Palace,4,0,H,0,0,17,4,6,0,8,5,17,13,2,0,0,0,4,0,1,0,0
2020/2021,2020-10-03 00:00:00,Everton,Brighton,4,2,H,2,1,11,11,6,3,3,10,13,14,0,1,0,0,2,1,1,0,0
2020/2021,2020-10-03 00:00:00,Leeds,Man City,1,1,D,0,1,12,23,7,2,7,10,11,12,2,1,0,0,0,-1,0,0,1
2020/2021,2020-10-03 00:00:00,Newcastle,Burnley,3,1,H,1,0,10,7,5,3,3,4,13,17,2,3,0,0,2,1,1,0,0
2020/2021,2020-10-04 00:00:00,Leicester,West Ham,0,3,A,0,2,4,14,0,6,6,4,11,8,2,2,0,0,-3,-2,0,1,0
2020/2021,2020-10-04 00:00:00,Southampton,West Brom,2,0,H,1,0,13,5,7,2,5,1,19,10,2,1,0,0,2,1,1,0,0
2020/2021,2020-10-04 00:00:00,Arsenal,Sheffield United,2,1,H,0,0,6,6,5,2,2,4,3,9,0,1,0,0,1,0,1,0,0
2020/2021,2020-10-04 00:00:00,Wolves,Fulham,1,0,H,0,0,14,10,5,2,6,2,15,8,1,1,0,0,1,0,1,0,0
2020/2021,2020-10-04 00:00:00,Man United,Tottenham,1,6,A,1,4,5,22,2,8,2,4,14,10,2,1,1,0,-5,-3,0,1,0
2020/2021,2020-10-04 00:00:00,Aston Villa,Liverpool,7,2,H,4,1,18,14,11,8,2,7,7,10,2,1,0,0,5,3,1,0,0
2020/2021,2020-10-17 00:00:00,Everton,Liverpool,2,2,D,1,1,11,22,5,8,2,5,15,9,3,2,1,0,0,0,0,0,1
2020/2021,2020-10-17 00:00:00,Chelsea,Southampton,3,3,D,2,1,11,13,5,6,6,2,11,9,1,1,0,0,0,1,0,0,1
2020/2021,2020-10-17 00:00:00,Man City,Arsenal,1,0,H,1,0,13,11,5,3,6,6,15,10,4,1,0,0,1,1,1,0,0
2020/2021,2020-10-17 00:00:00,Newcastle,Man United,1,4,A,1,1,7,28,4,14,0,7,9,12,1,1,0,0,-3,0,0,1,0
2020/2021,2020-10-18 00:00:00,Sheffield United,Fulham,1,1,D,0,0,10,15,6,6,2,5,5,9,0,2,0,0,0,0,0,0,1
2020/2021,2020-10-18 00:00:00,Crystal Palace,Brighton,1,1,D,1,0,1,20,1,3,2,5,13,12,3,2,0,1,0,1,0,0,1
2020/2021,2020-10-18 00:00:00,Tottenham,West Ham,3,3,D,3,0,11,13,6,4,3,7,13,12,0,5,0,0,0,3,0,0,1
2020/2021,2020-10-18 00:00:00,Leicester,Aston Villa,0,1,A,0,0,11,10,5,4,2,7,18,18,4,3,0,0,-1,0,0,1,0
2020/2021,2020-10-19 00:00:00,West Brom,Burnley,0,0,D,0,0,13,9,6,4,8,2,15,17,2,2,0,0,0,0,0,0,1
2020/2021,2020-10-19 00:00:00,Leeds,Wolves,0,1,A,0,0,13,7,2,3,8,3,13,12,2,1,0,0,-1,0,0,1,0
2020/2021,2020-10-23 00:00:00,Aston Villa,Leeds,0,3,A,0,0,12,27,4,9,6,5,14,17,2,2,0,0,-3,0,0,1,0
2020/2021,2020-10-24 00:00:00,West Ham,Man City,1,1,D,1,0,6,14,2,7,2,10,14,6,2,0,0,0,0,1,0,0,1
2020/2021,2020-10-24 00:00:00,Fulham,Crystal Palace,1,2,A,0,1,16,14,3,10,4,4,11,11,0,1,1,0,-1,-1,0,1,0
2020/2021,2020-10-24 00:00:00,Man United,Chelsea,0,0,D,0,0,14,6,4,1,9,6,8,6,3,1,0,0,0,0,0,0,1
2020/2021,2020-10-24 00:00:00,Liverpool,Sheffield United,2,1,H,1,1,17,13,5,2,7,3,7,15,0,3,0,0,1,0,1,0,0
2020/2021,2020-10-25 00:00:00,Southampton,Everton,2,0,H,2,0,12,6,6,2,4,5,11,11,1,2,0,1,2,2,1,0,0
2020/2021,2020-10-25 00:00:00,Wolves,Newcastle,1,1,D,0,0,16,5,3,2,2,3,10,10,0,1,0,0,0,0,0,0,1
2020/2021,2020-10-25 00:00:00,Arsenal,Leicester,0,1,A,0,0,12,6,4,2,9,3,13,9,3,5,0,0,-1,0,0,1,0
2020/2021,2020-10-26 00:00:00,Brighton,West Brom,1,1,D,1,0,5,9,3,3,6,2,14,7,2,0,0,0,0,1,0,0,1
2020/2021,2020-10-26 00:00:00,Burnley,Tottenham,0,1,A,0,0,13,9,4,3,4,5,9,7,2,0,0,0,-1,0,0,1,0
2020/2021,2020-10-30 00:00:00,Wolves,Crystal Palace,2,0,H,2,0,15,11,5,2,7,6,13,4,0,2,0,1,2,2,1,0,0
2020/2021,2020-10-31 00:00:00,Sheffield United,Man City,0,1,A,0,1,5,16,1,8,2,5,14,6,0,0,0,0,-1,-1,0,1,0
2020/2021,2020-10-31 00:00:00,Burnley,Chelsea,0,3,A,0,1,5,14,0,9,3,4,10,15,1,0,0,0,-3,-1,0,1,0
2020/2021,2020-10-31 00:00:00,Liverpool,West Ham,2,1,H,1,1,9,4,5,3,1,2,13,14,0,1,0,0,1,0,1,0,0
2020/2021,2020-11-01 00:00:00,Aston Villa,Southampton,3,4,A,0,3,19,9,10,4,11,1,12,17,1,2,0,0,-1,-3,0,1,0
2020/2021,2020-11-01 00:00:00,Newcastle,Everton,2,1,H,0,0,11,15,4,4,5,4,9,10,2,4,0,0,1,0,1,0,0
2020/2021,2020-11-01 00:00:00,Man United,Arsenal,0,1,A,0,0,8,7,2,2,6,3,12,12,3,3,0,0,-1,0,0,1,0
2020/2021,2020-11-01 00:00:00,Tottenham,Brighton,2,1,H,1,0,9,6,3,2,4,5,14,13,2,1,0,0,1,1,1,0,0
2020/2021,2020-11-02 00:00:00,Fulham,West Brom,2,0,H,2,0,13,10,6,1,5,2,13,11,3,2,0,0,2,2,1,0,0
2020/2021,2020-11-02 00:00:00,Leeds,Leicester,1,4,A,0,2,11,10,4,8,10,3,9,5,1,1,0,0,-3,-2,0,1,0
2020/2021,2020-11-06 00:00:00,Brighton,Burnley,0,0,D,0,0,19,4,3,1,5,3,11,5,1,0,0,0,0,0,0,0,1
2020/2021,2020-11-06 00:00:00,Southampton,Newcastle,2,0,H,1,0,15,4,8,2,8,3,12,11,1,2,0,0,2,1,1,0,0
2020/2021,2020-11-07 00:00:00,Everton,Man United,1,3,A,1,2,7,13,1,5,5,2,12,19,4,2,0,0,-2,-1,0,1,0
2020/2021,2020-11-07 00:00:00,Crystal Palace,Leeds,4,1,H,3,1,10,9,6,3,3,6,9,1,0,2,0,0,3,2,1,0,0
2020/2021,2020-11-07 00:00:00,Chelsea,Sheffield United,4,1,H,2,1,20,6,9,3,6,7,5,14,0,2,0,0,3,1,1,0,0
2020/2021,2020-11-07 00:00:00,West Ham,Fulham,1,0,H,0,0,16,13,7,3,9,5,10,9,2,2,0,0,1,0,1,0,0
2020/2021,2020-11-08 00:00:00,West Brom,Tottenham,0,1,A,0,0,12,19,2,5,9,6,17,12,1,0,0,0,-1,0,0,1,0
2020/2021,2020-11-08 00:00:00,Leicester,Wolves,1,0,H,1,0,10,7,3,2,6,3,12,8,2,3,0,0,1,1,1,0,0
2020/2021,2020-11-08 00:00:00,Man City,Liverpool,1,1,D,1,1,7,10,2,3,1,2,19,11,3,1,0,0,0,0,0,0,1
2020/2021,2020-11-08 00:00:00,Arsenal,Aston Villa,0,3,A,0,1,13,15,2,6,3,8,11,13,0,0,0,0,-3,-1,0,1,0
2020/2021,2020-11-21 00:00:00,Newcastle,Chelsea,0,2,A,0,1,8,14,1,3,7,4,11,12,2,0,0,0,-2,-1,0,1,0
2020/2021,2020-11-21 00:00:00,Aston Villa,Brighton,1,2,A,0,1,15,7,4,3,12,3,5,18,2,1,0,1,-1,-1,0,1,0
2020/2021,2020-11-21 00:00:00,Tottenham,Man City,2,0,H,1,0,4,22,2,5,0,10,13,19,2,2,0,0,2,1,1,0,0
2020/2021,2020-11-21 00:00:00,Man United,West Brom,1,0,H,0,0,17,7,7,2,8,2,12,17,1,1,0,0,1,0,1,0,0
2020/2021,2020-11-22 00:00:00,Fulham,Everton,2,3,A,1,3,14,9,6,7,2,5,14,10,2,0,0,0,-1,-2,0,1,0
2020/2021,2020-11-22 00:00:00,Sheffield United,West Ham,0,1,A,0,0,9,15,5,3,2,6,7,6,0,0,0,0,-1,0,0,1,0
2020/2021,2020-11-22 00:00:00,Leeds,Arsenal,0,0,D,0,0,25,9,4,2,5,3,9,8,3,0,0,1,0,0,0,0,1
2020/2021,2020-11-22 00:00:00,Liverpool,Leicester,3,0,H,2,0,24,11,13,4,10,3,15,6,0,2,0,0,3,2,1,0,0
2020/2021,2020-11-23 00:00:00,Burnley,Crystal Palace,1,0,H,1,0,10,15,4,5,4,7,13,9,2,0,0,0,1,1,1,0,0
2020/2021,2020-11-23 00:00:00,Wolves,Southampton,1,1,D,0,0,20,7,9,2,7,4,14,13,2,0,0,0,0,0,0,0,1
2020/2021,2020-11-27 00:00:00,Crystal Palace,Newcastle,0,2,A,0,0,12,14,3,7,7,3,9,10,2,2,0,0,-2,0,0,1,0
2020/2021,2020-11-28 00:00:00,Brighton,Liverpool,1,1,D,0,0,11,6,3,2,4,3,9,13,2,1,0,0,0,0,0,0,1
2020/2021,2020-11-28 00:00:00,Man City,Burnley,5,0,H,3,0,19,9,6,1,6,4,12,4,0,0,0,0,5,3,1,0,0
2020/2021,2020-11-28 00:00:00,Everton,Leeds,0,1,A,0,0,15,23,8,7,4,2,8,14,1,2,0,0,-1,0,0,1,0
2020/2021,2020-11-28 00:00:00,West Brom,Sheffield United,1,0,H,1,0,17,21,6,5,14,9,10,9,2,3,0,0,1,1,1,0,0
2020/2021,2020-11-29 00:00:00,Southampton,Man United,2,3,A,2,0,10,15,5,6,5,9,12,12,1,0,0,0,-1,2,0,1,0
2020/2021,2020-11-29 00:00:00,Chelsea,Tottenham,0,0,D,0,0,13,5,3,1,3,3,20,9,4,2,0,0,0,0,0,0,1
2020/2021,2020-11-29 00:00:00,Arsenal,Wolves,1,2,A,1,2,13,11,2,5,8,4,13,13,3,4,0,0,-1,-1,0,1,0
2020/2021,2020-11-30 00:00:00,Leicester,Fulham,1,2,A,0,2,16,10,3,5,6,5,9,21,0,2,0,0,-1,-2,0,1,0
2020/2021,2020-11-30 00:00:00,West Ham,Aston Villa,2,1,H,1,1,6,16,2,6,3,7,20,7,1,1,0,0,1,0,1,0,0
2020/2021,2020-12-05 00:00:00,Burnley,Everton,1,1,D,1,1,8,13,3,6,8,4,6,9,0,0,0,0,0,0,0,0,1
2020/2021,2020-12-05 00:00:00,Man City,Fulham,2,0,H,2,0,16,6,6,1,9,3,7,6,0,0,0,0,2,2,1,0,0
2020/2021,2020-12-05 00:00:00,West Ham,Man United,1,3,A,1,0,19,15,6,6,5,4,9,10,0,0,0,0,-2,1,0,1,0
2020/2021,2020-12-05 00:00:00,Chelsea,Leeds,3,1,H,1,1,23,8,11,3,8,4,12,9,0,2,0,0,2,0,1,0,0
2020/2021,2020-12-06 00:00:00,West Brom,Crystal Palace,1,5,A,1,1,9,18,4,6,4,6,10,16,2,2,1,0,-4,0,0,1,0
2020/2021,2020-12-06 00:00:00,Sheffield United,Leicester,1,2,A,1,1,4,13,1,4,6,5,13,6,1,3,0,0,-1,0,0,1,0
2020/2021,2020-12-06 00:00:00,Tottenham,Arsenal,2,0,H,2,0,6,11,3,2,3,9,16,12,1,2,0,0,2,2,1,0,0
2020/2021,2020-12-06 00:00:00,Liverpool,Wolves,4,0,H,1,0,11,9,6,3,4,6,8,14,1,1,0,0,4,1,1,0,0
2020/2021,2020-12-07 00:00:00,Brighton,Southampton,1,2,A,1,1,12,10,4,3,4,3,12,12,3,3,0,0,-1,0,0,1,0
2020/2021,2020-12-11 00:00:00,Leeds,West Ham,1,2,A,1,1,13,19,7,8,5,6,12,10,1,2,0,0,-1,0,0,1,0
2020/2021,2020-12-12 00:00:00,Wolves,Aston Villa,0,1,A,0,0,16,13,7,2,5,8,23,15,2,5,0,0,-1,0,0,1,0
2020/2021,2020-12-12 00:00:00,Newcastle,West Brom,2,1,H,1,0,12,13,7,3,4,3,9,12,2,3,0,0,1,1,1,0,0
2020/2021,2020-12-12 00:00:00,Man United,Man City,0,0,D,0,0,11,9,2,2,4,3,13,6,1,1,0,0,0,0,0,0,1
2020/2021,2020-12-12 00:00:00,Everton,Chelsea,1,0,H,1,0,9,10,4,3,6,6,10,11,2,3,0,0,1,1,1,0,0
2020/2021,2020-12-13 00:00:00,Southampton,Sheffield United,3,0,H,1,0,16,3,6,0,8,4,8,14,0,1,0,0,3,1,1,0,0
2020/2021,2020-12-13 00:00:00,Crystal Palace,Tottenham,1,1,D,0,1,16,14,5,6,4,7,15,11,1,1,0,0,0,-1,0,0,1
2020/2021,2020-12-13 00:00:00,Fulham,Liverpool,1,1,D,1,0,10,12,5,6,6,8,9,5,3,1,0,0,0,1,0,0,1
2020/2021,2020-12-13 00:00:00,Arsenal,Burnley,0,1,A,0,0,18,10,6,2,13,4,5,11,2,1,1,0,-1,0,0,1,0
2020/2021,2020-12-13 00:00:00,Leicester,Brighton,3,0,H,3,0,15,12,6,4,9,5,9,11,2,1,0,0,3,3,1,0,0
2020/2021,2020-12-15 00:00:00,Wolves,Chelsea,2,1,H,0,0,12,13,4,3,5,6,12,12,2,2,0,0,1,0,1,0,0
2020/2021,2020-12-15 00:00:00,Man City,West Brom,1,1,D,1,1,26,5,7,1,13,2,5,8,2,3,0,0,0,0,0,0,1
2020/2021,2020-12-16 00:00:00,Arsenal,Southampton,1,1,D,0,1,9,13,4,3,2,7,13,13,1,3,1,0,0,-1,0,0,1
2020/2021,2020-12-16 00:00:00,Leeds,Newcastle,5,2,H,1,1,25,10,10,4,7,4,10,13,3,1,0,0,3,0,1,0,0
2020/2021,2020-12-16 00:00:00,Leicester,Everton,0,2,A,0,1,14,11,2,6,4,6,12,9,2,3,0,0,-2,-1,0,1,0
2020/2021,2020-12-16 00:00:00,Fulham,Brighton,0,0,D,0,0,9,9,4,4,1,8,15,11,1,0,0,0,0,0,0,0,1
2020/2021,2020-12-16 00:00:00,Liverpool,Tottenham,2,1,H,1,1,17,8,11,2,7,4,8,9,0,2,0,0,1,0,1,0,0
2020/2021,2020-12-16 00:00:00,West Ham,Crystal Palace,1,1,D,0,1,9,8,2,2,5,3,8,12,0,1,0,1,0,-1,0,0,1
2020/2021,2020-12-17 00:00:00,Aston Villa,Burnley,0,0,D,0,0,27,6,7,4,11,1,17,19,1,1,0,0,0,0,0,0,1
2020/2021,2020-12-17 00:00:00,Sheffield United,Man United,2,3,A,1,2,12,14,6,8,6,3,17,8,3,2,0,0,-1,-1,0,1,0
2020/2021,2020-12-19 00:00:00,Crystal Palace,Liverpool,0,7,A,0,3,5,14,3,8,5,4,5,11,1,0,0,0,-7,-3,0,1,0
2020/2021,2020-12-19 00:00:00,Southampton,Man City,0,1,A,0,1,9,11,3,5,6,6,9,11,2,2,0,0,-1,-1,0,1,0
2020/2021,2020-12-19 00:00:00,Everton,Arsenal,2,1,H,2,1,9,13,2,2,4,3,9,9,1,3,0,0,1,1,1,0,0
2020/2021,2020-12-19 00:00:00,Newcastle,Fulham,1,1,D,0,1,12,11,5,4,2,9,7,17,1,2,0,1,0,-1,0,0,1
2020/2021,2020-12-20 00:00:00,Brighton,Sheffield United,1,1,D,0,0,21,5,5,3,14,2,9,11,1,5,0,1,0,0,0,0,1
2020/2021,2020-12-20 00:00:00,Tottenham,Leicester,0,2,A,0,1,8,17,3,4,5,3,15,14,2,2,0,0,-2,-1,0,1,0
2020/2021,2020-12-20 00:00:00,Man United,Leeds,6,2,H,4,1,26,17,14,3,11,13,6,6,1,0,0,0,4,3,1,0,0
2020/2021,2020-12-20 00:00:00,West Brom,Aston Villa,0,3,A,0,1,1,19,1,10,1,7,14,8,1,2,1,0,-3,-1,0,1,0
2020/2021,2020-12-21 00:00:00,Burnley,Wolves,2,1,H,1,0,10,15,4,3,1,7,11,15,2,1,0,0,1,1,1,0,0
2020/2021,2020-12-21 00:00:00,Chelsea,West Ham,3,0,H,1,0,11,6,7,0,5,4,11,6,0,0,0,0,3,1,1,0,0
2020/2021,2020-12-26 00:00:00,Leicester,Man United,2,2,D,1,1,10,9,2,4,5,0,10,17,2,1,0,0,0,0,0,0,1
2020/2021,2020-12-26 00:00:00,Aston Villa,Crystal Palace,3,0,H,1,0,21,13,10,6,4,4,18,16,1,4,1,0,3,1,1,0,0
2020/2021,2020-12-26 00:00:00,Fulham,Southampton,0,0,D,0,0,10,3,1,2,6,3,15,12,2,0,0,0,0,0,0,0,1
2020/2021,2020-12-26 00:00:00,Arsenal,Chelsea,3,1,H,2,0,15,19,7,3,7,9,13,10,2,1,0,0,2,2,1,0,0
2020/2021,2020-12-26 00:00:00,Man City,Newcastle,2,0,H,1,0,11,7,6,2,7,3,5,12,2,2,0,0,2,1,1,0,0
2020/2021,2020-12-26 00:00:00,Sheffield United,Everton,0,1,A,0,0,10,7,2,3,6,3,11,10,2,4,0,0,-1,0,0,1,0
2020/2021,2020-12-27 00:00:00,Leeds,Burnley,1,0,H,1,0,11,14,4,6,4,12,8,14,0,3,0,0,1,1,1,0,0
2020/2021,2020-12-27 00:00:00,West Ham,Brighton,2,2,D,0,1,11,13,4,4,5,4,6,8,0,0,0,0,0,-1,0,0,1
2020/2021,2020-12-27 00:00:00,Liverpool,West Brom,1,1,D,1,0,17,5,2,3,8,3,8,5,0,1,0,0,0,1,0,0,1
2020/2021,2020-12-27 00:00:00,Wolves,Tottenham,1,1,D,0,1,11,6,6,3,9,2,20,13,4,1,0,0,0,-1,0,0,1
2020/2021,2020-12-28 00:00:00,Crystal Palace,Leicester,1,1,D,0,0,4,17,1,3,2,5,10,7,0,1,0,0,0,0,0,0,1
2020/2021,2020-12-28 00:00:00,Chelsea,Aston Villa,1,1,D,1,0,16,10,5,2,11,4,16,3,3,1,0,0,0,1,0,0,1
2020/2021,2020-12-29 00:00:00,Brighton,Arsenal,0,1,A,0,0,13,11,2,3,5,4,11,4,2,0,0,0,-1,0,0,1,0
2020/2021,2020-12-29 00:00:00,Burnley,Sheffield United,1,0,H,1,0,5,7,3,3,3,5,13,17,1,2,0,0,1,1,1,0,0
2020/2021,2020-12-29 00:00:00,Southampton,West Ham,0,0,D,0,0,8,8,3,3,4,3,16,15,3,1,0,0,0,0,0,0,1
2020/2021,2020-12-29 00:00:00,West Brom,Leeds,0,5,A,0,4,4,14,1,6,3,10,7,10,0,1,0,0,-5,-4,0,1,0
2020/2021,2020-12-29 00:00:00,Man United,Wolves,1,0,H,0,0,11,9,3,5,2,2,11,7,1,1,0,0,1,0,1,0,0
2020/2021,2020-12-30 00:00:00,Newcastle,Liverpool,0,0,D,0,0,8,11,2,4,5,12,9,13,2,3,0,0,0,0,0,0,1
2020/2021,2021-01-01 00:00:00,Everton,West Ham,0,1,A,0,0,10,11,2,5,5,4,9,7,2,0,0,0,-1,0,0,1,0
2020/2021,2021-01-01 00:00:00,Man United,Aston Villa,2,1,H,1,0,19,5,9,5,5,10,22,10,4,0,0,0,1,1,1,0,0
2020/2021,2021-01-02 00:00:00,Tottenham,Leeds,3,0,H,2,0,20,18,7,5,3,5,15,13,2,1,1,0,3,2,1,0,0
2020/2021,2021-01-02 00:00:00,Crystal Palace,Sheffield United,2,0,H,2,0,9,7,4,2,3,6,8,18,1,3,0,0,2,2,1,0,0
2020/2021,2021-01-02 00:00:00,Brighton,Wolves,3,3,D,1,3,13,11,4,4,5,8,13,8,2,1,0,0,0,-2,0,0,1
2020/2021,2021-01-02 00:00:00,West Brom,Arsenal,0,4,A,0,2,7,21,3,12,3,5,7,4,1,2,0,0,-4,-2,0,1,0
2020/2021,2021-01-03 00:00:00,Newcastle,Leicester,1,2,A,0,0,8,9,2,3,3,6,10,11,0,2,0,0,-1,0,0,1,0
2020/2021,2021-01-03 00:00:00,Chelsea,Man City,1,3,A,0,3,9,18,2,6,5,3,11,10,3,1,0,0,-2,-3,0,1,0
2020/2021,2021-01-04 00:00:00,Southampton,Liverpool,1,0,H,1,0,7,17,3,1,1,10,5,12,1,3,0,0,1,1,1,0,0
2020/2021,2021-01-12 00:00:00,Sheffield United,Newcastle,1,0,H,0,0,17,7,4,3,5,2,13,12,2,3,0,1,1,0,1,0,0
2020/2021,2021-01-12 00:00:00,Burnley,Man United,0,1,A,0,0,11,13,0,7,3,4,15,13,1,2,0,0,-1,0,0,1,0
2020/2021,2021-01-12 00:00:00,Wolves,Everton,1,2,A,1,1,12,5,3,3,6,5,6,11,2,2,0,0,-1,0,0,1,0
2020/2021,2021-01-13 00:00:00,Man City,Brighton,1,0,H,1,0,16,5,6,1,8,4,4,12,0,2,0,0,1,1,1,0,0
2020/2021,2021-01-13 00:00:00,Tottenham,Fulham,1,1,D,1,0,15,15,6,4,6,5,13,15,1,2,0,0,0,1,0,0,1
2020/2021,2021-01-14 00:00:00,Arsenal,Crystal Palace,0,0,D,0,0,11,12,4,2,7,3,10,11,1,1,0,0,0,0,0,0,1
2020/2021,2021-01-16 00:00:00,Wolves,West Brom,2,3,A,2,1,23,12,6,5,11,0,10,14,2,1,0,0,-1,1,0,1,0
2020/2021,2021-01-16 00:00:00,Leeds,Brighton,0,1,A,0,1,7,7,2,2,5,2,8,9,1,1,0,0,-1,-1,0,1,0
2020/2021,2021-01-16 00:00:00,West Ham,Burnley,1,0,H,1,0,15,10,4,2,7,4,12,9,2,1,0,0,1,1,1,0,0
2020/2021,2021-01-16 00:00:00,Fulham,Chelsea,0,1,A,0,0,10,21,3,6,1,12,11,10,2,3,1,0,-1,0,0,1,0
2020/2021,2021-01-16 00:00:00,Leicester,Southampton,2,0,H,1,0,16,8,5,3,2,5,10,11,2,2,0,0,2,1,1,0,0
2020/2021,2021-01-17 00:00:00,Sheffield United,Tottenham,1,3,A,0,2,15,14,5,5,5,7,13,4,4,0,0,0,-2,-2,0,1,0
2020/2021,2021-01-17 00:00:00,Liverpool,Man United,0,0,D,0,0,17,8,3,4,7,3,15,6,2,1,0,0,0,0,0,0,1
2020/2021,2021-01-17 00:00:00,Man City,Crystal Palace,4,0,H,1,0,13,2,6,0,11,1,9,8,0,0,0,0,4,1,1,0,0
2020/2021,2021-01-18 00:00:00,Arsenal,Newcastle,3,0,H,0,0,20,4,6,1,7,2,9,8,0,0,0,0,3,0,1,0,0
2020/2021,2021-01-19 00:00:00,West Ham,West Brom,2,1,H,1,0,14,6,6,2,3,1,10,10,0,1,0,0,1,1,1,0,0
2020/2021,2021-01-19 00:00:00,Leicester,Chelsea,2,0,H,2,0,8,9,6,5,6,3,7,16,1,3,0,0,2,2,1,0,0
2020/2021,2021-01-20 00:00:00,Man City,Aston Villa,2,0,H,0,0,28,11,9,4,16,2,10,9,0,2,0,0,2,0,1,0,0
2020/2021,2021-01-20 00:00:00,Fulham,Man United,1,2,A,1,1,12,15,5,5,2,8,6,10,3,1,0,0,-1,0,0,1,0
2020/2021,2021-01-21 00:00:00,Liverpool,Burnley,0,1,A,0,0,27,6,6,4,12,0,11,8,2,1,0,0,-1,0,0,1,0
2020/2021,2021-01-23 00:00:00,Aston Villa,Newcastle,2,0,H,2,0,14,7,5,1,5,4,9,18,0,3,0,0,2,2,1,0,0
2020/2021,2021-01-26 00:00:00,Crystal Palace,West Ham,2,3,A,1,2,6,17,3,7,3,4,9,8,0,0,0,0,-1,-1,0,1,0
2020/2021,2021-01-26 00:00:00,Newcastle,Leeds,1,2,A,0,1,22,9,5,2,9,5,10,15,1,3,0,0,-1,-1,0,1,0
2020/2021,2021-01-26 00:00:00,Southampton,Arsenal,1,3,A,1,2,13,9,5,5,4,5,11,6,1,2,0,0,-2,-1,0,1,0
2020/2021,2021-01-26 00:00:00,West Brom,Man City,0,5,A,0,4,4,18,1,7,3,8,8,8,2,0,0,0,-5,-4,0,1,0
2020/2021,2021-01-27 00:00:00,Burnley,Aston Villa,3,2,H,0,1,10,18,5,10,2,4,16,7,1,0,0,0,1,-1,1,0,0
2020/2021,2021-01-27 00:00:00,Chelsea,Wolves,0,0,D,0,0,14,4,5,0,13,1,14,7,1,1,0,0,0,0,0,0,1
2020/2021,2021-01-27 00:00:00,Brighton,Fulham,0,0,D,0,0,16,10,5,3,10,0,10,14,2,1,0,0,0,0,0,0,1
2020/2021,2021-01-27 00:00:00,Everton,Leicester,1,1,D,1,0,8,19,2,6,5,11,12,10,1,1,0,0,0,1,0,0,1
2020/2021,2021-01-27 00:00:00,Man United,Sheffield United,1,2,A,0,1,16,5,4,3,7,2,10,12,1,1,0,0,-1,-1,0,1,0
2020/2021,2021-01-28 00:00:00,Tottenham,Liverpool,1,3,A,0,1,3,14,2,7,1,2,9,11,1,2,0,0,-2,-1,0,1,0
2020/2021,2021-01-30 00:00:00,Everton,Newcastle,0,2,A,0,0,11,13,3,3,7,12,13,6,3,4,0,0,-2,0,0,1,0
2020/2021,2021-01-30 00:00:00,Crystal Palace,Wolves,1,0,H,0,0,11,6,2,4,1,6,7,10,1,2,0,0,1,0,1,0,0
2020/2021,2021-01-30 00:00:00,Man City,Sheffield United,1,0,H,1,0,10,4,5,1,10,0,7,10,0,3,0,0,1,1,1,0,0
2020/2021,2021-01-30 00:00:00,West Brom,Fulham,2,2,D,0,1,5,12,3,7,2,3,9,10,1,0,0,0,0,-1,0,0,1
2020/2021,2021-01-30 00:00:00,Arsenal,Man United,0,0,D,0,0,17,14,3,3,4,7,9,16,1,3,0,0,0,0,0,0,1
2020/2021,2021-01-30 00:00:00,Southampton,Aston Villa,0,1,A,0,1,20,8,5,4,7,1,12,11,1,0,0,0,-1,-1,0,1,0
2020/2021,2021-01-31 00:00:00,Chelsea,Burnley,2,0,H,1,0,19,1,8,0,4,2,7,9,0,1,0,0,2,1,1,0,0
2020/2021,2021-01-31 00:00:00,Leicester,Leeds,1,3,A,1,1,18,8,8,7,6,4,17,16,0,3,0,0,-2,0,0,1,0
2020/2021,2021-01-31 00:00:00,West Ham,Liverpool,1,3,A,0,0,8,14,2,5,6,5,7,8,2,0,0,0,-2,0,0,1,0
2020/2021,2021-01-31 00:00:00,Brighton,Tottenham,1,0,H,1,0,16,8,5,4,9,2,11,11,2,1,0,0,1,1,1,0,0
2020/2021,2021-02-02 00:00:00,Sheffield United,West Brom,2,1,H,0,1,14,8,6,4,9,2,11,9,2,1,0,0,1,-1,1,0,0
2020/2021,2021-02-02 00:00:00,Wolves,Arsenal,2,1,H,1,1,11,9,7,3,9,6,11,8,3,2,0,2,1,0,1,0,0
2020/2021,2021-02-02 00:00:00,Man United,Southampton,9,0,H,4,0,24,3,14,1,5,3,11,6,2,3,0,2,9,4,1,0,0
2020/2021,2021-02-02 00:00:00,Newcastle,Crystal Palace,1,2,A,1,2,21,6,5,3,9,1,14,11,1,3,0,0,-1,-1,0,1,0
2020/2021,2021-02-03 00:00:00,Burnley,Man City,0,2,A,0,2,2,17,0,6,1,3,8,5,2,1,0,0,-2,-2,0,1,0
2020/2021,2021-02-03 00:00:00,Fulham,Leicester,0,2,A,0,2,8,9,1,5,5,2,17,10,3,1,0,0,-2,-2,0,1,0
2020/2021,2021-02-03 00:00:00,Leeds,Everton,1,2,A,0,2,16,10,7,6,7,1,12,12,2,3,0,0,-1,-2,0,1,0
2020/2021,2021-02-03 00:00:00,Aston Villa,West Ham,1,3,A,0,0,9,20,2,10,7,3,11,15,1,1,0,0,-2,0,0,1,0
2020/2021,2021-02-03 00:00:00,Liverpool,Brighton,0,1,A,0,0,11,13,1,4,6,3,12,6,1,0,0,0,-1,0,0,1,0
2020/2021,2021-02-04 00:00:00,Tottenham,Chelsea,0,1,A,0,1,7,18,2,2,2,7,20,14,2,3,0,0,-1,-1,0,1,0
2020/2021,2021-02-06 00:00:00,Aston Villa,Arsenal,1,0,H,1,0,12,14,8,3,3,7,12,12,3,2,0,0,1,1,1,0,0
2020/2021,2021-02-06 00:00:00,Burnley,Brighton,1,1,D,0,1,20,10,7,2,8,7,8,10,2,0,0,0,0,-1,0,0,1
2020/2021,2021-02-06 00:00:00,Newcastle,Southampton,3,2,H,3,1,6,14,4,5,0,7,11,14,2,1,1,0,1,2,1,0,0
2020/2021,2021-02-06 00:00:00,Fulham,West Ham,0,0,D,0,0,20,8,2,1,7,3,11,10,1,2,0,1,0,0,0,0,1
2020/2021,2021-02-06 00:00:00,Man United,Everton,3,3,D,2,0,14,6,5,3,5,1,14,10,2,1,0,0,0,2,0,0,1
2020/2021,2021-02-07 00:00:00,Tottenham,West Brom,2,0,H,0,0,13,4,6,1,8,0,16,12,1,2,0,0,2,0,1,0,0
2020/2021,2021-02-07 00:00:00,Wolves,Leicester,0,0,D,0,0,13,13,1,3,8,2,11,15,1,3,0,0,0,0,0,0,1
2020/2021,2021-02-07 00:00:00,Liverpool,Man City,1,4,A,0,0,8,8,3,5,6,1,13,8,2,1,0,0,-3,0,0,1,0
2020/2021,2021-02-07 00:00:00,Sheffield United,Chelsea,1,2,A,0,1,8,9,3,3,1,8,8,8,1,0,0,0,-1,-1,0,1,0
2020/2021,2021-02-08 00:00:00,Leeds,Crystal Palace,2,0,H,1,0,17,8,7,3,5,3,7,8,0,2,0,0,2,1,1,0,0
2020/2021,2021-02-13 00:00:00,Leicester,Liverpool,3,1,H,0,0,11,15,6,4,2,12,9,6,1,2,0,0,2,0,1,0,0
2020/2021,2021-02-13 00:00:00,Crystal Palace,Burnley,0,3,A,0,2,13,16,3,4,7,4,15,14,0,0,0,0,-3,-2,0,1,0
2020/2021,2021-02-13 00:00:00,Man City,Tottenham,3,0,H,1,0,15,7,6,3,4,2,12,13,1,3,0,0,3,1,1,0,0
2020/2021,2021-02-13 00:00:00,Brighton,Aston Villa,0,0,D,0,0,26,4,9,1,9,2,16,12,2,3,0,0,0,0,0,0,1
2020/2021,2021-02-14 00:00:00,Southampton,Wolves,1,2,A,1,0,7,10,3,4,4,6,10,9,2,2,0,0,-1,1,0,1,0
2020/2021,2021-02-14 00:00:00,West Brom,Man United,1,1,D,1,1,7,10,3,7,4,5,13,10,5,0,0,0,0,0,0,0,1
2020/2021,2021-02-14 00:00:00,Arsenal,Leeds,4,2,H,3,0,13,9,5,5,4,5,8,17,0,2,0,0,2,3,1,0,0
2020/2021,2021-02-14 00:00:00,Everton,Fulham,0,2,A,0,0,7,12,2,3,5,4,7,16,1,1,0,0,-2,0,0,1,0
2020/2021,2021-02-15 00:00:00,West Ham,Sheffield United,3,0,H,1,0,13,8,9,5,7,7,11,12,0,2,0,0,3,1,1,0,0
2020/2021,2021-02-15 00:00:00,Chelsea,Newcastle,2,0,H,2,0,18,10,5,4,10,5,9,13,0,0,0,0,2,2,1,0,0
2020/2021,2021-02-17 00:00:00,Burnley,Fulham,1,1,D,0,0,8,8,3,3,5,5,7,13,1,1,0,0,0,0,0,0,1
2020/2021,2021-02-17 00:00:00,Everton,Man City,1,3,A,1,1,3,16,2,7,0,10,8,8,2,1,0,0,-2,0,0,1,0
2020/2021,2021-02-19 00:00:00,Wolves,Leeds,1,0,H,0,0,15,18,5,7,7,9,13,8,1,0,0,0,1,0,1,0,0
2020/2021,2021-02-20 00:00:00,Southampton,Chelsea,1,1,D,1,0,4,9,1,3,3,6,10,10,1,1,0,0,0,1,0,0,1
2020/2021,2021-02-20 00:00:00,Burnley,West Brom,0,0,D,0,0,6,10,1,3,5,5,16,10,3,0,0,1,0,0,0,0,1
2020/2021,2021-02-20 00:00:00,Liverpool,Everton,0,2,A,0,1,15,9,6,6,7,2,10,10,2,1,0,0,-2,-1,0,1,0
2020/2021,2021-02-20 00:00:00,Fulham,Sheffield United,1,0,H,0,0,15,4,7,2,6,4,11,14,1,2,0,0,1,0,1,0,0
2020/2021,2021-02-21 00:00:00,West Ham,Tottenham,2,1,H,1,0,4,20,4,4,5,7,14,7,4,3,0,0,1,1,1,0,0
2020/2021,2021-02-21 00:00:00,Aston Villa,Leicester,1,2,A,0,2,11,16,2,7,7,8,11,12,2,1,0,0,-1,-2,0,1,0
2020/2021,2021-02-21 00:00:00,Arsenal,Man City,0,1,A,0,1,7,15,1,3,1,3,11,9,2,2,0,0,-1,-1,0,1,0
2020/2021,2021-02-21 00:00:00,Man United,Newcastle,3,1,H,1,1,15,10,7,6,6,4,9,11,1,2,0,0,2,0,1,0,0
2020/2021,2021-02-22 00:00:00,Brighton,Crystal Palace,1,2,A,0,1,25,3,5,2,13,0,11,6,2,0,0,0,-1,-1,0,1,0
2020/2021,2021-02-23 00:00:00,Leeds,Southampton,3,0,H,0,0,11,13,7,5,2,4,11,13,1,2,0,0,3,0,1,0,0
2020/2021,2021-02-27 00:00:00,Man City,West Ham,2,1,H,1,1,10,9,3,3,4,2,8,11,1,1,0,0,1,0,1,0,0
2020/2021,2021-02-27 00:00:00,West Brom,Brighton,1,0,H,1,0,6,15,2,6,7,4,11,12,0,0,0,0,1,1,1,0,0
2020/2021,2021-02-27 00:00:00,Leeds,Aston Villa,0,1,A,0,1,13,9,3,4,7,5,14,14,3,2,0,0,-1,-1,0,1,0
2020/2021,2021-02-27 00:00:00,Newcastle,Wolves,1,1,D,0,0,19,14,7,4,3,5,11,13,2,0,0,0,0,0,0,0,1
2020/2021,2021-02-28 00:00:00,Crystal Palace,Fulham,0,0,D,0,0,3,16,0,4,1,3,10,14,1,1,0,0,0,0,0,0,1
2020/2021,2021-02-28 00:00:00,Leicester,Arsenal,1,3,A,1,2,8,12,3,4,2,7,15,3,2,1,0,0,-2,-1,0,1,0
2020/2021,2021-02-28 00:00:00,Tottenham,Burnley,4,0,H,3,0,16,10,7,3,3,4,6,10,0,0,0,0,4,3,1,0,0
2020/2021,2021-02-28 00:00:00,Chelsea,Man United,0,0,D,0,0,18,11,6,4,3,4,11,12,1,2,0,0,0,0,0,0,1
2020/2021,2021-02-28 00:00:00,Sheffield United,Liverpool,0,2,A,0,0,8,16,2,8,4,3,9,9,0,0,0,0,-2,0,0,1,0
2020/2021,2021-03-01 00:00:00,Everton,Southampton,1,0,H,1,0,7,9,1,1,4,10,13,9,0,2,0,0,1,1,1,0,0
2020/2021,2021-03-02 00:00:00,Man City,Wolves,4,1,H,1,0,22,6,10,1,10,2,9,5,0,1,0,0,3,1,1,0,0
2020/2021,2021-03-03 00:00:00,Burnley,Leicester,1,1,D,1,1,12,15,7,4,5,8,6,12,0,2,0,0,0,0,0,0,1
2020/2021,2021-03-03 00:00:00,Sheffield United,Aston Villa,1,0,H,1,0,9,16,2,4,2,7,13,6,1,0,1,0,1,1,1,0,0
2020/2021,2021-03-03 00:00:00,Crystal Palace,Man United,0,0,D,0,0,8,11,2,1,4,6,4,13,1,0,0,0,0,0,0,0,1
2020/2021,2021-03-04 00:00:00,Fulham,Tottenham,0,1,A,0,1,11,9,3,2,4,1,13,9,2,1,0,0,-1,-1,0,1,0
2020/2021,2021-03-04 00:00:00,West Brom,Everton,0,1,A,0,0,11,11,3,3,3,3,9,7,3,1,0,0,-1,0,0,1,0
2020/2021,2021-03-04 00:00:00,Liverpool,Chelsea,0,1,A,0,1,7,11,1,5,5,2,9,8,0,0,0,0,-1,-1,0,1,0
2020/2021,2021-03-06 00:00:00,Burnley,Arsenal,1,1,D,1,1,9,15,5,3,2,4,5,12,1,1,0,0,0,0,0,0,1
2020/2021,2021-03-06 00:00:00,Sheffield United,Southampton,0,2,A,0,1,8,15,2,5,7,3,17,11,4,3,0,0,-2,-1,0,1,0
2020/2021,2021-03-06 00:00:00,Aston Villa,Wolves,0,0,D,0,0,9,10,1,2,5,3,13,13,1,0,0,0,0,0,0,0,1
2020/2021,2021-03-06 00:00:00,Brighton,Leicester,1,2,A,1,0,7,8,2,4,6,6,14,8,0,1,0,0,-1,1,0,1,0
2020/2021,2021-03-07 00:00:00,West Brom,Newcastle,0,0,D,0,0,13,9,3,5,9,7,11,10,0,0,0,0,0,0,0,0,1
2020/2021,2021-03-07 00:00:00,Liverpool,Fulham,0,1,A,0,1,16,10,3,3,9,4,10,8,2,3,0,0,-1,-1,0,1,0
2020/2021,2021-03-07 00:00:00,Man City,Man United,0,2,A,0,1,23,8,6,6,6,2,9,12,0,3,0,0,-2,-1,0,1,0
2020/2021,2021-03-07 00:00:00,Tottenham,Crystal Palace,4,1,H,1,1,12,5,5,1,1,5,8,17,2,3,0,0,3,0,1,0,0
2020/2021,2021-03-08 00:00:00,Chelsea,Everton,2,0,H,1,0,19,7,9,1,7,3,11,12,0,3,0,0,2,1,1,0,0
2020/2021,2021-03-08 00:00:00,West Ham,Leeds,2,0,H,2,0,16,17,5,2,6,6,9,9,1,1,0,0,2,2,1,0,0
2020/2021,2021-03-10 00:00:00,Man City,Southampton,5,2,H,3,1,17,11,10,6,5,5,6,4,1,0,0,0,3,2,1,0,0
2020/2021,2021-03-12 00:00:00,Newcastle,Aston Villa,1,1,D,0,0,12,15,3,6,2,2,10,10,2,3,0,0,0,0,0,0,1
2020/2021,2021-03-13 00:00:00,Leeds,Chelsea,0,0,D,0,0,7,15,4,8,8,5,16,6,3,0,0,0,0,0,0,0,1
2020/2021,2021-03-13 00:00:00,Crystal Palace,West Brom,1,0,H,1,0,6,12,4,1,3,2,16,15,3,1,0,0,1,1,1,0,0
2020/2021,2021-03-13 00:00:00,Everton,Burnley,1,2,A,1,2,14,14,4,5,7,4,9,6,0,4,0,0,-1,-1,0,1,0
2020/2021,2021-03-13 00:00:00,Fulham,Man City,0,3,A,0,0,3,8,0,7,4,2,14,13,0,0,0,0,-3,0,0,1,0
2020/2021,2021-03-14 00:00:00,Southampton,Brighton,1,2,A,1,1,9,8,4,6,4,5,11,10,0,0,0,0,-1,0,0,1,0
2020/2021,2021-03-14 00:00:00,Leicester,Sheffield United,5,0,H,1,0,19,1,10,0,9,1,10,9,0,2,0,0,5,1,1,0,0
2020/2021,2021-03-14 00:00:00,Arsenal,Tottenham,2,1,H,1,1,13,6,3,3,6,3,12,14,1,2,0,1,1,0,1,0,0
2020/2021,2021-03-14 00:00:00,Man United,West Ham,1,0,H,0,0,15,7,4,0,6,3,12,2,4,0,0,0,1,0,1,0,0
2020/2021,2021-03-15 00:00:00,Wolves,Liverpool,0,1,A,0,1,10,12,5,4,3,2,17,10,2,1,0,0,-1,-1,0,1,0
2020/2021,2021-03-19 00:00:00,Fulham,Leeds,1,2,A,1,1,13,13,6,4,13,7,13,12,2,2,0,0,-1,0,0,1,0
2020/2021,2021-03-20 00:00:00,Brighton,Newcastle,3,0,H,1,0,11,3,6,1,3,1,12,5,0,1,0,0,3,1,1,0,0
2020/2021,2021-03-21 00:00:00,West Ham,Arsenal,3,3,D,3,1,15,16,5,7,3,5,18,8,3,1,0,0,0,2,0,0,1
2020/2021,2021-03-21 00:00:00,Aston Villa,Tottenham,0,2,A,0,1,8,9,1,3,5,8,18,13,3,2,0,0,-2,-1,0,1,0
2020/2021,2021-04-03 00:00:00,Chelsea,West Brom,2,5,A,1,2,18,14,8,7,10,3,11,6,1,1,1,0,-3,-1,0,1,0
2020/2021,2021-04-03 00:00:00,Leeds,Sheffield United,2,1,H,1,1,23,9,8,1,5,7,12,13,1,2,0,0,1,0,1,0,0
2020/2021,2021-04-03 00:00:00,Leicester,Man City,0,2,A,0,0,5,11,2,4,1,1,13,12,2,3,0,0,-2,0,0,1,0
2020/2021,2021-04-03 00:00:00,Arsenal,Liverpool,0,3,A,0,0,3,16,2,7,1,2,10,10,1,1,0,0,-3,0,0,1,0
2020/2021,2021-04-04 00:00:00,Southampton,Burnley,3,2,H,2,2,24,7,9,5,6,7,11,10,0,0,0,0,1,0,1,0,0
2020/2021,2021-04-04 00:00:00,Newcastle,Tottenham,2,2,D,1,2,22,11,6,5,7,3,13,14,3,2,0,0,0,-1,0,0,1
2020/2021,2021-04-04 00:00:00,Aston Villa,Fulham,3,1,H,0,0,14,15,4,7,4,4,14,20,1,2,0,0,2,0,1,0,0
2020/2021,2021-04-04 00:00:00,Man United,Brighton,2,1,H,0,1,15,5,7,3,5,6,14,7,2,2,0,0,1,-1,1,0,0
2020/2021,2021-04-05 00:00:00,Everton,Crystal Palace,1,1,D,0,0,15,13,7,6,3,4,10,10,2,0,0,0,0,0,0,0,1
2020/2021,2021-04-05 00:00:00,Wolves,West Ham,2,3,A,1,3,20,9,5,6,4,2,9,9,1,4,0,0,-1,-2,0,1,0
2020/2021,2021-04-09 00:00:00,Fulham,Wolves,0,1,A,0,0,14,7,3,3,3,4,11,8,0,0,0,0,-1,0,0,1,0
2020/2021,2021-04-10 00:00:00,Man City,Leeds,1,2,A,0,1,29,2,7,2,9,3,12,15,3,1,0,1,-1,-1,0,1,0
2020/2021,2021-04-10 00:00:00,Liverpool,Aston Villa,2,1,H,0,1,23,9,10,5,7,0,16,11,2,4,0,0,1,-1,1,0,0
2020/2021,2021-04-10 00:00:00,Crystal Palace,Chelsea,1,4,A,0,3,1,23,1,10,0,8,7,12,1,0,0,0,-3,-3,0,1,0
2020/2021,2021-04-11 00:00:00,Burnley,Newcastle,1,2,A,1,0,24,10,4,5,13,3,11,12,1,0,0,0,-1,1,0,1,0
2020/2021,2021-04-11 00:00:00,West Ham,Leicester,3,2,H,2,0,4,15,4,5,1,9,7,13,3,3,0,0,1,2,1,0,0
2020/2021,2021-04-11 00:00:00,Tottenham,Man United,1,3,A,1,0,12,12,3,7,7,5,11,15,1,5,0,0,-2,1,0,1,0
2020/2021,2021-04-11 00:00:00,Sheffield United,Arsenal,0,3,A,0,1,7,14,2,5,2,4,9,6,1,1,0,0,-3,-1,0,1,0
2020/2021,2021-04-12 00:00:00,West Brom,Southampton,3,0,H,2,0,15,14,6,4,5,10,12,11,0,1,0,0,3,2,1,0,0
2020/2021,2021-04-12 00:00:00,Brighton,Everton,0,0,D,0,0,23,8,3,1,10,3,12,7,1,2,0,0,0,0,0,0,1
2020/2021,2021-04-16 00:00:00,Everton,Tottenham,2,2,D,1,1,18,12,7,3,6,3,8,8,1,1,0,0,0,0,0,0,1
2020/2021,2021-04-17 00:00:00,Newcastle,West Ham,3,2,H,2,0,16,16,8,6,3,8,9,7,2,0,0,1,1,2,1,0,0
2020/2021,2021-04-17 00:00:00,Wolves,Sheffield United,1,0,H,0,0,10,8,5,2,3,3,8,15,1,2,0,0,1,0,1,0,0
2020/2021,2021-04-18 00:00:00,Arsenal,Fulham,1,1,D,0,0,18,3,5,1,11,1,9,11,0,3,0,0,0,0,0,0,1
2020/2021,2021-04-18 00:00:00,Man United,Burnley,3,1,H,0,0,17,10,9,3,8,3,9,12,1,2,0,0,2,0,1,0,0
2020/2021,2021-04-19 00:00:00,Leeds,Liverpool,1,1,D,0,1,12,17,5,7,10,8,17,15,2,1,0,0,0,-1,0,0,1
2020/2021,2021-04-20 00:00:00,Chelsea,Brighton,0,0,D,0,0,7,11,4,2,0,3,8,9,2,0,0,1,0,0,0,0,1
2020/2021,2021-04-21 00:00:00,Tottenham,Southampton,2,1,H,0,1,12,10,3,5,5,5,10,14,2,1,0,0,1,-1,1,0,0
2020/2021,2021-04-21 00:00:00,Aston Villa,Man City,1,2,A,1,2,8,13,3,3,1,11,12,7,0,1,1,1,-1,-1,0,1,0
2020/2021,2021-04-22 00:00:00,Leicester,West Brom,3,0,H,3,0,17,4,7,1,7,3,13,12,0,2,0,0,3,3,1,0,0
2020/2021,2021-04-23 00:00:00,Arsenal,Everton,0,1,A,0,0,14,8,3,1,7,3,13,10,1,3,0,0,-1,0,0,1,0
2020/2021,2021-04-24 00:00:00,Liverpool,Newcastle,1,1,D,1,0,22,7,9,4,6,3,9,7,2,1,0,0,0,1,0,0,1
2020/2021,2021-04-24 00:00:00,West Ham,Chelsea,0,1,A,0,1,9,17,2,6,4,2,9,11,0,4,1,0,-1,-1,0,1,0
2020/2021,2021-04-24 00:00:00,Sheffield United,Brighton,1,0,H,1,0,7,17,3,4,2,12,13,7,3,0,0,0,1,1,1,0,0
2020/2021,2021-04-25 00:00:00,Wolves,Burnley,0,4,A,0,3,12,14,2,7,8,5,8,9,1,2,0,0,-4,-3,0,1,0
2020/2021,2021-04-25 00:00:00,Leeds,Man United,0,0,D,0,0,6,16,3,4,2,6,21,11,4,1,0,0,0,0,0,0,1
2020/2021,2021-04-25 00:00:00,Aston Villa,West Brom,2,2,D,1,1,24,10,11,4,11,4,14,9,0,2,0,0,0,0,0,0,1
2020/2021,2021-04-26 00:00:00,Leicester,Crystal Palace,2,1,H,0,1,13,4,5,2,7,2,13,12,0,1,0,0,1,-1,1,0,0
2020/2021,2021-04-30 00:00:00,Southampton,Leicester,1,1,D,0,0,5,23,3,9,0,10,9,13,1,0,1,0,0,0,0,0,1
2020/2021,2021-05-01 00:00:00,Crystal Palace,Man City,0,2,A,0,0,9,20,4,3,2,6,9,10,2,0,0,0,-2,0,0,1,0
2020/2021,2021-05-01 00:00:00,Brighton,Leeds,2,0,H,1,0,17,11,5,2,2,9,17,6,1,1,0,0,2,1,1,0,0
2020/2021,2021-05-01 00:00:00,Chelsea,Fulham,2,0,H,1,0,9,10,5,3,1,8,15,8,1,1,0,0,2,1,1,0,0
2020/2021,2021-05-01 00:00:00,Everton,Aston Villa,1,2,A,1,1,16,13,3,5,3,6,10,13,0,2,0,0,-1,0,0,1,0
2020/2021,2021-05-02 00:00:00,Newcastle,Arsenal,0,2,A,0,1,5,19,1,5,3,7,10,9,2,1,1,0,-2,-1,0,1,0
2020/2021,2021-05-02 00:00:00,Tottenham,Sheffield United,4,0,H,1,0,20,8,11,1,6,6,8,9,1,1,0,0,4,1,1,0,0
2020/2021,2021-05-03 00:00:00,West Brom,Wolves,1,1,D,0,1,10,20,4,10,5,6,17,11,2,0,0,0,0,-1,0,0,1
2020/2021,2021-05-03 00:00:00,Burnley,West Ham,1,2,A,1,2,8,22,3,4,5,4,4,8,2,1,0,0,-1,-1,0,1,0
2020/2021,2021-05-07 00:00:00,Leicester,Newcastle,2,4,A,0,2,25,14,9,6,9,6,12,9,1,1,0,0,-2,-2,0,1,0
2020/2021,2021-05-08 00:00:00,Leeds,Tottenham,3,1,H,2,1,16,11,7,3,8,6,12,10,1,2,0,0,2,1,1,0,0
2020/2021,2021-05-08 00:00:00,Sheffield United,Crystal Palace,0,2,A,0,1,7,21,0,8,5,11,11,8,1,1,0,0,-2,-1,0,1,0
2020/2021,2021-05-08 00:00:00,Man City,Chelsea,1,2,A,1,0,16,12,4,5,6,2,12,10,2,0,0,0,-1,1,0,1,0
2020/2021,2021-05-08 00:00:00,Liverpool,Southampton,2,0,H,1,0,14,12,6,6,8,4,10,6,0,1,0,0,2,1,1,0,0
2020/2021,2021-05-09 00:00:00,Wolves,Brighton,2,1,H,0,1,16,5,6,3,10,5,12,7,2,2,0,2,1,-1,1,0,0
2020/2021,2021-05-09 00:00:00,Aston Villa,Man United,1,3,A,1,0,11,18,5,7,5,6,13,18,1,1,1,0,-2,1,0,1,0
2020/2021,2021-05-09 00:00:00,West Ham,Everton,0,1,A,0,1,11,9,0,3,5,6,8,10,2,1,0,0,-1,-1,0,1,0
2020/2021,2021-05-09 00:00:00,Arsenal,West Brom,3,1,H,2,0,15,12,7,1,6,6,7,9,1,2,0,0,2,2,1,0,0
2020/2021,2021-05-10 00:00:00,Fulham,Burnley,0,2,A,0,2,21,14,3,5,8,4,11,10,2,0,0,0,-2,-2,0,1,0
2020/2021,2021-05-11 00:00:00,Man United,Leicester,1,2,A,1,1,4,12,1,3,3,4,9,12,0,0,0,0,-1,0,0,1,0
2020/2021,2021-05-11 00:00:00,Southampton,Crystal Palace,3,1,H,1,1,13,11,6,4,12,8,20,13,2,3,0,0,2,0,1,0,0
2020/2021,2021-05-12 00:00:00,Chelsea,Arsenal,0,1,A,0,1,19,5,5,2,9,1,7,6,0,1,0,0,-1,-1,0,1,0
2020/2021,2021-05-13 00:00:00,Aston Villa,Everton,0,0,D,0,0,13,15,2,5,9,1,9,12,2,0,0,0,0,0,0,0,1
2020/2021,2021-05-13 00:00:00,Man United,Liverpool,2,4,A,1,2,18,17,3,8,6,4,10,12,3,0,0,0,-2,-1,0,1,0
2020/2021,2021-05-14 00:00:00,Newcastle,Man City,3,4,A,2,2,11,15,5,6,4,5,11,10,2,2,0,0,-1,0,0,1,0
2020/2021,2021-05-15 00:00:00,Burnley,Leeds,0,4,A,0,1,16,16,4,6,6,8,10,10,1,1,0,0,-4,-1,0,1,0
2020/2021,2021-05-15 00:00:00,Southampton,Fulham,3,1,H,1,0,11,10,7,3,6,5,9,15,0,1,0,0,2,1,1,0,0
2020/2021,2021-05-15 00:00:00,Brighton,West Ham,1,1,D,0,0,10,15,2,3,3,3,7,5,1,1,0,0,0,0,0,0,1
2020/2021,2021-05-16 00:00:00,Crystal Palace,Aston Villa,3,2,H,1,2,23,19,8,5,7,7,23,13,3,2,0,0,1,-1,1,0,0
2020/2021,2021-05-16 00:00:00,Tottenham,Wolves,2,0,H,1,0,24,15,13,3,10,3,8,11,1,0,0,0,2,1,1,0,0
2020/2021,2021-05-16 00:00:00,West Brom,Liverpool,1,2,A,1,1,10,26,3,6,9,13,7,14,0,0,0,0,-1,0,0,1,0
2020/2021,2021-05-16 00:00:00,Everton,Sheffield United,0,1,A,0,1,16,10,6,3,11,4,8,12,1,3,0,0,-1,-1,0,1,0
2020/2021,2021-05-18 00:00:00,Man United,Fulham,1,1,D,1,0,13,8,6,5,6,1,10,15,2,3,0,0,0,1,0,0,1
2020/2021,2021-05-18 00:00:00,Southampton,Leeds,0,2,A,0,0,18,15,3,7,4,5,10,12,0,3,0,0,-2,0,0,1,0
2020/2021,2021-05-18 00:00:00,Brighton,Man City,3,2,H,0,1,19,8,6,4,5,3,13,11,3,3,0,1,1,-1,1,0,0
2020/2021,2021-05-18 00:00:00,Chelsea,Leicester,2,1,H,0,0,17,7,6,3,6,5,15,16,2,4,0,0,1,0,1,0,0
2020/2021,2021-05-19 00:00:00,Everton,Wolves,1,0,H,0,0,14,9,4,3,7,12,11,11,0,2,0,0,1,0,1,0,0
2020/2021,2021-05-19 00:00:00,Newcastle,Sheffield United,1,0,H,1,0,16,11,5,1,5,2,7,7,0,2,0,0,1,1,1,0,0
2020/2021,2021-05-19 00:00:00,Tottenham,Aston Villa,1,2,A,1,2,10,20,4,4,4,5,14,13,1,1,0,0,-1,-1,0,1,0
2020/2021,2021-05-19 00:00:00,Crystal Palace,Arsenal,1,3,A,0,1,12,6,6,3,6,7,7,7,2,1,0,0,-2,-1,0,1,0
2020/2021,2021-05-19 00:00:00,Burnley,Liverpool,0,3,A,0,1,10,20,4,3,6,7,10,7,0,0,0,0,-3,-1,0,1,0
2020/2021,2021-05-19 00:00:00,West Brom,West Ham,1,3,A,1,1,14,21,4,9,6,8,8,11,2,2,0,0,-2,0,0,1,0
2020/2021,2021-05-23 00:00:00,Arsenal,Brighton,2,0,H,0,0,16,5,5,1,11,3,10,8,0,0,0,0,2,0,1,0,0
2020/2021,2021-05-23 00:00:00,Aston Villa,Chelsea,2,1,H,1,0,6,23,3,7,2,9,11,12,3,3,0,1,1,1,1,0,0
2020/2021,2021-05-23 00:00:00,Fulham,Newcastle,0,2,A,0,1,14,10,0,4,5,4,12,6,1,0,0,0,-2,-1,0,1,0
2020/2021,2021-05-23 00:00:00,Leeds,West Brom,3,1,H,2,0,17,14,9,5,8,3,12,12,2,1,0,0,2,2,1,0,0
2020/2021,2021-05-23 00:00:00,Leicester,Tottenham,2,4,A,1,1,10,11,6,4,8,7,9,8,0,2,0,0,-2,0,0,1,0
2020/2021,2021-05-23 00:00:00,Liverpool,Crystal Palace,2,0,H,1,0,19,5,5,4,14,1,10,8,2,2,0,0,2,1,1,0,0
2020/2021,2021-05-23 00:00:00,Man City,Everton,5,0,H,2,0,21,8,11,3,7,5,8,10,2,2,0,0,5,2,1,0,0
2020/2021,2021-05-23 00:00:00,Sheffield United,Burnley,1,0,H,1,0,12,10,3,3,8,9,11,1,3,1,0,0,1,1,1,0,0
2020/2021,2021-05-23 00:00:00,West Ham,Southampton,3,0,H,2,0,14,17,7,5,2,3,5,9,0,3,0,0,3,2,1,0,0
2020/2021,2021-05-23 00:00:00,Wolves,Man United,1,2,A,1,2,14,9,4,4,6,2,14,3,4,1,0,0,-1,-1,0,1,0
2021/2022,2021-08-13 00:00:00,Brentford,Arsenal,2,0,H,1,0,8,22,3,4,2,5,12,8,0,0,0,0,2,1,1,0,0
2021/2022,2021-08-14 00:00:00,Man United,Leeds,5,1,H,1,0,16,10,8,3,5,4,11,9,1,2,0,0,4,1,1,0,0
2021/2022,2021-08-14 00:00:00,Burnley,Brighton,1,2,A,1,0,14,14,3,8,7,6,10,7,2,1,0,0,-1,1,0,1,0
2021/2022,2021-08-14 00:00:00,Chelsea,Crystal Palace,3,0,H,2,0,13,4,6,1,5,2,15,11,0,0,0,0,3,2,1,0,0
2021/2022,2021-08-14 00:00:00,Everton,Southampton,3,1,H,0,1,14,6,6,3,6,8,13,15,2,0,0,0,2,-1,1,0,0
2021/2022,2021-08-14 00:00:00,Leicester,Wolves,1,0,H,1,0,9,17,5,3,5,4,6,10,1,2,0,0,1,1,1,0,0
2021/2022,2021-08-14 00:00:00,Watford,Aston Villa,3,2,H,2,0,13,11,7,2,2,4,18,13,3,1,0,0,1,2,1,0,0
2021/2022,2021-08-14 00:00:00,Norwich,Liverpool,0,3,A,0,1,14,19,3,8,3,11,4,14,1,1,0,0,-3,-1,0,1,0
2021/2022,2021-08-15 00:00:00,Newcastle,West Ham,2,4,A,2,1,17,8,3,9,7,6,4,3,1,0,0,0,-2,1,0,1,0
2021/2022,2021-08-15 00:00:00,Tottenham,Man City,1,0,H,0,0,13,18,3,4,3,11,11,8,2,1,0,0,1,0,1,0,0
2021/2022,2021-08-21 00:00:00,Liverpool,Burnley,2,0,H,1,0,27,9,9,3,8,4,6,12,0,0,0,0,2,1,1,0,0
2021/2022,2021-08-21 00:00:00,Aston Villa,Newcastle,2,0,H,1,0,10,9,2,1,3,4,8,18,3,4,0,0,2,1,1,0,0
2021/2022,2021-08-21 00:00:00,Crystal Palace,Brentford,0,0,D,0,0,7,14,2,3,3,5,12,9,3,1,0,0,0,0,0,0,1
2021/2022,2021-08-21 00:00:00,Leeds,Everton,2,2,D,1,1,17,17,4,8,8,5,6,13,2,4,0,0,0,0,0,0,1
2021/2022,2021-08-21 00:00:00,Man City,Norwich,5,0,H,2,0,16,1,4,0,6,1,13,7,1,0,0,0,5,2,1,0,0
2021/2022,2021-08-21 00:00:00,Brighton,Watford,2,0,H,2,0,13,10,3,1,7,2,11,6,4,0,0,0,2,2,1,0,0
2021/2022,2021-08-22 00:00:00,Southampton,Man United,1,1,D,1,0,8,15,3,4,7,7,12,10,2,3,0,0,0,1,0,0,1
2021/2022,2021-08-22 00:00:00,Wolves,Tottenham,0,1,A,0,1,25,8,6,6,5,4,9,7,1,4,0,0,-1,-1,0,1,0
2021/2022,2021-08-22 00:00:00,Arsenal,Chelsea,0,2,A,0,2,6,22,3,5,9,8,10,4,3,0,0,0,-2,-2,0,1,0
2021/2022,2021-08-23 00:00:00,West Ham,Leicester,4,1,H,1,0,13,5,7,1,10,0,8,8,0,1,0,1,3,1,1,0,0
2021/2022,2021-08-28 00:00:00,Man City,Arsenal,5,0,H,3,0,25,1,10,0,14,0,5,7,1,2,0,1,5,3,1,0,0
2021/2022,2021-08-28 00:00:00,Aston Villa,Brentford,1,1,D,1,1,7,9,5,2,3,2,15,14,3,3,0,0,0,0,0,0,1
2021/2022,2021-08-28 00:00:00,Brighton,Everton,0,2,A,0,1,14,14,3,5,4,5,7,9,1,2,0,0,-2,-1,0,1,0
2021/2022,2021-08-28 00:00:00,Newcastle,Southampton,2,2,D,0,0,10,22,5,6,4,4,11,6,3,3,0,0,0,0,0,0,1
2021/2022,2021-08-28 00:00:00,Norwich,Leicester,1,2,A,1,1,14,9,4,3,9,9,8,9,2,1,0,0,-1,0,0,1,0
2021/2022,2021-08-28 00:00:00,West Ham,Crystal Palace,2,2,D,1,0,14,9,4,2,5,3,10,7,1,0,0,0,0,1,0,0,1
2021/2022,2021-08-28 00:00:00,Liverpool,Chelsea,1,1,D,1,1,24,6,7,3,12,3,13,4,0,2,0,1,0,0,0,0,1
2021/2022,2021-08-29 00:00:00,Burnley,Leeds,1,1,D,0,0,12,12,3,2,5,5,13,9,4,3,0,0,0,0,0,0,1
2021/2022,2021-08-29 00:00:00,Tottenham,Watford,1,0,H,1,0,15,9,8,2,10,3,8,14,3,3,0,0,1,1,1,0,0
2021/2022,2021-08-29 00:00:00,Wolves,Man United,0,1,A,0,0,15,10,6,3,5,7,7,9,3,4,0,0,-1,0,0,1,0
2021/2022,2021-09-11 00:00:00,Crystal Palace,Tottenham,3,0,H,0,0,18,2,4,1,8,2,13,15,2,1,0,1,3,0,1,0,0
2021/2022,2021-09-11 00:00:00,Arsenal,Norwich,1,0,H,0,0,30,10,7,1,8,4,9,11,1,2,0,0,1,0,1,0,0
2021/2022,2021-09-11 00:00:00,Brentford,Brighton,0,1,A,0,0,7,4,1,2,1,6,9,12,3,2,0,0,-1,0,0,1,0
2021/2022,2021-09-11 00:00:00,Leicester,Man City,0,1,A,0,0,6,25,1,8,5,8,4,11,1,2,0,0,-1,0,0,1,0
2021/2022,2021-09-11 00:00:00,Man United,Newcastle,4,1,H,1,0,21,12,7,3,7,3,9,2,1,0,0,0,3,1,1,0,0
2021/2022,2021-09-11 00:00:00,Southampton,West Ham,0,0,D,0,0,11,13,3,3,5,4,10,12,3,1,0,1,0,0,0,0,1
2021/2022,2021-09-11 00:00:00,Watford,Wolves,0,2,A,0,0,6,14,2,5,6,8,15,13,3,3,0,0,-2,0,0,1,0
2021/2022,2021-09-11 00:00:00,Chelsea,Aston Villa,3,0,H,1,0,12,18,4,6,4,11,11,11,1,4,0,0,3,1,1,0,0
2021/2022,2021-09-12 00:00:00,Leeds,Liverpool,0,3,A,0,1,9,30,4,9,2,11,9,8,2,1,1,0,-3,-1,0,1,0
2021/2022,2021-09-13 00:00:00,Everton,Burnley,3,1,H,0,0,14,11,6,6,4,6,3,6,1,1,0,0,2,0,1,0,0
2021/2022,2021-09-17 00:00:00,Newcastle,Leeds,1,1,D,1,1,17,22,7,9,4,5,9,11,2,2,0,0,0,0,0,0,1
2021/2022,2021-09-18 00:00:00,Wolves,Brentford,0,2,A,0,2,11,9,0,3,4,2,10,7,4,2,0,1,-2,-2,0,1,0
2021/2022,2021-09-18 00:00:00,Burnley,Arsenal,0,1,A,0,1,18,13,3,3,8,3,9,8,2,1,0,0,-1,-1,0,1,0
2021/2022,2021-09-18 00:00:00,Liverpool,Crystal Palace,3,0,H,1,0,25,13,10,2,10,5,17,11,3,1,0,0,3,1,1,0,0
2021/2022,2021-09-18 00:00:00,Man City,Southampton,0,0,D,0,0,18,10,1,2,8,5,5,12,0,2,0,0,0,0,0,0,1
2021/2022,2021-09-18 00:00:00,Norwich,Watford,1,3,A,1,1,12,12,5,8,4,8,10,14,1,1,0,0,-2,0,0,1,0
2021/2022,2021-09-18 00:00:00,Aston Villa,Everton,3,0,H,0,0,15,11,3,1,5,4,7,10,1,1,0,0,3,0,1,0,0
2021/2022,2021-09-19 00:00:00,Brighton,Leicester,2,1,H,1,0,12,14,5,3,4,9,8,10,2,1,0,0,1,1,1,0,0
2021/2022,2021-09-19 00:00:00,West Ham,Man United,1,2,A,1,1,13,17,4,10,2,11,5,8,0,0,0,0,-1,0,0,1,0
2021/2022,2021-09-19 00:00:00,Tottenham,Chelsea,0,3,A,0,0,8,20,2,10,5,11,4,15,0,1,0,0,-3,0,0,1,0
2021/2022,2021-09-25 00:00:00,Chelsea,Man City,0,1,A,0,0,5,15,0,4,4,13,12,10,3,2,0,0,-1,0,0,1,0
2021/2022,2021-09-25 00:00:00,Man United,Aston Villa,0,1,A,0,0,28,7,4,3,5,5,9,13,2,2,0,0,-1,0,0,1,0
2021/2022,2021-09-25 00:00:00,Everton,Norwich,2,0,H,1,0,11,10,4,2,6,4,12,9,2,3,0,0,2,1,1,0,0
2021/2022,2021-09-25 00:00:00,Leeds,West Ham,1,2,A,1,0,15,20,5,7,5,7,10,6,3,2,0,0,-1,1,0,1,0
2021/2022,2021-09-25 00:00:00,Leicester,Burnley,2,2,D,1,2,22,9,5,3,8,4,10,8,2,4,0,0,0,-1,0,0,1
2021/2022,2021-09-25 00:00:00,Watford,Newcastle,1,1,D,0,1,15,20,4,6,5,6,19,12,4,3,0,0,0,-1,0,0,1
2021/2022,2021-09-25 00:00:00,Brentford,Liverpool,3,3,D,1,1,12,16,4,6,2,11,8,7,1,1,0,0,0,0,0,0,1
2021/2022,2021-09-26 00:00:00,Southampton,Wolves,0,1,A,0,0,18,5,6,3,5,5,12,8,0,0,0,0,-1,0,0,1,0
2021/2022,2021-09-26 00:00:00,Arsenal,Tottenham,3,1,H,3,0,12,10,7,4,4,4,12,13,2,1,0,0,2,3,1,0,0
2021/2022,2021-09-27 00:00:00,Crystal Palace,Brighton,1,1,D,1,0,8,8,3,4,6,5,12,10,2,3,0,0,0,1,0,0,1
2021/2022,2021-10-02 00:00:00,Man United,Everton,1,1,D,1,0,13,12,6,2,10,1,10,9,1,1,0,0,0,1,0,0,1
2021/2022,2021-10-02 00:00:00,Burnley,Norwich,0,0,D,0,0,14,10,4,2,9,5,13,3,5,2,0,0,0,0,0,0,1
2021/2022,2021-10-02 00:00:00,Chelsea,Southampton,3,1,H,1,0,20,6,9,2,7,2,11,13,1,3,0,1,2,1,1,0,0
2021/2022,2021-10-02 00:00:00,Leeds,Watford,1,0,H,1,0,20,5,4,1,6,3,10,16,0,3,0,0,1,1,1,0,0
2021/2022,2021-10-02 00:00:00,Wolves,Newcastle,2,1,H,1,1,7,8,3,2,0,4,15,5,0,2,0,0,1,0,1,0,0
2021/2022,2021-10-02 00:00:00,Brighton,Arsenal,0,0,D,0,0,21,8,2,2,8,5,8,5,2,1,0,0,0,0,0,0,1
2021/2022,2021-10-03 00:00:00,Crystal Palace,Leicester,2,2,D,0,2,18,9,4,5,1,3,15,11,2,3,0,0,0,-2,0,0,1
2021/2022,2021-10-03 00:00:00,Tottenham,Aston Villa,2,1,H,1,0,17,14,8,3,5,8,11,14,2,1,0,0,1,1,1,0,0
2021/2022,2021-10-03 00:00:00,West Ham,Brentford,1,2,A,0,1,18,13,5,6,11,6,16,13,2,3,0,0,-1,-1,0,1,0
2021/2022,2021-10-03 00:00:00,Liverpool,Man City,2,2,D,0,0,6,12,4,3,3,4,10,12,3,3,0,0,0,0,0,0,1
2021/2022,2021-10-16 00:00:00,Watford,Liverpool,0,5,A,0,2,6,19,2,8,1,9,4,10,0,0,0,0,-5,-2,0,1,0
2021/2022,2021-10-16 00:00:00,Aston Villa,Wolves,2,3,A,0,0,14,9,5,4,6,7,8,17,2,3,0,0,-1,0,0,1,0
2021/2022,2021-10-16 00:00:00,Leicester,Man United,4,2,H,1,1,22,18,11,6,4,3,5,17,0,3,0,0,2,0,1,0,0
2021/2022,2021-10-16 00:00:00,Man City,Burnley,2,0,H,1,0,15,7,6,2,6,2,11,5,1,0,0,0,2,1,1,0,0
2021/2022,2021-10-16 00:00:00,Norwich,Brighton,0,0,D,0,0,15,11,3,3,8,4,5,14,3,5,0,0,0,0,0,0,1
2021/2022,2021-10-16 00:00:00,Southampton,Leeds,1,0,H,0,0,19,3,5,0,8,1,16,14,2,3,0,0,1,0,1,0,0
2021/2022,2021-10-16 00:00:00,Brentford,Chelsea,0,1,A,0,1,17,5,7,1,5,5,13,8,1,1,0,0,-1,-1,0,1,0
2021/2022,2021-10-17 00:00:00,Everton,West Ham,0,1,A,0,0,15,16,2,4,7,9,3,3,0,2,0,0,-1,0,0,1,0
2021/2022,2021-10-17 00:00:00,Newcastle,Tottenham,2,3,A,1,3,7,14,1,4,2,9,13,4,4,1,1,0,-1,-2,0,1,0
2021/2022,2021-10-18 00:00:00,Arsenal,Crystal Palace,2,2,D,1,0,17,9,6,6,6,4,7,4,1,1,0,0,0,1,0,0,1
2021/2022,2021-10-22 00:00:00,Arsenal,Aston Villa,3,1,H,2,0,22,10,9,4,7,4,17,10,2,5,0,0,2,2,1,0,0
2021/2022,2021-10-23 00:00:00,Chelsea,Norwich,7,0,H,3,0,23,3,13,1,5,0,14,16,0,2,0,1,7,3,1,0,0
2021/2022,2021-10-23 00:00:00,Crystal Palace,Newcastle,1,1,D,0,0,15,6,3,2,3,7,13,9,3,4,0,0,0,0,0,0,1
2021/2022,2021-10-23 00:00:00,Everton,Watford,2,5,A,1,1,15,20,4,8,3,5,9,13,4,3,0,0,-3,0,0,1,0
2021/2022,2021-10-23 00:00:00,Leeds,Wolves,1,1,D,0,1,18,8,4,4,6,3,15,14,2,3,0,0,0,-1,0,0,1
2021/2022,2021-10-23 00:00:00,Southampton,Burnley,2,2,D,1,1,16,9,4,5,6,2,10,11,1,3,0,0,0,0,0,0,1
2021/2022,2021-10-23 00:00:00,Brighton,Man City,1,4,A,0,3,10,23,5,14,7,6,10,6,2,3,0,0,-3,-3,0,1,0
2021/2022,2021-10-24 00:00:00,Brentford,Leicester,1,2,A,0,1,15,10,5,6,9,2,13,7,1,1,0,0,-1,-1,0,1,0
2021/2022,2021-10-24 00:00:00,West Ham,Tottenham,1,0,H,0,0,13,7,4,4,2,4,11,4,2,1,0,0,1,0,1,0,0
2021/2022,2021-10-24 00:00:00,Man United,Liverpool,0,5,A,0,4,12,19,4,8,6,3,10,8,6,0,1,0,-5,-4,0,1,0
2021/2022,2021-10-30 00:00:00,Leicester,Arsenal,0,2,A,0,2,16,9,8,5,7,6,8,11,2,0,0,0,-2,-2,0,1,0
2021/2022,2021-10-30 00:00:00,Burnley,Brentford,3,1,H,3,0,15,12,6,5,4,2,7,10,1,1,0,0,2,3,1,0,0
2021/2022,2021-10-30 00:00:00,Liverpool,Brighton,2,2,D,2,1,14,9,3,6,5,3,8,5,2,2,0,0,0,1,0,0,1
2021/2022,2021-10-30 00:00:00,Man City,Crystal Palace,0,2,A,0,1,14,8,3,3,7,1,11,11,2,3,1,0,-2,-1,0,1,0
2021/2022,2021-10-30 00:00:00,Newcastle,Chelsea,0,3,A,0,0,6,19,1,6,0,2,14,12,3,2,0,0,-3,0,0,1,0
2021/2022,2021-10-30 00:00:00,Watford,Southampton,0,1,A,0,1,10,12,4,1,5,8,16,6,2,2,0,0,-1,-1,0,1,0
2021/2022,2021-10-30 00:00:00,Tottenham,Man United,0,3,A,0,1,9,10,0,4,10,2,12,14,2,3,0,0,-3,-1,0,1,0
2021/2022,2021-10-31 00:00:00,Norwich,Leeds,1,2,A,0,0,14,13,3,6,5,0,14,23,1,4,0,0,-1,0,0,1,0
2021/2022,2021-10-31 00:00:00,Aston Villa,West Ham,1,4,A,1,2,9,21,3,9,3,6,7,13,1,2,1,0,-3,-1,0,1,0
2021/2022,2021-11-01 00:00:00,Wolves,Everton,2,1,H,2,0,10,14,4,5,4,3,10,8,1,1,0,0,1,2,1,0,0
2021/2022,2021-11-05 00:00:00,Southampton,Aston Villa,1,0,H,1,0,9,14,3,3,10,8,12,12,2,2,0,0,1,1,1,0,0
2021/2022,2021-11-06 00:00:00,Man United,Man City,0,2,A,0,2,5,16,1,5,1,9,9,12,1,2,0,0,-2,-2,0,1,0
2021/2022,2021-11-06 00:00:00,Brentford,Norwich,1,2,A,0,2,19,9,7,5,6,2,12,13,2,3,0,0,-1,-2,0,1,0
2021/2022,2021-11-06 00:00:00,Chelsea,Burnley,1,1,D,1,0,25,5,4,2,14,2,6,9,1,4,0,0,0,1,0,0,1
2021/2022,2021-11-06 00:00:00,Crystal Palace,Wolves,2,0,H,0,0,13,4,6,2,4,6,14,13,2,1,0,0,2,0,1,0,0
2021/2022,2021-11-06 00:00:00,Brighton,Newcastle,1,1,D,1,0,14,6,5,1,2,5,16,10,3,4,1,0,0,1,0,0,1
2021/2022,2021-11-07 00:00:00,Arsenal,Watford,1,0,H,0,0,14,7,6,1,4,2,6,19,4,2,0,1,1,0,1,0,0
2021/2022,2021-11-07 00:00:00,Everton,Tottenham,0,0,D,0,0,12,8,2,0,4,2,13,17,2,4,1,0,0,0,0,0,1
2021/2022,2021-11-07 00:00:00,Leeds,Leicester,1,1,D,1,1,18,9,5,3,10,5,12,5,1,1,0,0,0,0,0,0,1
2021/2022,2021-11-07 00:00:00,West Ham,Liverpool,3,2,H,1,1,7,16,3,5,3,2,11,6,1,1,0,0,1,0,1,0,0
2021/2022,2021-11-20 00:00:00,Leicester,Chelsea,0,3,A,0,2,4,16,3,7,3,5,15,8,3,1,0,0,-3,-2,0,1,0
2021/2022,2021-11-20 00:00:00,Aston Villa,Brighton,2,0,H,0,0,9,6,5,2,5,7,7,13,3,3,0,0,2,0,1,0,0
2021/2022,2021-11-20 00:00:00,Burnley,Crystal Palace,3,3,D,2,3,15,18,9,8,3,6,14,15,2,3,0,0,0,-1,0,0,1
2021/2022,2021-11-20 00:00:00,Newcastle,Brentford,3,3,D,2,2,23,10,9,4,8,2,13,11,2,2,0,0,0,0,0,0,1
2021/2022,2021-11-20 00:00:00,Norwich,Southampton,2,1,H,1,1,8,17,4,5,5,7,8,9,3,2,0,0,1,0,1,0,0
2021/2022,2021-11-20 00:00:00,Watford,Man United,4,1,H,2,0,20,9,7,3,9,3,7,5,2,1,0,1,3,2,1,0,0
2021/2022,2021-11-20 00:00:00,Wolves,West Ham,1,0,H,0,0,15,8,5,3,7,3,6,9,1,1,0,0,1,0,1,0,0
2021/2022,2021-11-20 00:00:00,Liverpool,Arsenal,4,0,H,1,0,19,5,9,3,6,1,15,12,2,0,0,0,4,1,1,0,0
2021/2022,2021-11-21 00:00:00,Man City,Everton,3,0,H,1,0,17,4,7,1,7,1,5,7,1,1,0,0,3,1,1,0,0
2021/2022,2021-11-21 00:00:00,Tottenham,Leeds,2,1,H,0,1,13,18,4,7,4,8,11,12,1,4,0,0,1,-1,1,0,0
2021/2022,2021-11-27 00:00:00,Arsenal,Newcastle,2,0,H,0,0,24,9,6,5,4,4,6,12,1,3,0,0,2,0,1,0,0
2021/2022,2021-11-27 00:00:00,Crystal Palace,Aston Villa,1,2,A,0,1,8,10,3,3,7,3,12,10,3,3,0,0,-1,-1,0,1,0
2021/2022,2021-11-27 00:00:00,Liverpool,Southampton,4,0,H,3,0,20,7,6,3,5,7,7,14,0,1,0,0,4,3,1,0,0
2021/2022,2021-11-27 00:00:00,Norwich,Wolves,0,0,D,0,0,14,5,4,2,4,3,11,10,2,2,0,0,0,0,0,0,1
2021/2022,2021-11-27 00:00:00,Brighton,Leeds,0,0,D,0,0,20,11,4,4,6,1,12,14,1,3,0,0,0,0,0,0,1
2021/2022,2021-11-28 00:00:00,Brentford,Everton,1,0,H,1,0,6,14,4,5,3,3,8,11,4,3,0,0,1,1,1,0,0
2021/2022,2021-11-28 00:00:00,Leicester,Watford,4,2,H,3,1,18,16,8,5,8,6,5,19,0,0,0,0,2,2,1,0,0
2021/2022,2021-11-28 00:00:00,Man City,West Ham,2,1,H,1,0,19,5,9,3,8,4,7,6,2,0,0,0,1,1,1,0,0
2021/2022,2021-11-28 00:00:00,Chelsea,Man United,1,1,D,0,0,24,3,6,2,15,2,13,14,2,5,0,0,0,0,0,0,1
2021/2022,2021-11-30 00:00:00,Newcastle,Norwich,1,1,D,0,0,9,16,1,6,2,5,8,11,0,0,0,1,0,0,0,0,1
2021/2022,2021-11-30 00:00:00,Leeds,Crystal Palace,1,0,H,0,0,15,9,3,1,7,4,15,15,5,3,0,0,1,0,1,0,0
2021/2022,2021-12-01 00:00:00,Southampton,Leicester,2,2,D,2,1,15,15,7,6,2,4,14,11,1,3,0,0,0,1,0,0,1
2021/2022,2021-12-01 00:00:00,Watford,Chelsea,1,2,A,1,1,13,8,6,4,6,0,18,16,4,3,0,0,-1,0,0,1,0
2021/2022,2021-12-01 00:00:00,West Ham,Brighton,1,1,D,1,0,14,9,6,3,9,5,10,8,1,1,0,0,0,1,0,0,1
2021/2022,2021-12-01 00:00:00,Wolves,Burnley,0,0,D,0,0,16,6,2,1,5,5,5,7,2,3,0,0,0,0,0,0,1
2021/2022,2021-12-01 00:00:00,Aston Villa,Man City,1,2,A,0,2,9,17,3,7,4,11,8,12,0,0,0,0,-1,-2,0,1,0
2021/2022,2021-12-01 00:00:00,Everton,Liverpool,1,4,A,1,2,8,16,2,7,3,11,8,16,4,3,0,0,-3,-1,0,1,0
2021/2022,2021-12-02 00:00:00,Tottenham,Brentford,2,0,H,1,0,11,6,6,2,11,5,13,11,0,0,0,0,2,1,1,0,0
2021/2022,2021-12-02 00:00:00,Man United,Arsenal,3,2,H,1,1,14,17,10,8,3,8,9,10,1,0,0,0,1,0,1,0,0
2021/2022,2021-12-04 00:00:00,West Ham,Chelsea,3,2,H,1,2,11,19,5,7,1,9,10,10,1,3,0,0,1,-1,1,0,0
2021/2022,2021-12-04 00:00:00,Newcastle,Burnley,1,0,H,1,0,19,10,4,1,10,3,11,9,1,1,0,0,1,1,1,0,0
2021/2022,2021-12-04 00:00:00,Southampton,Brighton,1,1,D,1,0,14,14,4,4,6,2,15,12,4,2,0,0,0,1,0,0,1
2021/2022,2021-12-04 00:00:00,Wolves,Liverpool,0,1,A,0,0,3,17,1,5,2,8,4,7,2,2,0,0,-1,0,0,1,0
2021/2022,2021-12-04 00:00:00,Watford,Man City,1,3,A,0,2,11,26,4,13,5,11,10,7,3,0,0,0,-2,-2,0,1,0
2021/2022,2021-12-05 00:00:00,Leeds,Brentford,2,2,D,1,0,13,9,6,3,5,1,11,9,5,3,0,0,0,1,0,0,1
2021/2022,2021-12-05 00:00:00,Man United,Crystal Palace,1,0,H,0,0,16,8,3,2,9,6,16,9,2,2,0,0,1,0,1,0,0
2021/2022,2021-12-05 00:00:00,Tottenham,Norwich,3,0,H,1,0,17,10,7,1,6,4,11,4,1,2,0,0,3,1,1,0,0
2021/2022,2021-12-05 00:00:00,Aston Villa,Leicester,2,1,H,1,1,13,12,4,5,3,6,8,25,1,1,0,0,1,0,1,0,0
2021/2022,2021-12-06 00:00:00,Everton,Arsenal,2,1,H,0,1,11,10,5,3,3,3,8,12,2,2,0,0,1,-1,1,0,0
2021/2022,2021-12-10 00:00:00,Brentford,Watford,2,1,H,0,1,14,6,5,2,8,2,12,18,4,0,0,0,1,-1,1,0,0
2021/2022,2021-12-11 00:00:00,Man City,Wolves,1,0,H,0,0,24,2,10,1,14,1,12,5,3,2,0,1,1,0,1,0,0
2021/2022,2021-12-11 00:00:00,Arsenal,Southampton,3,0,H,2,0,15,11,5,6,9,8,5,9,2,0,0,0,3,2,1,0,0
2021/2022,2021-12-11 00:00:00,Chelsea,Leeds,3,2,H,1,1,16,12,6,5,5,2,9,15,2,5,0,0,1,0,1,0,0
2021/2022,2021-12-11 00:00:00,Liverpool,Aston Villa,1,0,H,0,0,20,4,5,0,11,3,13,6,1,2,0,0,1,0,1,0,0
2021/2022,2021-12-11 00:00:00,Norwich,Man United,0,1,A,0,0,11,13,5,5,8,6,6,17,1,1,0,0,-1,0,0,1,0
2021/2022,2021-12-12 00:00:00,Burnley,West Ham,0,0,D,0,0,9,16,1,3,6,4,13,11,2,1,0,0,0,0,0,0,1
2021/2022,2021-12-12 00:00:00,Leicester,Newcastle,4,0,H,1,0,8,12,5,3,4,6,9,16,2,3,0,0,4,1,1,0,0
2021/2022,2021-12-12 00:00:00,Crystal Palace,Everton,3,1,H,1,0,17,12,6,6,8,2,15,14,0,2,0,0,2,1,1,0,0
2021/2022,2021-12-14 00:00:00,Norwich,Aston Villa,0,2,A,0,1,7,17,3,6,7,10,12,9,3,1,0,0,-2,-1,0,1,0
2021/2022,2021-12-14 00:00:00,Man City,Leeds,7,0,H,3,0,31,6,15,3,6,2,5,9,1,1,0,0,7,3,1,0,0
2021/2022,2021-12-15 00:00:00,Brighton,Wolves,0,1,A,0,1,12,8,2,5,7,4,11,14,2,0,0,0,-1,-1,0,1,0
2021/2022,2021-12-15 00:00:00,Crystal Palace,Southampton,2,2,D,1,2,9,15,6,4,4,6,16,20,2,4,0,0,0,-1,0,0,1
2021/2022,2021-12-15 00:00:00,Arsenal,West Ham,2,0,H,0,0,21,7,8,1,5,2,8,9,2,0,0,1,2,0,1,0,0
2021/2022,2021-12-16 00:00:00,Chelsea,Everton,1,1,D,0,0,23,5,10,3,7,1,11,11,2,3,0,0,0,0,0,0,1
2021/2022,2021-12-16 00:00:00,Liverpool,Newcastle,3,1,H,2,1,23,4,8,2,11,0,9,4,1,3,0,0,2,1,1,0,0
2021/2022,2021-12-18 00:00:00,Leeds,Arsenal,1,4,A,0,3,9,21,2,12,1,4,11,7,3,1,0,0,-3,-3,0,1,0
2021/2022,2021-12-19 00:00:00,Newcastle,Man City,0,4,A,0,2,5,18,1,7,3,6,9,6,1,2,0,0,-4,-2,0,1,0
2021/2022,2021-12-19 00:00:00,Wolves,Chelsea,0,0,D,0,0,4,8,1,1,4,9,9,7,0,2,0,0,0,0,0,0,1
2021/2022,2021-12-19 00:00:00,Tottenham,Liverpool,2,2,D,1,1,10,18,5,6,6,4,12,11,4,4,0,1,0,0,0,0,1
2021/2022,2021-12-26 00:00:00,Man City,Leicester,6,3,H,4,0,17,14,9,8,14,4,11,9,1,2,0,0,3,4,1,0,0
2021/2022,2021-12-26 00:00:00,Norwich,Arsenal,0,5,A,0,2,4,16,2,6,3,5,13,7,1,2,0,0,-5,-2,0,1,0
2021/2022,2021-12-26 00:00:00,Tottenham,Crystal Palace,3,0,H,2,0,17,4,6,0,4,2,16,10,1,1,0,1,3,2,1,0,0
2021/2022,2021-12-26 00:00:00,West Ham,Southampton,2,3,A,0,1,11,11,5,6,10,2,10,9,2,3,0,0,-1,-1,0,1,0
2021/2022,2021-12-26 00:00:00,Aston Villa,Chelsea,1,3,A,1,1,8,10,1,4,2,5,8,11,3,1,0,0,-2,0,0,1,0
2021/2022,2021-12-26 00:00:00,Brighton,Brentford,2,0,H,2,0,15,16,5,6,6,9,8,10,1,3,0,0,2,2,1,0,0
2021/2022,2021-12-27 00:00:00,Newcastle,Man United,1,1,D,1,0,13,13,8,4,2,4,11,8,3,3,0,0,0,1,0,0,1
2021/2022,2021-12-28 00:00:00,Crystal Palace,Norwich,3,0,H,3,0,19,12,6,3,8,8,9,13,1,2,0,0,3,3,1,0,0
2021/2022,2021-12-28 00:00:00,Southampton,Tottenham,1,1,D,1,1,9,21,2,11,3,7,15,5,2,2,1,0,0,0,0,0,1
2021/2022,2021-12-28 00:00:00,Watford,West Ham,1,4,A,1,2,14,13,5,6,4,5,12,12,0,1,0,0,-3,-1,0,1,0
2021/2022,2021-12-28 00:00:00,Leicester,Liverpool,1,0,H,0,0,6,21,1,4,1,12,8,11,0,1,0,0,1,0,1,0,0
2021/2022,2021-12-29 00:00:00,Chelsea,Brighton,1,1,D,1,0,11,18,5,6,10,8,14,7,4,1,0,0,0,1,0,0,1
2021/2022,2021-12-29 00:00:00,Brentford,Man City,0,1,A,0,1,6,12,2,3,3,5,12,10,0,0,0,0,-1,-1,0,1,0
2021/2022,2021-12-30 00:00:00,Man United,Burnley,3,1,H,3,1,18,10,6,3,7,5,5,10,0,0,0,0,2,2,1,0,0
2021/2022,2022-01-01 00:00:00,Arsenal,Man City,1,2,A,1,0,7,15,2,2,5,5,13,5,3,2,1,0,-1,1,0,1,0
2021/2022,2022-01-01 00:00:00,Watford,Tottenham,0,1,A,0,0,6,21,4,9,3,7,6,9,0,1,0,0,-1,0,0,1,0
2021/2022,2022-01-01 00:00:00,Crystal Palace,West Ham,2,3,A,0,3,22,10,6,5,9,1,6,16,0,2,0,0,-1,-3,0,1,0
2021/2022,2022-01-02 00:00:00,Brentford,Aston Villa,2,1,H,1,1,10,16,4,5,3,7,17,11,2,2,0,0,1,0,1,0,0
2021/2022,2022-01-02 00:00:00,Everton,Brighton,2,3,A,0,2,17,12,6,5,8,5,5,12,1,1,0,0,-1,-2,0,1,0
2021/2022,2022-01-02 00:00:00,Leeds,Burnley,3,1,H,1,0,22,8,7,2,9,3,11,7,2,1,0,0,2,1,1,0,0
2021/2022,2022-01-02 00:00:00,Chelsea,Liverpool,2,2,D,2,2,15,10,6,6,6,7,5,13,1,2,0,0,0,0,0,0,1
2021/2022,2022-01-03 00:00:00,Man United,Wolves,0,1,A,0,0,9,19,2,6,3,8,9,8,3,1,0,0,-1,0,0,1,0
2021/2022,2022-01-11 00:00:00,Southampton,Brentford,4,1,H,2,1,12,5,6,4,5,2,9,8,0,1,0,0,3,1,1,0,0
2021/2022,2022-01-12 00:00:00,West Ham,Norwich,2,0,H,1,0,13,7,5,3,11,2,9,8,0,0,0,0,2,1,1,0,0
2021/2022,2022-01-14 00:00:00,Brighton,Crystal Palace,1,1,D,0,0,19,3,4,1,9,0,11,7,0,2,0,0,0,0,0,0,1
2021/2022,2022-01-15 00:00:00,Man City,Chelsea,1,0,H,0,0,11,4,6,1,9,1,11,6,0,2,0,0,1,0,1,0,0
2021/2022,2022-01-15 00:00:00,Newcastle,Watford,1,1,D,0,0,12,18,1,5,4,6,13,13,3,2,0,0,0,0,0,0,1
2021/2022,2022-01-15 00:00:00,Norwich,Everton,2,1,H,2,0,14,12,3,5,8,8,12,14,3,1,0,0,1,2,1,0,0
2021/2022,2022-01-15 00:00:00,Wolves,Southampton,3,1,H,1,0,9,13,5,10,2,10,13,14,2,3,0,0,2,1,1,0,0
2021/2022,2022-01-15 00:00:00,Aston Villa,Man United,2,2,D,0,1,13,13,9,6,3,6,8,13,1,2,0,0,0,-1,0,0,1
2021/2022,2022-01-16 00:00:00,Liverpool,Brentford,3,0,H,1,0,27,6,13,1,9,0,6,6,0,1,0,0,3,1,1,0,0
2021/2022,2022-01-16 00:00:00,West Ham,Leeds,2,3,A,1,2,15,18,5,5,4,3,6,9,3,2,0,0,-1,-1,0,1,0
2021/2022,2022-01-18 00:00:00,Brighton,Chelsea,1,1,D,0,1,10,15,2,3,5,7,8,5,1,2,0,0,0,-1,0,0,1
2021/2022,2022-01-19 00:00:00,Leicester,Tottenham,2,3,A,1,1,14,27,4,10,3,8,6,12,1,2,0,0,-1,0,0,1,0
2021/2022,2022-01-19 00:00:00,Brentford,Man United,1,3,A,0,0,18,13,8,5,6,9,7,9,0,0,0,0,-2,0,0,1,0
2021/2022,2022-01-21 00:00:00,Watford,Norwich,0,3,A,0,0,15,7,4,2,5,1,16,11,0,1,1,0,-3,0,0,1,0
2021/2022,2022-01-22 00:00:00,Everton,Aston Villa,0,1,A,0,1,15,8,1,3,9,2,14,16,5,3,0,0,-1,-1,0,1,0
2021/2022,2022-01-22 00:00:00,Brentford,Wolves,1,2,A,0,0,11,7,1,2,6,3,6,7,2,3,0,0,-1,0,0,1,0
2021/2022,2022-01-22 00:00:00,Leeds,Newcastle,0,1,A,0,0,13,15,4,3,6,7,9,9,4,2,0,0,-1,0,0,1,0
2021/2022,2022-01-22 00:00:00,Man United,West Ham,1,0,H,0,0,18,6,3,1,3,3,9,8,1,1,0,0,1,0,1,0,0
2021/2022,2022-01-22 00:00:00,Southampton,Man City,1,1,D,1,0,7,20,3,5,2,11,13,5,3,0,0,0,0,1,0,0,1
2021/2022,2022-01-23 00:00:00,Arsenal,Burnley,0,0,D,0,0,20,10,5,1,12,4,9,13,0,2,0,0,0,0,0,0,1
2021/2022,2022-01-23 00:00:00,Crystal Palace,Liverpool,1,3,A,0,2,8,15,5,7,2,5,12,10,4,1,0,0,-2,-2,0,1,0
2021/2022,2022-01-23 00:00:00,Leicester,Brighton,1,1,D,0,0,15,14,5,5,4,5,6,8,0,1,0,0,0,0,0,0,1
2021/2022,2022-01-23 00:00:00,Chelsea,Tottenham,2,0,H,0,0,15,6,7,3,10,3,17,14,2,1,0,0,2,0,1,0,0
2021/2022,2022-02-05 00:00:00,Burnley,Watford,0,0,D,0,0,13,11,2,5,4,7,16,9,1,2,0,0,0,0,0,0,1
2021/2022,2022-02-08 00:00:00,Newcastle,Everton,3,1,H,1,1,20,11,9,3,6,2,13,13,2,3,0,0,2,0,1,0,0
2021/2022,2022-02-08 00:00:00,West Ham,Watford,1,0,H,0,0,9,6,3,1,5,6,1,6,1,0,0,0,1,0,1,0,0
2021/2022,2022-02-08 00:00:00,Burnley,Man United,1,1,D,0,1,9,22,3,5,2,10,11,10,2,1,0,0,0,-1,0,0,1
2021/2022,2022-02-09 00:00:00,Man City,Brentford,2,0,H,1,0,15,6,7,2,9,3,7,13,0,0,0,0,2,1,1,0,0
2021/2022,2022-02-09 00:00:00,Norwich,Crystal Palace,1,1,D,1,0,5,13,1,5,4,6,11,15,1,2,0,0,0,1,0,0,1
2021/2022,2022-02-09 00:00:00,Tottenham,Southampton,2,3,A,1,1,8,23,3,10,2,8,7,13,2,3,0,0,-1,0,0,1,0
2021/2022,2022-02-09 00:00:00,Aston Villa,Leeds,3,3,D,3,2,12,16,4,8,6,11,11,9,1,3,1,0,0,1,0,0,1
2021/2022,2022-02-10 00:00:00,Liverpool,Leicester,2,0,H,1,0,22,5,11,1,7,6,11,7,1,0,0,0,2,1,1,0,0
2021/2022,2022-02-10 00:00:00,Wolves,Arsenal,0,1,A,0,1,15,12,4,2,7,4,12,13,2,3,0,1,-1,-1,0,1,0
2021/2022,2022-02-12 00:00:00,Man United,Southampton,1,1,D,1,0,12,13,8,4,1,4,12,13,4,0,0,0,0,1,0,0,1
2021/2022,2022-02-12 00:00:00,Brentford,Crystal Palace,0,0,D,0,0,9,6,2,3,3,9,10,10,1,0,0,0,0,0,0,0,1
2021/2022,2022-02-12 00:00:00,Everton,Leeds,3,0,H,2,0,21,7,10,0,5,3,8,9,1,1,0,0,3,2,1,0,0
2021/2022,2022-02-12 00:00:00,Watford,Brighton,0,2,A,0,1,9,11,1,6,4,5,16,9,3,2,0,0,-2,-1,0,1,0
2021/2022,2022-02-12 00:00:00,Norwich,Man City,0,4,A,0,1,8,22,3,9,4,12,7,8,0,2,0,0,-4,-1,0,1,0
2021/2022,2022-02-13 00:00:00,Burnley,Liverpool,0,1,A,0,1,8,12,5,4,5,8,7,6,0,1,0,0,-1,-1,0,1,0
2021/2022,2022-02-13 00:00:00,Newcastle,Aston Villa,1,0,H,1,0,10,11,2,1,3,6,22,15,3,4,0,0,1,1,1,0,0
2021/2022,2022-02-13 00:00:00,Tottenham,Wolves,0,2,A,0,2,17,11,7,7,7,3,13,13,3,1,0,0,-2,-2,0,1,0
2021/2022,2022-02-13 00:00:00,Leicester,West Ham,2,2,D,1,1,13,8,2,3,5,4,10,9,1,2,0,0,0,0,0,0,1
2021/2022,2022-02-15 00:00:00,Man United,Brighton,2,0,H,0,0,19,10,7,3,10,2,8,10,3,1,0,1,2,0,1,0,0
2021/2022,2022-02-19 00:00:00,West Ham,Newcastle,1,1,D,1,1,11,14,3,3,3,7,3,7,3,3,0,0,0,0,0,0,1
2021/2022,2022-02-19 00:00:00,Arsenal,Brentford,2,1,H,0,0,24,6,8,2,14,0,10,5,1,1,0,0,1,0,1,0,0
2021/2022,2022-02-19 00:00:00,Aston Villa,Watford,0,1,A,0,0,20,8,1,4,10,5,12,7,1,2,0,0,-1,0,0,1,0
2021/2022,2022-02-19 00:00:00,Brighton,Burnley,0,3,A,0,2,11,10,1,4,4,4,12,12,1,4,0,0,-3,-2,0,1,0
2021/2022,2022-02-19 00:00:00,Crystal Palace,Chelsea,0,1,A,0,0,7,9,0,3,4,4,4,20,1,3,0,0,-1,0,0,1,0
2021/2022,2022-02-19 00:00:00,Liverpool,Norwich,3,1,H,0,0,29,6,8,1,9,4,7,8,0,1,0,0,2,0,1,0,0
2021/2022,2022-02-19 00:00:00,Southampton,Everton,2,0,H,0,0,19,9,11,0,4,4,6,9,0,2,0,0,2,0,1,0,0
2021/2022,2022-02-19 00:00:00,Man City,Tottenham,2,3,A,1,1,21,6,4,5,10,0,5,7,0,3,0,0,-1,0,0,1,0
2021/2022,2022-02-20 00:00:00,Leeds,Man United,2,4,A,0,2,16,15,6,9,3,3,13,19,6,3,0,0,-2,-2,0,1,0
2021/2022,2022-02-20 00:00:00,Wolves,Leicester,2,1,H,1,1,11,17,3,7,7,10,12,9,4,4,0,0,1,0,1,0,0
2021/2022,2022-02-23 00:00:00,Burnley,Tottenham,1,0,H,0,0,15,12,4,2,3,7,8,8,0,0,0,0,1,0,1,0,0
2021/2022,2022-02-23 00:00:00,Watford,Crystal Palace,1,4,A,1,2,8,7,1,5,6,4,12,9,2,1,0,0,-3,-1,0,1,0
2021/2022,2022-02-23 00:00:00,Liverpool,Leeds,6,0,H,3,0,23,3,15,2,4,0,5,11,0,3,0,0,6,3,1,0,0
2021/2022,2022-02-24 00:00:00,Arsenal,Wolves,2,1,H,0,1,26,6,5,2,5,4,8,9,1,1,0,0,1,-1,1,0,0
2021/2022,2022-02-25 00:00:00,Southampton,Norwich,2,0,H,1,0,27,8,9,1,13,6,12,9,1,2,0,0,2,1,1,0,0
2021/2022,2022-02-26 00:00:00,Leeds,Tottenham,0,4,A,0,3,19,15,3,11,3,6,16,11,4,2,0,0,-4,-3,0,1,0
2021/2022,2022-02-26 00:00:00,Brentford,Newcastle,0,2,A,0,2,6,26,1,11,6,6,9,7,3,1,1,0,-2,-2,0,1,0
2021/2022,2022-02-26 00:00:00,Crystal Palace,Burnley,1,1,D,1,0,11,5,4,1,5,4,5,17,0,2,0,0,0,1,0,0,1
2021/2022,2022-02-26 00:00:00,Man United,Watford,0,0,D,0,0,22,10,3,2,4,3,2,7,0,0,0,0,0,0,0,0,1
2021/2022,2022-02-26 00:00:00,Brighton,Aston Villa,0,2,A,0,1,12,9,1,4,7,2,17,11,4,5,0,0,-2,-1,0,1,0
2021/2022,2022-02-26 00:00:00,Everton,Man City,0,1,A,0,0,6,13,2,8,3,4,7,14,3,2,0,0,-1,0,0,1,0
2021/2022,2022-02-27 00:00:00,West Ham,Wolves,1,0,H,0,0,13,14,4,1,3,5,8,2,1,0,0,0,1,0,1,0,0
2021/2022,2022-03-01 00:00:00,Burnley,Leicester,0,2,A,0,0,9,22,2,6,6,8,10,13,1,1,0,0,-2,0,0,1,0
2021/2022,2022-03-05 00:00:00,Leicester,Leeds,1,0,H,0,0,7,19,4,4,5,10,9,12,1,2,0,0,1,0,1,0,0
2021/2022,2022-03-05 00:00:00,Aston Villa,Southampton,4,0,H,2,0,14,11,9,1,4,7,10,8,1,1,0,0,4,2,1,0,0
2021/2022,2022-03-05 00:00:00,Burnley,Chelsea,0,4,A,0,0,6,11,1,5,5,2,12,7,2,0,0,0,-4,0,0,1,0
2021/2022,2022-03-05 00:00:00,Newcastle,Brighton,2,1,H,2,0,10,15,4,4,4,7,8,10,1,1,0,0,1,2,1,0,0
2021/2022,2022-03-05 00:00:00,Norwich,Brentford,1,3,A,0,1,15,10,7,6,5,5,13,18,2,5,0,0,-2,-1,0,1,0
2021/2022,2022-03-05 00:00:00,Wolves,Crystal Palace,0,2,A,0,2,12,12,5,8,7,7,13,8,0,3,0,0,-2,-2,0,1,0
2021/2022,2022-03-05 00:00:00,Liverpool,West Ham,1,0,H,1,0,22,13,5,5,4,6,7,7,2,1,0,0,1,1,1,0,0
2021/2022,2022-03-06 00:00:00,Watford,Arsenal,2,3,A,1,2,13,16,7,4,1,5,5,11,1,2,0,0,-1,-1,0,1,0
2021/2022,2022-03-06 00:00:00,Man City,Man United,4,1,H,2,1,24,5,10,2,9,3,10,14,0,1,0,0,3,1,1,0,0
2021/2022,2022-03-07 00:00:00,Tottenham,Everton,5,0,H,3,0,14,6,7,0,5,2,15,10,2,0,0,0,5,3,1,0,0
2021/2022,2022-03-10 00:00:00,Norwich,Chelsea,1,3,A,0,2,9,15,3,7,3,8,8,15,0,2,0,0,-2,-2,0,1,0
2021/2022,2022-03-10 00:00:00,Southampton,Newcastle,1,2,A,1,1,14,8,5,4,12,5,6,7,1,1,0,0,-1,0,0,1,0
2021/2022,2022-03-10 00:00:00,Wolves,Watford,4,0,H,2,0,10,9,5,0,5,2,11,10,2,2,0,0,4,2,1,0,0
2021/2022,2022-03-10 00:00:00,Leeds,Aston Villa,0,3,A,0,1,4,15,1,9,3,5,17,11,5,3,0,0,-3,-1,0,1,0
2021/2022,2022-03-12 00:00:00,Brighton,Liverpool,0,2,A,0,1,8,18,3,9,7,6,12,15,3,1,0,0,-2,-1,0,1,0
2021/2022,2022-03-12 00:00:00,Brentford,Burnley,2,0,H,0,0,13,7,4,1,2,9,6,10,1,1,0,1,2,0,1,0,0
2021/2022,2022-03-12 00:00:00,Man United,Tottenham,3,2,H,2,1,10,10,6,3,4,5,8,7,2,1,0,0,1,1,1,0,0
2021/2022,2022-03-13 00:00:00,Chelsea,Newcastle,1,0,H,0,0,8,7,3,2,7,2,17,16,4,3,0,0,1,0,1,0,0
2021/2022,2022-03-13 00:00:00,Everton,Wolves,0,1,A,0,0,8,14,2,3,5,2,13,11,2,1,1,0,-1,0,0,1,0
2021/2022,2022-03-13 00:00:00,Leeds,Norwich,2,1,H,1,0,13,12,7,4,6,2,18,8,3,1,0,0,1,1,1,0,0
2021/2022,2022-03-13 00:00:00,Southampton,Watford,1,2,A,1,2,13,9,7,5,11,3,8,12,3,2,0,0,-1,-1,0,1,0
2021/2022,2022-03-13 00:00:00,West Ham,Aston Villa,2,1,H,0,0,11,13,4,7,5,7,9,3,1,0,0,0,1,0,1,0,0
2021/2022,2022-03-13 00:00:00,Arsenal,Leicester,2,0,H,1,0,21,6,8,3,2,6,8,10,0,3,0,0,2,1,1,0,0
2021/2022,2022-03-14 00:00:00,Crystal Palace,Man City,0,0,D,0,0,7,18,1,4,2,6,6,11,3,1,0,0,0,0,0,0,1
2021/2022,2022-03-16 00:00:00,Brighton,Tottenham,0,2,A,0,1,15,17,0,7,6,3,11,9,2,2,0,0,-2,-1,0,1,0
2021/2022,2022-03-16 00:00:00,Arsenal,Liverpool,0,2,A,0,0,9,9,2,3,1,6,9,9,0,1,0,0,-2,0,0,1,0
2021/2022,2022-03-17 00:00:00,Everton,Newcastle,1,0,H,0,0,9,17,3,6,5,7,13,11,2,1,1,0,1,0,1,0,0
2021/2022,2022-03-18 00:00:00,Wolves,Leeds,2,3,A,2,0,14,15,8,6,2,5,13,14,1,4,1,0,-1,2,0,1,0
2021/2022,2022-03-19 00:00:00,Aston Villa,Arsenal,0,1,A,0,1,8,10,1,3,6,5,13,14,3,3,0,0,-1,-1,0,1,0
2021/2022,2022-03-20 00:00:00,Leicester,Brentford,2,1,H,2,0,12,15,4,6,2,5,10,10,1,2,0,0,1,2,1,0,0
2021/2022,2022-03-20 00:00:00,Tottenham,West Ham,3,1,H,2,1,17,6,4,1,5,3,7,7,0,1,0,0,2,1,1,0,0
2021/2022,2022-04-02 00:00:00,Liverpool,Watford,2,0,H,1,0,20,5,3,2,9,3,9,8,1,1,0,0,2,1,1,0,0
2021/2022,2022-04-02 00:00:00,Brighton,Norwich,0,0,D,0,0,31,6,4,0,11,2,12,11,1,1,0,0,0,0,0,0,1
2021/2022,2022-04-02 00:00:00,Burnley,Man City,0,2,A,0,2,3,18,1,6,1,8,11,6,1,0,0,0,-2,-2,0,1,0
2021/2022,2022-04-02 00:00:00,Chelsea,Brentford,1,4,A,0,0,21,17,8,6,12,7,11,7,0,0,0,0,-3,0,0,1,0
2021/2022,2022-04-02 00:00:00,Leeds,Southampton,1,1,D,1,0,12,14,3,6,4,7,14,7,1,1,0,0,0,1,0,0,1
2021/2022,2022-04-02 00:00:00,Wolves,Aston Villa,2,1,H,2,0,11,15,5,5,4,9,15,8,4,3,0,0,1,2,1,0,0
2021/2022,2022-04-02 00:00:00,Man United,Leicester,1,1,D,0,0,11,11,5,3,6,5,13,6,2,2,0,0,0,0,0,0,1
2021/2022,2022-04-03 00:00:00,West Ham,Everton,2,1,H,1,0,11,13,5,2,2,4,9,12,1,1,0,1,1,1,1,0,0
2021/2022,2022-04-03 00:00:00,Tottenham,Newcastle,5,1,H,1,1,19,8,6,1,2,3,10,7,2,3,0,0,4,0,1,0,0
2021/2022,2022-04-04 00:00:00,Crystal Palace,Arsenal,3,0,H,2,0,6,12,5,3,0,2,11,15,0,2,0,0,3,2,1,0,0
2021/2022,2022-04-06 00:00:00,Burnley,Everton,3,2,H,1,2,13,16,4,4,9,6,11,16,2,2,0,0,1,-1,1,0,0
2021/2022,2022-04-08 00:00:00,Newcastle,Wolves,1,0,H,0,0,12,5,4,2,1,2,6,13,1,1,0,0,1,0,1,0,0
2021/2022,2022-04-09 00:00:00,Everton,Man United,1,0,H,1,0,7,12,3,4,5,7,4,10,2,2,0,0,1,1,1,0,0
2021/2022,2022-04-09 00:00:00,Arsenal,Brighton,1,2,A,0,1,20,8,4,3,11,2,12,19,3,4,0,0,-1,-1,0,1,0
2021/2022,2022-04-09 00:00:00,Southampton,Chelsea,0,6,A,0,4,4,24,1,14,3,3,11,10,1,0,0,0,-6,-4,0,1,0
2021/2022,2022-04-09 00:00:00,Watford,Leeds,0,3,A,0,1,8,10,1,5,3,8,8,12,2,0,0,0,-3,-1,0,1,0
2021/2022,2022-04-09 00:00:00,Aston Villa,Tottenham,0,4,A,0,1,9,11,8,5,9,3,12,14,2,3,0,0,-4,-1,0,1,0
2021/2022,2022-04-10 00:00:00,Brentford,West Ham,2,0,H,0,0,15,5,7,1,4,6,2,6,0,1,0,0,2,0,1,0,0
2021/2022,2022-04-10 00:00:00,Leicester,Crystal Palace,2,1,H,2,0,12,11,3,3,3,4,11,12,1,1,0,0,1,2,1,0,0
2021/2022,2022-04-10 00:00:00,Norwich,Burnley,2,0,H,1,0,17,18,6,4,6,7,12,10,1,1,0,0,2,1,1,0,0
2021/2022,2022-04-10 00:00:00,Man City,Liverpool,2,2,D,2,1,11,6,5,4,4,1,9,11,1,4,0,0,0,1,0,0,1
2021/2022,2022-04-16 00:00:00,Tottenham,Brighton,0,1,A,0,0,5,12,0,5,4,4,14,10,3,3,0,0,-1,0,0,1,0
2021/2022,2022-04-16 00:00:00,Man United,Norwich,3,2,H,2,1,20,15,9,4,6,7,7,6,0,0,0,0,1,1,1,0,0
2021/2022,2022-04-16 00:00:00,Southampton,Arsenal,1,0,H,1,0,9,23,3,6,6,8,6,6,2,1,0,0,1,1,1,0,0
2021/2022,2022-04-16 00:00:00,Watford,Brentford,1,2,A,0,1,17,16,4,5,6,5,11,9,2,1,0,0,-1,-1,0,1,0
2021/2022,2022-04-17 00:00:00,Newcastle,Leicester,2,1,H,1,1,16,8,7,2,3,5,10,10,2,2,0,0,1,0,1,0,0
2021/2022,2022-04-17 00:00:00,West Ham,Burnley,1,1,D,0,1,21,9,8,1,13,4,9,10,2,2,0,0,0,-1,0,0,1
2021/2022,2022-04-19 00:00:00,Liverpool,Man United,4,0,H,2,0,14,2,5,1,10,2,3,6,1,2,0,0,4,2,1,0,0
2021/2022,2022-04-20 00:00:00,Chelsea,Arsenal,2,4,A,2,2,11,14,2,4,6,1,7,6,3,1,0,0,-2,0,0,1,0
2021/2022,2022-04-20 00:00:00,Everton,Leicester,1,1,D,0,1,13,11,3,3,5,4,8,17,3,1,0,0,0,-1,0,0,1
2021/2022,2022-04-20 00:00:00,Newcastle,Crystal Palace,1,0,H,1,0,13,10,4,2,2,5,12,12,1,1,0,0,1,1,1,0,0
2021/2022,2022-04-20 00:00:00,Man City,Brighton,3,0,H,0,0,17,2,5,1,7,4,12,7,0,3,0,0,3,0,1,0,0
2021/2022,2022-04-21 00:00:00,Burnley,Southampton,2,0,H,2,0,16,11,6,3,10,10,7,7,2,2,0,0,2,2,1,0,0
2021/2022,2022-04-23 00:00:00,Arsenal,Man United,3,1,H,2,1,14,14,7,5,1,7,9,12,3,4,0,0,2,1,1,0,0
2021/2022,2022-04-23 00:00:00,Leicester,Aston Villa,0,0,D,0,0,5,11,2,3,7,6,15,16,3,2,0,0,0,0,0,0,1
2021/2022,2022-04-23 00:00:00,Man City,Watford,5,1,H,3,1,21,5,8,2,11,4,9,7,1,0,0,0,4,2,1,0,0
2021/2022,2022-04-23 00:00:00,Norwich,Newcastle,0,3,A,0,2,5,13,2,7,2,3,11,10,0,2,0,0,-3,-2,0,1,0
2021/2022,2022-04-23 00:00:00,Brentford,Tottenham,0,0,D,0,0,15,9,2,0,12,8,8,7,2,1,0,0,0,0,0,0,1
2021/2022,2022-04-24 00:00:00,Brighton,Southampton,2,2,D,2,1,8,18,5,5,6,6,12,7,1,0,0,0,0,1,0,0,1
2021/2022,2022-04-24 00:00:00,Burnley,Wolves,1,0,H,0,0,14,10,5,4,3,6,8,7,3,1,0,0,1,0,1,0,0
2021/2022,2022-04-24 00:00:00,Chelsea,West Ham,1,0,H,0,0,26,6,5,2,3,1,11,9,1,0,0,1,1,0,1,0,0
2021/2022,2022-04-24 00:00:00,Liverpool,Everton,2,0,H,0,0,18,9,4,1,13,1,8,8,2,5,0,0,2,0,1,0,0
2021/2022,2022-04-25 00:00:00,Crystal Palace,Leeds,0,0,D,0,0,17,9,7,2,6,3,12,13,2,2,0,0,0,0,0,0,1
2021/2022,2022-04-28 00:00:00,Man United,Chelsea,1,1,D,0,0,6,21,3,6,2,9,9,12,0,1,0,0,0,0,0,0,1
2021/2022,2022-04-30 00:00:00,Newcastle,Liverpool,0,1,A,0,1,4,24,2,10,0,6,11,11,1,3,0,0,-1,-1,0,1,0
2021/2022,2022-04-30 00:00:00,Aston Villa,Norwich,2,0,H,1,0,21,9,6,3,2,3,16,8,4,1,0,0,2,1,1,0,0
2021/2022,2022-04-30 00:00:00,Southampton,Crystal Palace,1,2,A,1,0,8,14,3,5,6,7,13,11,1,3,0,0,-1,1,0,1,0
2021/2022,2022-04-30 00:00:00,Watford,Burnley,1,2,A,1,0,13,17,1,6,5,6,13,9,1,2,0,0,-1,1,0,1,0
2021/2022,2022-04-30 00:00:00,Wolves,Brighton,0,3,A,0,1,11,17,1,9,7,3,6,4,2,1,0,0,-3,-1,0,1,0
2021/2022,2022-04-30 00:00:00,Leeds,Man City,0,4,A,0,1,7,19,2,6,3,6,13,3,1,2,0,0,-4,-1,0,1,0
2021/2022,2022-05-01 00:00:00,Everton,Chelsea,1,0,H,0,0,9,17,4,5,3,8,9,12,3,5,0,0,1,0,1,0,0
2021/2022,2022-05-01 00:00:00,Tottenham,Leicester,3,1,H,1,0,13,6,7,2,7,3,13,8,2,3,0,0,2,1,1,0,0
2021/2022,2022-05-01 00:00:00,West Ham,Arsenal,1,2,A,1,1,8,13,3,7,3,7,8,9,2,2,0,0,-1,0,0,1,0
2021/2022,2022-05-02 00:00:00,Man United,Brentford,3,0,H,1,0,9,12,5,4,3,8,4,6,1,0,0,0,3,1,1,0,0
2021/2022,2022-05-07 00:00:00,Brentford,Southampton,3,0,H,2,0,18,19,5,4,4,7,12,9,0,1,0,0,3,2,1,0,0
2021/2022,2022-05-07 00:00:00,Burnley,Aston Villa,1,3,A,0,2,14,12,6,7,4,5,13,11,1,2,0,0,-2,-2,0,1,0
2021/2022,2022-05-07 00:00:00,Chelsea,Wolves,2,2,D,0,0,19,14,6,4,9,3,7,11,1,3,0,0,0,0,0,0,1
2021/2022,2022-05-07 00:00:00,Crystal Palace,Watford,1,0,H,1,0,15,6,7,1,8,5,11,18,2,1,0,1,1,1,1,0,0
2021/2022,2022-05-07 00:00:00,Brighton,Man United,4,0,H,1,0,17,15,6,5,7,6,13,9,0,2,0,0,4,1,1,0,0
2021/2022,2022-05-07 00:00:00,Liverpool,Tottenham,1,1,D,0,0,22,8,3,3,11,5,12,8,3,2,0,0,0,0,0,0,1
2021/2022,2022-05-08 00:00:00,Arsenal,Leeds,2,1,H,2,0,19,3,9,2,8,2,13,15,2,2,0,1,1,2,1,0,0
2021/2022,2022-05-08 00:00:00,Leicester,Everton,1,2,A,1,2,16,10,9,4,6,1,11,6,3,0,0,0,-1,-1,0,1,0
2021/2022,2022-05-08 00:00:00,Norwich,West Ham,0,4,A,0,3,8,13,2,5,9,5,7,7,1,1,0,0,-4,-3,0,1,0
2021/2022,2022-05-08 00:00:00,Man City,Newcastle,5,0,H,2,0,21,7,9,3,8,2,6,11,1,3,0,0,5,2,1,0,0
2021/2022,2022-05-10 00:00:00,Aston Villa,Liverpool,1,2,A,1,1,9,17,4,6,2,3,10,12,0,0,0,0,-1,0,0,1,0
2021/2022,2022-05-11 00:00:00,Leeds,Chelsea,0,3,A,0,1,5,17,0,4,1,5,10,14,1,0,1,0,-3,-1,0,1,0
2021/2022,2022-05-11 00:00:00,Leicester,Norwich,3,0,H,0,0,20,9,8,5,10,2,10,5,0,0,0,0,3,0,1,0,0
2021/2022,2022-05-11 00:00:00,Watford,Everton,0,0,D,0,0,6,16,0,5,1,13,5,12,1,2,0,0,0,0,0,0,1
2021/2022,2022-05-11 00:00:00,Wolves,Man City,1,5,A,1,3,7,16,3,5,6,2,2,10,0,1,0,0,-4,-2,0,1,0
2021/2022,2022-05-12 00:00:00,Tottenham,Arsenal,3,0,H,2,0,16,8,6,4,2,2,8,15,1,3,0,1,3,2,1,0,0
2021/2022,2022-05-15 00:00:00,Tottenham,Burnley,1,0,H,1,0,21,8,8,1,8,2,12,8,3,2,0,0,1,1,1,0,0
2021/2022,2022-05-15 00:00:00,Aston Villa,Crystal Palace,1,1,D,0,0,13,16,4,4,1,5,11,15,1,3,0,0,0,0,0,0,1
2021/2022,2022-05-15 00:00:00,Leeds,Brighton,1,1,D,0,1,19,16,5,6,8,1,16,8,3,2,0,0,0,-1,0,0,1
2021/2022,2022-05-15 00:00:00,Watford,Leicester,1,5,A,1,2,13,13,5,7,7,3,4,6,0,1,0,0,-4,-1,0,1,0
2021/2022,2022-05-15 00:00:00,West Ham,Man City,2,2,D,2,0,6,31,2,8,4,9,9,5,3,1,0,0,0,2,0,0,1
2021/2022,2022-05-15 00:00:00,Wolves,Norwich,1,1,D,0,1,17,11,4,2,5,3,5,10,0,3,0,0,0,-1,0,0,1
2021/2022,2022-05-15 00:00:00,Everton,Brentford,2,3,A,2,1,10,18,5,7,5,2,8,8,0,3,2,0,-1,1,0,1,0
2021/2022,2022-05-16 00:00:00,Newcastle,Arsenal,2,0,H,0,0,16,11,4,2,12,8,11,8,0,3,0,0,2,0,1,0,0
2021/2022,2022-05-17 00:00:00,Southampton,Liverpool,1,2,A,1,1,4,24,2,5,1,9,6,6,2,0,0,0,-1,0,0,1,0
2021/2022,2022-05-19 00:00:00,Everton,Crystal Palace,3,2,H,0,2,12,7,6,5,4,5,9,13,2,3,0,0,1,-2,1,0,0
2021/2022,2022-05-19 00:00:00,Aston Villa,Burnley,1,1,D,0,1,22,10,9,5,13,6,11,20,0,1,0,1,0,-1,0,0,1
2021/2022,2022-05-19 00:00:00,Chelsea,Leicester,1,1,D,1,1,20,2,7,1,6,0,13,7,4,1,0,0,0,0,0,0,1
2021/2022,2022-05-22 00:00:00,Arsenal,Everton,5,1,H,2,1,26,6,9,2,12,2,8,9,0,1,0,0,4,1,1,0,0
2021/2022,2022-05-22 00:00:00,Brentford,Leeds,1,2,A,0,0,14,14,5,6,3,2,11,13,2,1,1,0,-1,0,0,1,0
2021/2022,2022-05-22 00:00:00,Brighton,West Ham,3,1,H,0,1,18,7,7,2,5,6,9,9,1,1,0,0,2,-1,1,0,0
2021/2022,2022-05-22 00:00:00,Burnley,Newcastle,1,2,A,0,1,12,8,5,6,8,2,8,9,1,0,0,0,-1,-1,0,1,0
2021/2022,2022-05-22 00:00:00,Chelsea,Watford,2,1,H,1,0,19,8,8,3,3,3,9,9,0,0,0,0,1,1,1,0,0
2021/2022,2022-05-22 00:00:00,Crystal Palace,Man United,1,0,H,1,0,6,10,3,4,3,6,12,22,2,4,0,0,1,1,1,0,0
2021/2022,2022-05-22 00:00:00,Leicester,Southampton,4,1,H,0,0,12,7,6,2,3,3,10,5,0,1,0,0,3,0,1,0,0
2021/2022,2022-05-22 00:00:00,Liverpool,Wolves,3,1,H,1,1,29,7,8,5,5,3,6,3,1,0,0,0,2,0,1,0,0
2021/2022,2022-05-22 00:00:00,Man City,Aston Villa,3,2,H,0,1,24,4,5,2,13,1,5,11,0,1,0,0,1,-1,1,0,0
2021/2022,2022-05-22 00:00:00,Norwich,Tottenham,0,5,A,0,2,9,19,0,13,3,2,13,7,3,1,0,0,-5,-2,0,1,0
2022/2023,2022-08-05 00:00:00,Crystal Palace,Arsenal,0,2,A,0,1,10,10,2,2,3,5,16,11,1,2,0,0,-2,-1,0,1,0
2022/2023,2022-08-06 00:00:00,Fulham,Liverpool,2,2,D,1,0,9,11,3,4,4,4,7,9,2,0,0,0,0,1,0,0,1
2022/2023,2022-08-06 00:00:00,Bournemouth,Aston Villa,2,0,H,1,0,7,15,3,2,5,5,18,16,3,3,0,0,2,1,1,0,0
2022/2023,2022-08-06 00:00:00,Leeds,Wolves,2,1,H,1,1,12,15,4,6,6,4,13,9,2,0,0,0,1,0,1,0,0
2022/2023,2022-08-06 00:00:00,Newcastle,Nott'm Forest,2,0,H,0,0,23,5,10,0,11,1,9,14,0,3,0,0,2,0,1,0,0
2022/2023,2022-08-06 00:00:00,Tottenham,Southampton,4,1,H,2,1,18,10,8,2,10,2,11,6,3,0,0,0,3,1,1,0,0
2022/2023,2022-08-06 00:00:00,Everton,Chelsea,0,1,A,0,1,8,15,4,6,4,16,14,11,3,2,0,0,-1,-1,0,1,0
2022/2023,2022-08-07 00:00:00,Leicester,Brentford,2,2,D,1,0,14,8,5,3,5,6,6,5,0,0,0,0,0,1,0,0,1
2022/2023,2022-08-07 00:00:00,Man United,Brighton,1,2,A,0,2,17,15,5,4,6,2,7,12,4,1,0,0,-1,-2,0,1,0
2022/2023,2022-08-07 00:00:00,West Ham,Man City,0,2,A,0,1,6,14,1,2,1,4,8,4,0,1,0,0,-2,-1,0,1,0
2022/2023,2022-08-13 00:00:00,Aston Villa,Everton,2,1,H,1,0,12,15,4,4,5,8,9,7,4,1,0,0,1,1,1,0,0
2022/2023,2022-08-13 00:00:00,Arsenal,Leicester,4,2,H,2,0,19,6,7,2,6,2,15,9,1,1,0,0,2,2,1,0,0
2022/2023,2022-08-13 00:00:00,Brighton,Newcastle,0,0,D,0,0,13,4,7,1,7,3,8,6,2,3,0,0,0,0,0,0,1
2022/2023,2022-08-13 00:00:00,Man City,Bournemouth,4,0,H,3,0,19,3,7,1,11,1,9,9,0,3,0,0,4,3,1,0,0
2022/2023,2022-08-13 00:00:00,Southampton,Leeds,2,2,D,0,0,14,13,4,5,2,5,10,12,1,3,0,0,0,0,0,0,1
2022/2023,2022-08-13 00:00:00,Wolves,Fulham,0,0,D,0,0,7,9,1,3,5,3,7,14,3,3,0,0,0,0,0,0,1
2022/2023,2022-08-13 00:00:00,Brentford,Man United,4,0,H,4,0,13,15,7,4,8,2,6,15,0,4,0,0,4,4,1,0,0
2022/2023,2022-08-14 00:00:00,Nott'm Forest,West Ham,1,0,H,1,0,13,19,6,5,6,7,10,11,4,1,0,0,1,1,1,0,0
2022/2023,2022-08-14 00:00:00,Chelsea,Tottenham,2,2,D,1,0,16,10,3,5,8,5,9,9,3,0,0,0,0,1,0,0,1
2022/2023,2022-08-15 00:00:00,Liverpool,Crystal Palace,1,1,D,0,1,24,7,4,3,4,2,7,8,2,4,1,0,0,-1,0,0,1
2022/2023,2022-08-20 00:00:00,Tottenham,Wolves,1,0,H,0,0,11,20,4,3,8,6,10,8,2,2,0,0,1,0,1,0,0
2022/2023,2022-08-20 00:00:00,Crystal Palace,Aston Villa,3,1,H,1,1,17,13,9,5,4,2,16,14,2,1,0,0,2,0,1,0,0
2022/2023,2022-08-20 00:00:00,Everton,Nott'm Forest,1,1,D,0,0,19,14,8,5,6,2,6,9,3,2,0,0,0,0,0,0,1
2022/2023,2022-08-20 00:00:00,Fulham,Brentford,3,2,H,2,1,18,13,9,5,6,3,13,7,3,2,0,0,1,1,1,0,0
2022/2023,2022-08-20 00:00:00,Leicester,Southampton,1,2,A,0,0,6,9,1,3,2,5,11,15,2,3,0,0,-1,0,0,1,0
2022/2023,2022-08-20 00:00:00,Bournemouth,Arsenal,0,3,A,0,2,6,14,1,6,3,4,12,10,2,1,0,0,-3,-2,0,1,0
2022/2023,2022-08-21 00:00:00,Leeds,Chelsea,3,0,H,2,0,12,14,6,3,4,6,16,15,0,1,0,1,3,2,1,0,0
2022/2023,2022-08-21 00:00:00,West Ham,Brighton,0,2,A,0,1,13,11,3,2,5,4,10,7,2,0,0,0,-2,-1,0,1,0
2022/2023,2022-08-21 00:00:00,Newcastle,Man City,3,3,D,2,1,12,21,6,10,5,5,14,7,4,2,0,0,0,1,0,0,1
2022/2023,2022-08-22 00:00:00,Man United,Liverpool,2,1,H,1,0,12,17,4,5,6,8,11,7,3,1,0,0,1,1,1,0,0
2022/2023,2022-08-27 00:00:00,Southampton,Man United,0,1,A,0,0,17,11,5,6,5,3,4,14,0,3,0,0,-1,0,0,1,0
2022/2023,2022-08-27 00:00:00,Brentford,Everton,1,1,D,0,1,19,14,5,7,8,5,8,8,2,2,0,0,0,-1,0,0,1
2022/2023,2022-08-27 00:00:00,Brighton,Leeds,1,0,H,0,0,13,10,4,2,5,3,10,14,2,3,0,0,1,0,1,0,0
2022/2023,2022-08-27 00:00:00,Chelsea,Leicester,2,1,H,0,0,7,17,3,5,3,11,10,7,1,2,1,0,1,0,1,0,0
2022/2023,2022-08-27 00:00:00,Liverpool,Bournemouth,9,0,H,5,0,19,5,12,2,8,1,6,5,0,1,0,0,9,5,1,0,0
2022/2023,2022-08-27 00:00:00,Man City,Crystal Palace,4,2,H,0,2,18,2,5,2,6,1,14,8,1,2,0,0,2,-2,1,0,0
2022/2023,2022-08-27 00:00:00,Arsenal,Fulham,2,1,H,0,0,22,11,8,3,9,2,6,12,2,3,0,0,1,0,1,0,0
2022/2023,2022-08-28 00:00:00,Aston Villa,West Ham,0,1,A,0,0,9,7,3,2,3,2,10,10,2,0,0,0,-1,0,0,1,0
2022/2023,2022-08-28 00:00:00,Wolves,Newcastle,1,1,D,1,0,10,21,4,6,4,13,10,11,2,1,0,0,0,1,0,0,1
2022/2023,2022-08-28 00:00:00,Nott'm Forest,Tottenham,0,2,A,0,1,17,18,1,7,6,1,11,13,6,1,0,0,-2,-1,0,1,0
2022/2023,2022-08-30 00:00:00,Crystal Palace,Brentford,1,1,D,0,0,13,9,4,3,4,6,11,8,1,2,0,0,0,0,0,0,1
2022/2023,2022-08-30 00:00:00,Fulham,Brighton,2,1,H,0,0,10,7,3,4,3,3,9,11,2,1,0,0,1,0,1,0,0
2022/2023,2022-08-30 00:00:00,Southampton,Chelsea,2,1,H,2,1,9,10,7,4,5,3,15,10,2,1,0,0,1,1,1,0,0
2022/2023,2022-08-30 00:00:00,Leeds,Everton,1,1,D,0,1,14,7,5,2,10,2,10,9,3,3,0,0,0,-1,0,0,1
2022/2023,2022-08-31 00:00:00,Arsenal,Aston Villa,2,1,H,1,0,22,4,9,3,10,3,10,14,2,3,0,0,1,1,1,0,0
2022/2023,2022-08-31 00:00:00,Bournemouth,Wolves,0,0,D,0,0,5,17,2,4,2,5,12,12,2,1,0,0,0,0,0,0,1
2022/2023,2022-08-31 00:00:00,Man City,Nott'm Forest,6,0,H,3,0,17,8,9,1,10,1,9,7,0,1,0,0,6,3,1,0,0
2022/2023,2022-08-31 00:00:00,West Ham,Tottenham,1,1,D,0,1,14,13,4,4,3,4,10,9,2,5,0,0,0,-1,0,0,1
2022/2023,2022-08-31 00:00:00,Liverpool,Newcastle,2,1,H,0,1,23,5,6,2,13,0,9,10,0,2,0,0,1,-1,1,0,0
2022/2023,2022-09-01 00:00:00,Leicester,Man United,0,1,A,0,1,10,9,2,2,1,3,7,15,1,3,0,0,-1,-1,0,1,0
2022/2023,2022-09-03 00:00:00,Everton,Liverpool,0,0,D,0,0,14,23,3,8,7,9,7,11,2,2,0,0,0,0,0,0,1
2022/2023,2022-09-03 00:00:00,Brentford,Leeds,5,2,H,2,1,14,17,8,6,2,6,8,9,2,2,0,0,3,1,1,0,0
2022/2023,2022-09-03 00:00:00,Chelsea,West Ham,2,1,H,0,0,8,6,3,3,10,3,6,11,4,2,0,0,1,0,1,0,0
2022/2023,2022-09-03 00:00:00,Newcastle,Crystal Palace,0,0,D,0,0,23,19,6,9,13,5,19,12,2,1,0,0,0,0,0,0,1
2022/2023,2022-09-03 00:00:00,Nott'm Forest,Bournemouth,2,3,A,2,0,11,8,3,3,4,6,13,10,2,1,0,0,-1,2,0,1,0
2022/2023,2022-09-03 00:00:00,Tottenham,Fulham,2,1,H,1,0,23,9,10,3,10,3,9,6,3,4,0,0,1,1,1,0,0
2022/2023,2022-09-03 00:00:00,Wolves,Southampton,1,0,H,1,0,7,12,2,1,5,6,10,14,4,2,0,0,1,1,1,0,0
2022/2023,2022-09-03 00:00:00,Aston Villa,Man City,1,1,D,0,0,3,13,1,4,1,4,7,6,2,0,0,0,0,0,0,0,1
2022/2023,2022-09-04 00:00:00,Brighton,Leicester,5,2,H,2,2,23,6,11,4,10,1,6,8,1,1,0,0,3,0,1,0,0
2022/2023,2022-09-04 00:00:00,Man United,Arsenal,3,1,H,1,0,10,16,6,3,2,5,13,9,3,3,0,0,2,1,1,0,0
2022/2023,2022-09-16 00:00:00,Aston Villa,Southampton,1,0,H,1,0,11,7,3,1,6,3,13,13,3,1,0,0,1,1,1,0,0
2022/2023,2022-09-16 00:00:00,Nott'm Forest,Fulham,2,3,A,1,0,11,15,3,7,2,10,11,10,2,4,0,0,-1,1,0,1,0
2022/2023,2022-09-17 00:00:00,Wolves,Man City,0,3,A,0,2,6,16,1,7,5,7,7,9,2,1,1,0,-3,-2,0,1,0
2022/2023,2022-09-17 00:00:00,Newcastle,Bournemouth,1,1,D,0,0,20,10,7,3,8,1,10,11,2,2,0,0,0,0,0,0,1
2022/2023,2022-09-17 00:00:00,Tottenham,Leicester,6,2,H,2,2,16,19,11,7,6,1,9,9,1,2,0,0,4,0,1,0,0
2022/2023,2022-09-18 00:00:00,Brentford,Arsenal,0,3,A,0,2,5,13,2,7,3,3,10,10,0,2,0,0,-3,-2,0,1,0
2022/2023,2022-09-18 00:00:00,Everton,West Ham,1,0,H,0,0,7,14,2,4,5,14,8,11,3,1,0,0,1,0,1,0,0
2022/2023,2022-10-01 00:00:00,Arsenal,Tottenham,3,1,H,1,1,22,7,9,3,5,2,10,10,2,1,0,1,2,0,1,0,0
2022/2023,2022-10-01 00:00:00,Bournemouth,Brentford,0,0,D,0,0,7,13,1,4,7,8,11,10,1,2,0,0,0,0,0,0,1
2022/2023,2022-10-01 00:00:00,Crystal Palace,Chelsea,1,2,A,1,1,7,13,3,3,5,2,11,13,1,3,0,0,-1,0,0,1,0
2022/2023,2022-10-01 00:00:00,Fulham,Newcastle,1,4,A,0,3,3,19,1,10,1,8,9,10,2,0,1,0,-3,-3,0,1,0
2022/2023,2022-10-01 00:00:00,Liverpool,Brighton,3,3,D,1,2,15,6,7,6,9,2,9,13,1,1,0,0,0,-1,0,0,1
2022/2023,2022-10-01 00:00:00,Southampton,Everton,1,2,A,0,0,22,12,6,5,7,6,11,10,2,2,0,0,-1,0,0,1,0
2022/2023,2022-10-01 00:00:00,West Ham,Wolves,2,0,H,1,0,18,15,5,4,1,6,8,6,2,2,0,0,2,1,1,0,0
2022/2023,2022-10-02 00:00:00,Man City,Man United,6,3,H,4,0,22,12,10,8,5,1,3,9,0,3,0,0,3,4,1,0,0
2022/2023,2022-10-02 00:00:00,Leeds,Aston Villa,0,0,D,0,0,9,19,1,7,2,9,23,12,3,2,1,0,0,0,0,0,1
2022/2023,2022-10-03 00:00:00,Leicester,Nott'm Forest,4,0,H,3,0,17,10,7,3,6,6,13,12,2,4,0,0,4,3,1,0,0
2022/2023,2022-10-08 00:00:00,Bournemouth,Leicester,2,1,H,0,1,10,9,4,5,7,2,8,16,1,2,0,0,1,-1,1,0,0
2022/2023,2022-10-08 00:00:00,Chelsea,Wolves,3,0,H,1,0,20,8,7,2,4,2,8,8,2,0,0,0,3,1,1,0,0
2022/2023,2022-10-08 00:00:00,Man City,Southampton,4,0,H,2,0,21,5,8,0,9,1,4,8,0,1,0,0,4,2,1,0,0
2022/2023,2022-10-08 00:00:00,Newcastle,Brentford,5,1,H,2,0,16,6,6,3,9,5,14,9,0,1,0,0,4,2,1,0,0
2022/2023,2022-10-08 00:00:00,Brighton,Tottenham,0,1,A,0,1,14,8,4,3,6,2,9,14,1,2,0,0,-1,-1,0,1,0
2022/2023,2022-10-09 00:00:00,Crystal Palace,Leeds,2,1,H,1,1,13,10,5,4,5,3,13,23,3,3,0,0,1,0,1,0,0
2022/2023,2022-10-09 00:00:00,West Ham,Fulham,3,1,H,1,1,17,8,8,2,4,2,9,7,1,3,0,0,2,0,1,0,0
2022/2023,2022-10-09 00:00:00,Arsenal,Liverpool,3,2,H,2,1,11,8,7,3,4,3,11,11,1,2,0,0,1,1,1,0,0
2022/2023,2022-10-09 00:00:00,Everton,Man United,1,2,A,1,2,11,12,2,4,5,4,7,13,2,1,0,0,-1,-1,0,1,0
2022/2023,2022-10-10 00:00:00,Nott'm Forest,Aston Villa,1,1,D,1,1,6,12,3,2,1,4,13,19,3,3,0,0,0,0,0,0,1
2022/2023,2022-10-14 00:00:00,Brentford,Brighton,2,0,H,1,0,7,21,3,7,2,11,12,15,3,1,0,0,2,1,1,0,0
2022/2023,2022-10-15 00:00:00,Leicester,Crystal Palace,0,0,D,0,0,14,8,5,1,9,2,18,13,2,2,0,0,0,0,0,0,1
2022/2023,2022-10-15 00:00:00,Fulham,Bournemouth,2,2,D,1,2,19,10,4,6,5,6,9,11,2,0,0,0,0,-1,0,0,1
2022/2023,2022-10-15 00:00:00,Wolves,Nott'm Forest,1,0,H,0,0,9,10,2,2,4,5,17,13,2,2,0,0,1,0,1,0,0
2022/2023,2022-10-15 00:00:00,Tottenham,Everton,2,0,H,0,0,21,4,7,0,7,1,12,13,1,4,0,0,2,0,1,0,0
2022/2023,2022-10-16 00:00:00,Aston Villa,Chelsea,0,2,A,0,1,18,8,7,4,7,1,12,11,0,3,0,0,-2,-1,0,1,0
2022/2023,2022-10-16 00:00:00,Leeds,Arsenal,0,1,A,0,1,16,9,4,4,6,3,10,11,0,2,0,0,-1,-1,0,1,0
2022/2023,2022-10-16 00:00:00,Man United,Newcastle,0,0,D,0,0,15,9,2,2,4,4,13,11,3,1,0,0,0,0,0,0,1
2022/2023,2022-10-16 00:00:00,Southampton,West Ham,1,1,D,1,0,10,25,8,4,4,14,7,3,1,1,0,0,0,1,0,0,1
2022/2023,2022-10-16 00:00:00,Liverpool,Man City,1,0,H,0,0,13,16,2,6,5,6,10,7,3,1,0,0,1,0,1,0,0
2022/2023,2022-10-18 00:00:00,Brighton,Nott'm Forest,0,0,D,0,0,19,3,7,0,9,1,10,14,3,1,0,0,0,0,0,0,1
2022/2023,2022-10-18 00:00:00,Crystal Palace,Wolves,2,1,H,0,1,14,10,4,4,4,3,14,18,3,1,0,0,1,-1,1,0,0
2022/2023,2022-10-19 00:00:00,Bournemouth,Southampton,0,1,A,0,1,15,9,3,3,7,3,8,13,1,3,0,0,-1,-1,0,1,0
2022/2023,2022-10-19 00:00:00,Brentford,Chelsea,0,0,D,0,0,8,14,5,5,6,2,7,7,0,0,0,0,0,0,0,0,1
2022/2023,2022-10-19 00:00:00,Liverpool,West Ham,1,0,H,1,0,22,8,7,3,8,3,9,8,0,0,0,0,1,1,1,0,0
2022/2023,2022-10-19 00:00:00,Newcastle,Everton,1,0,H,1,0,16,1,4,0,8,2,9,12,2,4,0,0,1,1,1,0,0
2022/2023,2022-10-19 00:00:00,Man United,Tottenham,2,0,H,0,0,28,9,10,2,8,3,7,7,1,0,0,0,2,0,1,0,0
2022/2023,2022-10-20 00:00:00,Fulham,Aston Villa,3,0,H,1,0,18,12,8,6,9,7,11,11,0,2,0,1,3,1,1,0,0
2022/2023,2022-10-20 00:00:00,Leicester,Leeds,2,0,H,2,0,5,14,1,2,2,9,15,11,2,1,0,0,2,2,1,0,0
2022/2023,2022-10-22 00:00:00,Nott'm Forest,Liverpool,1,0,H,0,0,10,15,7,7,2,11,14,8,2,1,0,0,1,0,1,0,0
2022/2023,2022-10-22 00:00:00,Everton,Crystal Palace,3,0,H,1,0,9,9,6,2,3,4,16,14,3,4,0,0,3,1,1,0,0
2022/2023,2022-10-22 00:00:00,Man City,Brighton,3,1,H,2,0,10,8,4,2,7,3,11,12,1,3,0,0,2,2,1,0,0
2022/2023,2022-10-22 00:00:00,Chelsea,Man United,1,1,D,0,0,6,13,2,6,6,4,8,10,1,4,0,0,0,0,0,0,1
2022/2023,2022-10-23 00:00:00,Aston Villa,Brentford,4,0,H,3,0,19,12,11,3,7,6,14,11,1,0,0,0,4,3,1,0,0
2022/2023,2022-10-23 00:00:00,Leeds,Fulham,2,3,A,1,1,14,11,5,5,3,6,12,8,1,1,0,0,-1,0,0,1,0
2022/2023,2022-10-23 00:00:00,Southampton,Arsenal,1,1,D,0,1,10,12,3,3,9,4,11,8,2,1,0,0,0,-1,0,0,1
2022/2023,2022-10-23 00:00:00,Wolves,Leicester,0,4,A,0,2,21,5,5,4,9,2,10,13,2,1,0,0,-4,-2,0,1,0
2022/2023,2022-10-23 00:00:00,Tottenham,Newcastle,1,2,A,0,2,17,13,5,5,6,7,12,6,4,2,0,0,-1,-2,0,1,0
2022/2023,2022-10-24 00:00:00,West Ham,Bournemouth,2,0,H,1,0,20,5,4,3,5,0,9,11,0,2,0,0,2,1,1,0,0
2022/2023,2022-10-29 00:00:00,Leicester,Man City,0,1,A,0,0,10,15,5,5,3,10,5,10,0,0,0,0,-1,0,0,1,0
2022/2023,2022-10-29 00:00:00,Bournemouth,Tottenham,2,3,A,1,0,6,23,4,7,2,19,10,5,1,2,0,0,-1,1,0,1,0
2022/2023,2022-10-29 00:00:00,Brentford,Wolves,1,1,D,0,0,12,14,3,4,3,6,10,17,3,3,0,1,0,0,0,0,1
2022/2023,2022-10-29 00:00:00,Brighton,Chelsea,4,1,H,3,0,19,15,9,7,8,7,16,6,1,2,0,0,3,3,1,0,0
2022/2023,2022-10-29 00:00:00,Crystal Palace,Southampton,1,0,H,1,0,12,14,3,4,8,4,13,12,3,3,0,0,1,1,1,0,0
2022/2023,2022-10-29 00:00:00,Newcastle,Aston Villa,4,0,H,1,0,20,3,7,0,3,0,11,11,1,1,0,0,4,1,1,0,0
2022/2023,2022-10-29 00:00:00,Fulham,Everton,0,0,D,0,0,24,9,6,4,13,4,10,8,2,1,0,0,0,0,0,0,1
2022/2023,2022-10-29 00:00:00,Liverpool,Leeds,1,2,A,1,1,22,14,10,6,14,5,9,3,0,1,0,0,-1,0,0,1,0
2022/2023,2022-10-30 00:00:00,Arsenal,Nott'm Forest,5,0,H,1,0,24,5,10,2,9,4,9,8,0,1,0,0,5,1,1,0,0
2022/2023,2022-10-30 00:00:00,Man United,West Ham,1,0,H,1,0,16,13,3,5,5,10,12,10,1,3,0,0,1,1,1,0,0
2022/2023,2022-11-05 00:00:00,Leeds,Bournemouth,4,3,H,1,2,18,9,4,6,13,3,16,10,2,2,0,0,1,-1,1,0,0
2022/2023,2022-11-05 00:00:00,Man City,Fulham,2,1,H,1,1,16,4,5,2,9,0,6,11,2,4,1,0,1,0,1,0,0
2022/2023,2022-11-05 00:00:00,Nott'm Forest,Brentford,2,2,D,1,1,15,6,7,2,3,3,10,11,2,2,0,0,0,0,0,0,1
2022/2023,2022-11-05 00:00:00,Wolves,Brighton,2,3,A,2,2,8,19,5,8,4,9,15,11,2,0,1,0,-1,0,0,1,0
2022/2023,2022-11-05 00:00:00,Everton,Leicester,0,2,A,0,1,12,22,2,8,8,3,9,5,0,0,0,0,-2,-1,0,1,0
2022/2023,2022-11-06 00:00:00,Chelsea,Arsenal,0,1,A,0,0,5,14,1,2,4,6,20,13,5,2,0,0,-1,0,0,1,0
2022/2023,2022-11-06 00:00:00,Aston Villa,Man United,3,1,H,2,1,6,8,4,3,3,5,6,12,3,3,0,0,2,1,1,0,0
2022/2023,2022-11-06 00:00:00,Southampton,Newcastle,1,4,A,0,1,16,7,5,4,8,2,7,10,1,0,0,0,-3,-1,0,1,0
2022/2023,2022-11-06 00:00:00,West Ham,Crystal Palace,1,2,A,1,1,5,15,2,6,2,5,10,7,1,1,0,0,-1,0,0,1,0
2022/2023,2022-11-06 00:00:00,Tottenham,Liverpool,1,2,A,0,2,14,13,5,6,5,3,10,8,0,0,0,0,-1,-2,0,1,0
2022/2023,2022-11-12 00:00:00,Man City,Brentford,1,2,A,1,1,29,10,6,8,10,2,9,7,2,2,0,0,-1,0,0,1,0
2022/2023,2022-11-12 00:00:00,Bournemouth,Everton,3,0,H,2,0,16,15,9,3,3,5,12,8,2,0,0,0,3,2,1,0,0
2022/2023,2022-11-12 00:00:00,Liverpool,Southampton,3,1,H,3,1,15,9,7,5,6,0,8,8,0,2,0,0,2,2,1,0,0
2022/2023,2022-11-12 00:00:00,Nott'm Forest,Crystal Palace,1,0,H,0,0,9,8,2,0,1,5,11,13,1,4,0,0,1,0,1,0,0
2022/2023,2022-11-12 00:00:00,Tottenham,Leeds,4,3,H,1,2,14,12,8,5,9,2,8,7,1,1,0,1,1,-1,1,0,0
2022/2023,2022-11-12 00:00:00,West Ham,Leicester,0,2,A,0,1,18,9,6,6,7,2,9,8,3,1,0,0,-2,-1,0,1,0
2022/2023,2022-11-12 00:00:00,Newcastle,Chelsea,1,0,H,0,0,10,5,3,2,5,3,14,11,3,2,0,0,1,0,1,0,0
2022/2023,2022-11-12 00:00:00,Wolves,Arsenal,0,2,A,0,0,11,14,2,4,6,4,5,6,3,2,0,0,-2,0,0,1,0
2022/2023,2022-11-13 00:00:00,Brighton,Aston Villa,1,2,A,1,1,7,8,2,2,11,4,14,11,2,7,0,0,-1,0,0,1,0
2022/2023,2022-11-13 00:00:00,Fulham,Man United,1,2,A,0,1,14,14,7,9,10,3,9,10,1,1,0,0,-1,-1,0,1,0
2022/2023,2022-12-26 00:00:00,Brentford,Tottenham,2,2,D,1,0,9,16,5,8,6,5,11,10,3,1,0,0,0,1,0,0,1
2022/2023,2022-12-26 00:00:00,Crystal Palace,Fulham,0,3,A,0,1,4,23,0,11,1,8,12,15,0,0,2,0,-3,-1,0,1,0
2022/2023,2022-12-26 00:00:00,Everton,Wolves,1,2,A,1,1,12,7,6,4,2,2,9,22,1,6,0,0,-1,0,0,1,0
2022/2023,2022-12-26 00:00:00,Leicester,Newcastle,0,3,A,0,3,8,12,2,5,5,5,9,6,0,0,0,0,-3,-3,0,1,0
2022/2023,2022-12-26 00:00:00,Southampton,Brighton,1,3,A,0,2,14,7,4,4,4,2,9,10,1,2,0,0,-2,-2,0,1,0
2022/2023,2022-12-26 00:00:00,Aston Villa,Liverpool,1,3,A,0,2,12,16,6,9,0,6,7,12,0,0,0,0,-2,-2,0,1,0
2022/2023,2022-12-26 00:00:00,Arsenal,West Ham,3,1,H,0,1,16,8,5,4,7,5,13,17,0,2,0,0,2,-1,1,0,0
2022/2023,2022-12-27 00:00:00,Chelsea,Bournemouth,2,0,H,2,0,15,9,5,4,6,8,8,10,0,0,0,0,2,2,1,0,0
2022/2023,2022-12-27 00:00:00,Man United,Nott'm Forest,3,0,H,2,0,17,8,8,3,9,9,13,4,3,1,0,0,3,2,1,0,0
2022/2023,2022-12-28 00:00:00,Leeds,Man City,1,3,A,0,1,9,26,1,9,3,5,11,14,3,3,0,0,-2,-1,0,1,0
2022/2023,2022-12-30 00:00:00,West Ham,Brentford,0,2,A,0,2,20,9,5,6,8,1,9,5,1,0,0,0,-2,-2,0,1,0
2022/2023,2022-12-30 00:00:00,Liverpool,Leicester,2,1,H,2,1,21,7,5,2,4,5,8,15,0,1,0,0,1,1,1,0,0
2022/2023,2022-12-31 00:00:00,Wolves,Man United,0,1,A,0,0,10,16,3,6,7,5,11,11,1,3,0,0,-1,0,0,1,0
2022/2023,2022-12-31 00:00:00,Bournemouth,Crystal Palace,0,2,A,0,2,6,15,2,6,2,7,17,11,4,1,0,0,-2,-2,0,1,0
2022/2023,2022-12-31 00:00:00,Fulham,Southampton,2,1,H,1,0,8,9,2,3,4,4,8,13,0,1,0,0,1,1,1,0,0
2022/2023,2022-12-31 00:00:00,Man City,Everton,1,1,D,1,0,16,2,3,1,7,1,13,14,3,4,0,0,0,1,0,0,1
2022/2023,2022-12-31 00:00:00,Newcastle,Leeds,0,0,D,0,0,16,8,5,1,9,3,13,19,3,5,0,0,0,0,0,0,1
2022/2023,2022-12-31 00:00:00,Brighton,Arsenal,2,4,A,0,2,9,14,5,7,7,4,7,11,3,3,0,0,-2,-2,0,1,0
2022/2023,2023-01-01 00:00:00,Tottenham,Aston Villa,0,2,A,0,0,6,13,2,4,5,3,15,10,4,3,0,0,-2,0,0,1,0
2022/2023,2023-01-01 00:00:00,Nott'm Forest,Chelsea,1,1,D,0,1,12,7,5,2,1,2,16,14,2,2,0,0,0,-1,0,0,1
2022/2023,2023-01-02 00:00:00,Brentford,Liverpool,3,1,H,2,0,10,16,7,6,4,9,5,8,1,3,0,0,2,2,1,0,0
2022/2023,2023-01-03 00:00:00,Arsenal,Newcastle,0,0,D,0,0,17,8,4,1,5,5,10,16,4,4,0,0,0,0,0,0,1
2022/2023,2023-01-03 00:00:00,Everton,Brighton,1,4,A,0,1,10,19,4,8,5,2,8,10,3,1,0,0,-3,-1,0,1,0
2022/2023,2023-01-03 00:00:00,Leicester,Fulham,0,1,A,0,1,15,11,6,2,6,3,12,11,2,6,0,0,-1,-1,0,1,0
2022/2023,2023-01-03 00:00:00,Man United,Bournemouth,3,0,H,1,0,18,7,6,4,6,5,13,7,0,3,0,0,3,1,1,0,0
2022/2023,2023-01-04 00:00:00,Southampton,Nott'm Forest,0,1,A,0,1,8,11,0,1,6,2,14,17,2,2,0,0,-1,-1,0,1,0
2022/2023,2023-01-04 00:00:00,Leeds,West Ham,2,2,D,1,1,14,15,6,2,8,1,11,18,3,1,0,0,0,0,0,0,1
2022/2023,2023-01-04 00:00:00,Aston Villa,Wolves,1,1,D,0,1,13,10,4,3,7,8,6,12,1,3,0,0,0,-1,0,0,1
2022/2023,2023-01-04 00:00:00,Crystal Palace,Tottenham,0,4,A,0,0,19,14,4,6,10,4,11,8,1,2,0,0,-4,0,0,1,0
2022/2023,2023-01-05 00:00:00,Chelsea,Man City,0,1,A,0,0,8,12,2,3,3,2,9,9,2,0,0,0,-1,0,0,1,0
2022/2023,2023-01-12 00:00:00,Fulham,Chelsea,2,1,H,1,0,8,20,3,10,5,7,12,16,4,3,0,1,1,1,1,0,0
2022/2023,2023-01-13 00:00:00,Aston Villa,Leeds,2,1,H,1,0,11,16,5,4,0,11,12,8,2,2,0,0,1,1,1,0,0
2022/2023,2023-01-14 00:00:00,Man United,Man City,2,1,H,0,0,8,5,4,1,1,2,15,5,3,0,0,0,1,0,1,0,0
2022/2023,2023-01-14 00:00:00,Brighton,Liverpool,3,0,H,0,0,16,6,9,2,7,1,8,15,1,3,0,0,3,0,1,0,0
2022/2023,2023-01-14 00:00:00,Everton,Southampton,1,2,A,1,0,12,13,4,5,6,4,7,19,0,3,0,0,-1,1,0,1,0
2022/2023,2023-01-14 00:00:00,Nott'm Forest,Leicester,2,0,H,0,0,15,6,5,1,3,5,11,12,1,2,0,0,2,0,1,0,0
2022/2023,2023-01-14 00:00:00,Wolves,West Ham,1,0,H,0,0,17,16,4,4,4,3,10,7,0,2,0,0,1,0,1,0,0
2022/2023,2023-01-14 00:00:00,Brentford,Bournemouth,2,0,H,1,0,12,7,4,2,5,3,5,9,1,1,0,0,2,1,1,0,0
2022/2023,2023-01-15 00:00:00,Chelsea,Crystal Palace,1,0,H,0,0,15,10,5,5,11,7,10,17,2,5,0,0,1,0,1,0,0
2022/2023,2023-01-15 00:00:00,Newcastle,Fulham,1,0,H,0,0,20,5,5,0,10,5,6,14,1,3,0,0,1,0,1,0,0
2022/2023,2023-01-15 00:00:00,Tottenham,Arsenal,0,2,A,0,2,17,14,7,5,4,3,16,15,4,2,0,0,-2,-2,0,1,0
2022/2023,2023-01-18 00:00:00,Crystal Palace,Man United,1,1,D,0,1,10,15,5,4,3,3,9,10,1,2,0,0,0,-1,0,0,1
2022/2023,2023-01-19 00:00:00,Man City,Tottenham,4,2,H,0,2,16,9,6,3,8,3,10,14,1,2,0,0,2,-2,1,0,0
2022/2023,2023-01-21 00:00:00,Liverpool,Chelsea,0,0,D,0,0,15,11,3,2,5,5,16,9,3,1,0,0,0,0,0,0,1
2022/2023,2023-01-21 00:00:00,Bournemouth,Nott'm Forest,1,1,D,1,0,16,20,4,5,4,6,10,7,1,2,0,0,0,1,0,0,1
2022/2023,2023-01-21 00:00:00,Leicester,Brighton,2,2,D,1,1,9,13,2,4,5,6,9,9,0,1,0,0,0,0,0,0,1
2022/2023,2023-01-21 00:00:00,Southampton,Aston Villa,0,1,A,0,0,8,16,5,5,2,2,19,9,1,2,0,0,-1,0,0,1,0
2022/2023,2023-01-21 00:00:00,West Ham,Everton,2,0,H,2,0,11,5,4,2,4,9,9,6,1,1,0,0,2,2,1,0,0
2022/2023,2023-01-21 00:00:00,Crystal Palace,Newcastle,0,0,D,0,0,6,16,1,7,3,15,13,7,4,2,0,0,0,0,0,0,1
2022/2023,2023-01-22 00:00:00,Leeds,Brentford,0,0,D,0,0,9,6,5,0,2,3,10,18,2,2,0,0,0,0,0,0,1
2022/2023,2023-01-22 00:00:00,Man City,Wolves,3,0,H,1,0,13,10,7,1,5,7,10,10,1,2,0,0,3,1,1,0,0
2022/2023,2023-01-22 00:00:00,Arsenal,Man United,3,2,H,1,1,25,6,5,4,12,4,8,9,1,2,0,0,1,0,1,0,0
2022/2023,2023-01-23 00:00:00,Fulham,Tottenham,0,1,A,0,1,10,10,5,3,3,8,10,10,1,3,0,0,-1,-1,0,1,0
2022/2023,2023-02-03 00:00:00,Chelsea,Fulham,0,0,D,0,0,12,10,3,4,6,2,16,12,1,4,0,0,0,0,0,0,1
2022/2023,2023-02-04 00:00:00,Everton,Arsenal,1,0,H,0,0,12,15,4,3,7,5,13,8,4,1,0,0,1,0,1,0,0
2022/2023,2023-02-04 00:00:00,Aston Villa,Leicester,2,4,A,2,3,19,9,4,5,11,3,10,10,0,2,0,0,-2,-1,0,1,0
2022/2023,2023-02-04 00:00:00,Brentford,Southampton,3,0,H,2,0,14,14,4,6,4,4,10,9,1,2,0,0,3,2,1,0,0
2022/2023,2023-02-04 00:00:00,Brighton,Bournemouth,1,0,H,0,0,20,12,6,2,7,3,14,7,3,1,0,0,1,0,1,0,0
2022/2023,2023-02-04 00:00:00,Man United,Crystal Palace,2,1,H,1,0,14,10,5,3,5,5,9,9,1,2,1,0,1,1,1,0,0
2022/2023,2023-02-04 00:00:00,Wolves,Liverpool,3,0,H,2,0,12,22,6,4,2,7,9,7,1,1,0,0,3,2,1,0,0
2022/2023,2023-02-04 00:00:00,Newcastle,West Ham,1,1,D,1,1,8,10,2,1,4,2,11,13,2,1,0,0,0,0,0,0,1
2022/2023,2023-02-05 00:00:00,Nott'm Forest,Leeds,1,0,H,1,0,6,10,2,4,0,2,15,14,4,2,0,0,1,1,1,0,0
2022/2023,2023-02-05 00:00:00,Tottenham,Man City,1,0,H,1,0,12,15,3,5,4,6,19,14,2,3,1,0,1,1,1,0,0
2022/2023,2023-02-08 00:00:00,Man United,Leeds,2,2,D,0,1,24,8,7,2,6,5,7,11,1,3,0,0,0,-1,0,0,1
2022/2023,2023-02-11 00:00:00,West Ham,Chelsea,1,1,D,1,1,10,12,2,4,5,6,9,11,1,1,0,0,0,0,0,0,1
2022/2023,2023-02-11 00:00:00,Arsenal,Brentford,1,1,D,0,0,23,9,7,2,7,4,9,9,0,2,0,0,0,0,0,0,1
2022/2023,2023-02-11 00:00:00,Crystal Palace,Brighton,1,1,D,0,0,6,17,1,7,1,6,10,11,4,1,0,0,0,0,0,0,1
2022/2023,2023-02-11 00:00:00,Fulham,Nott'm Forest,2,0,H,1,0,16,10,3,1,5,4,9,11,0,1,0,0,2,1,1,0,0
2022/2023,2023-02-11 00:00:00,Leicester,Tottenham,4,1,H,3,1,15,11,7,4,1,5,14,9,5,2,0,0,3,2,1,0,0
2022/2023,2023-02-11 00:00:00,Southampton,Wolves,1,2,A,1,0,17,11,2,2,5,2,12,14,2,2,0,1,-1,1,0,1,0
2022/2023,2023-02-11 00:00:00,Bournemouth,Newcastle,1,1,D,1,1,11,15,5,7,4,6,8,10,2,3,0,0,0,0,0,0,1
2022/2023,2023-02-12 00:00:00,Leeds,Man United,0,2,A,0,0,16,11,6,5,7,3,10,13,2,1,0,0,-2,0,0,1,0
2022/2023,2023-02-12 00:00:00,Man City,Aston Villa,3,1,H,3,0,17,6,9,2,8,4,13,14,1,2,0,0,2,3,1,0,0
2022/2023,2023-02-13 00:00:00,Liverpool,Everton,2,0,H,1,0,15,6,6,1,3,3,8,16,1,3,0,0,2,1,1,0,0
2022/2023,2023-02-15 00:00:00,Arsenal,Man City,1,3,A,1,1,10,9,1,6,1,3,11,15,2,3,0,0,-2,0,0,1,0
2022/2023,2023-02-18 00:00:00,Aston Villa,Arsenal,2,4,A,2,1,7,20,5,5,2,9,13,4,2,1,0,0,-2,1,0,1,0
2022/2023,2023-02-18 00:00:00,Brentford,Crystal Palace,1,1,D,0,0,12,10,5,4,2,6,10,8,2,2,0,0,0,0,0,0,1
2022/2023,2023-02-18 00:00:00,Brighton,Fulham,0,1,A,0,0,21,5,7,2,10,2,12,14,0,5,0,0,-1,0,0,1,0
2022/2023,2023-02-18 00:00:00,Chelsea,Southampton,0,1,A,0,1,17,8,5,5,8,2,16,24,3,6,0,0,-1,-1,0,1,0
2022/2023,2023-02-18 00:00:00,Everton,Leeds,1,0,H,0,0,15,8,6,0,6,4,8,6,2,3,0,0,1,0,1,0,0
2022/2023,2023-02-18 00:00:00,Nott'm Forest,Man City,1,1,D,0,1,4,26,1,6,0,10,8,6,1,0,0,0,0,-1,0,0,1
2022/2023,2023-02-18 00:00:00,Wolves,Bournemouth,0,1,A,0,0,15,5,4,1,12,2,12,10,3,3,0,0,-1,0,0,1,0
2022/2023,2023-02-18 00:00:00,Newcastle,Liverpool,0,2,A,0,2,14,13,4,7,6,7,3,8,1,1,1,0,-2,-2,0,1,0
2022/2023,2023-02-19 00:00:00,Man United,Leicester,3,0,H,1,0,26,19,8,3,6,6,9,9,0,2,0,0,3,1,1,0,0
2022/2023,2023-02-19 00:00:00,Tottenham,West Ham,2,0,H,0,0,16,6,6,1,4,7,16,10,2,1,0,0,2,0,1,0,0
2022/2023,2023-02-24 00:00:00,Fulham,Wolves,1,1,D,0,1,10,8,5,2,4,3,12,17,2,0,0,0,0,-1,0,0,1
2022/2023,2023-02-25 00:00:00,Everton,Aston Villa,0,2,A,0,0,15,9,5,5,5,1,12,12,2,1,0,0,-2,0,0,1,0
2022/2023,2023-02-25 00:00:00,Leeds,Southampton,1,0,H,0,0,14,8,4,2,9,2,15,13,2,4,0,0,1,0,1,0,0
2022/2023,2023-02-25 00:00:00,Leicester,Arsenal,0,1,A,0,0,1,10,0,2,0,8,14,9,0,1,0,0,-1,0,0,1,0
2022/2023,2023-02-25 00:00:00,West Ham,Nott'm Forest,4,0,H,0,0,18,8,5,3,12,3,8,5,0,0,0,0,4,0,1,0,0
2022/2023,2023-02-25 00:00:00,Bournemouth,Man City,1,4,A,0,3,13,20,2,5,4,6,10,9,2,2,0,0,-3,-3,0,1,0
2022/2023,2023-02-25 00:00:00,Crystal Palace,Liverpool,0,0,D,0,0,6,12,0,4,5,3,11,14,2,5,0,0,0,0,0,0,1
2022/2023,2023-02-26 00:00:00,Tottenham,Chelsea,2,0,H,0,0,8,10,3,2,4,4,10,10,2,3,0,0,2,0,1,0,0
2022/2023,2023-03-01 00:00:00,Arsenal,Everton,4,0,H,2,0,15,8,5,5,5,1,5,12,0,2,0,0,4,2,1,0,0
2022/2023,2023-03-01 00:00:00,Liverpool,Wolves,2,0,H,0,0,15,4,6,1,5,2,13,14,2,3,0,0,2,0,1,0,0
2022/2023,2023-03-04 00:00:00,Man City,Newcastle,2,0,H,1,0,11,5,3,2,8,4,8,13,2,4,0,0,2,1,1,0,0
2022/2023,2023-03-04 00:00:00,Arsenal,Bournemouth,3,2,H,0,1,31,4,9,4,17,1,6,8,0,2,0,0,1,-1,1,0,0
2022/2023,2023-03-04 00:00:00,Aston Villa,Crystal Palace,1,0,H,1,0,8,3,1,0,2,4,14,17,2,3,0,1,1,1,1,0,0
2022/2023,2023-03-04 00:00:00,Brighton,West Ham,4,0,H,1,0,20,3,9,2,7,3,6,8,0,3,0,0,4,1,1,0,0
2022/2023,2023-03-04 00:00:00,Chelsea,Leeds,1,0,H,0,0,13,11,3,2,5,7,10,7,2,0,0,0,1,0,1,0,0
2022/2023,2023-03-04 00:00:00,Wolves,Tottenham,1,0,H,0,0,8,21,5,6,4,8,11,18,1,1,0,0,1,0,1,0,0
2022/2023,2023-03-04 00:00:00,Southampton,Leicester,1,0,H,1,0,11,11,5,0,3,4,12,11,4,2,0,0,1,1,1,0,0
2022/2023,2023-03-05 00:00:00,Nott'm Forest,Everton,2,2,D,1,2,10,10,4,3,3,3,11,17,3,5,0,0,0,-1,0,0,1
2022/2023,2023-03-05 00:00:00,Liverpool,Man United,7,0,H,1,0,18,8,8,4,4,3,13,14,2,3,0,0,7,1,1,0,0
2022/2023,2023-03-06 00:00:00,Brentford,Fulham,3,2,H,1,1,14,9,6,5,2,3,12,17,0,3,0,0,1,0,1,0,0
2022/2023,2023-03-11 00:00:00,Bournemouth,Liverpool,1,0,H,1,0,5,15,2,6,3,8,7,9,2,1,0,0,1,1,1,0,0
2022/2023,2023-03-11 00:00:00,Everton,Brentford,1,0,H,1,0,13,12,6,4,5,8,11,12,2,1,0,0,1,1,1,0,0
2022/2023,2023-03-11 00:00:00,Leeds,Brighton,2,2,D,1,1,12,14,4,2,4,7,12,9,1,1,0,0,0,0,0,0,1
2022/2023,2023-03-11 00:00:00,Leicester,Chelsea,1,3,A,1,2,17,12,7,6,2,5,10,11,1,2,1,0,-2,-1,0,1,0
2022/2023,2023-03-11 00:00:00,Tottenham,Nott'm Forest,3,1,H,2,0,15,9,7,5,2,10,13,13,3,1,0,0,2,2,1,0,0
2022/2023,2023-03-11 00:00:00,Crystal Palace,Man City,0,1,A,0,0,4,14,0,4,2,6,11,17,2,2,0,0,-1,0,0,1,0
2022/2023,2023-03-12 00:00:00,Fulham,Arsenal,0,3,A,0,3,12,15,2,7,4,8,10,9,0,1,0,0,-3,-3,0,1,0
2022/2023,2023-03-12 00:00:00,Man United,Southampton,0,0,D,0,0,10,17,4,4,7,8,12,9,2,0,0,0,0,0,0,0,1
2022/2023,2023-03-12 00:00:00,West Ham,Aston Villa,1,1,D,1,1,17,12,6,4,13,2,8,6,1,0,0,0,0,0,0,0,1
2022/2023,2023-03-12 00:00:00,Newcastle,Wolves,2,1,H,1,0,19,7,8,4,10,3,11,10,1,2,0,0,1,1,1,0,0
2022/2023,2023-03-15 00:00:00,Brighton,Crystal Palace,1,0,H,1,0,11,11,5,3,1,4,13,20,1,2,0,0,1,1,1,0,0
2022/2023,2023-03-15 00:00:00,Southampton,Brentford,0,2,A,0,1,7,11,1,5,3,3,14,10,1,2,0,0,-2,-1,0,1,0
2022/2023,2023-03-17 00:00:00,Nott'm Forest,Newcastle,1,2,A,1,1,5,15,3,4,3,7,17,9,5,1,0,0,-1,0,0,1,0
2022/2023,2023-03-18 00:00:00,Aston Villa,Bournemouth,3,0,H,1,0,20,10,9,3,9,6,8,13,1,4,0,0,3,1,1,0,0
2022/2023,2023-03-18 00:00:00,Brentford,Leicester,1,1,D,1,0,11,14,2,1,8,4,10,11,1,2,1,0,0,1,0,0,1
2022/2023,2023-03-18 00:00:00,Southampton,Tottenham,3,3,D,0,1,19,17,7,3,10,3,13,8,1,1,0,0,0,-1,0,0,1
2022/2023,2023-03-18 00:00:00,Wolves,Leeds,2,4,A,0,1,23,11,8,4,5,4,15,9,3,5,1,0,-2,-1,0,1,0
2022/2023,2023-03-18 00:00:00,Chelsea,Everton,2,2,D,0,0,20,12,7,3,8,2,8,12,2,2,0,0,0,0,0,0,1
2022/2023,2023-03-19 00:00:00,Arsenal,Crystal Palace,4,1,H,2,0,15,8,5,4,5,4,8,10,0,1,0,0,3,2,1,0,0
2022/2023,2023-04-01 00:00:00,Man City,Liverpool,4,1,H,1,1,17,4,8,1,7,1,9,12,1,1,0,0,3,0,1,0,0
2022/2023,2023-04-01 00:00:00,Arsenal,Leeds,4,1,H,1,0,13,7,6,5,4,3,11,13,0,2,0,0,3,1,1,0,0
2022/2023,2023-04-01 00:00:00,Bournemouth,Fulham,2,1,H,0,1,12,10,7,2,4,3,15,13,1,4,0,0,1,-1,1,0,0
2022/2023,2023-04-01 00:00:00,Brighton,Brentford,3,3,D,2,2,33,7,15,5,14,0,16,10,2,1,0,0,0,0,0,0,1
2022/2023,2023-04-01 00:00:00,Crystal Palace,Leicester,2,1,H,0,0,31,3,9,2,10,1,12,16,3,4,0,0,1,0,1,0,0
2022/2023,2023-04-01 00:00:00,Nott'm Forest,Wolves,1,1,D,1,0,17,8,7,1,4,3,14,13,3,5,0,0,0,1,0,0,1
2022/2023,2023-04-01 00:00:00,Chelsea,Aston Villa,0,2,A,0,1,27,5,8,2,13,2,14,16,3,3,0,0,-2,-1,0,1,0
2022/2023,2023-04-02 00:00:00,West Ham,Southampton,1,0,H,1,0,12,9,2,3,5,3,10,11,0,2,0,0,1,1,1,0,0
2022/2023,2023-04-02 00:00:00,Newcastle,Man United,2,0,H,0,0,22,6,6,1,7,4,8,12,0,0,0,0,2,0,1,0,0
2022/2023,2023-04-03 00:00:00,Everton,Tottenham,1,1,D,0,0,15,8,6,2,3,3,10,14,0,3,1,1,0,0,0,0,1
2022/2023,2023-04-04 00:00:00,Bournemouth,Brighton,0,2,A,0,1,14,16,3,6,5,5,11,5,1,1,0,0,-2,-1,0,1,0
2022/2023,2023-04-04 00:00:00,Leeds,Nott'm Forest,2,1,H,2,1,21,13,6,1,11,4,11,13,1,4,0,0,1,1,1,0,0
2022/2023,2023-04-04 00:00:00,Leicester,Aston Villa,1,2,A,1,1,9,15,4,5,4,8,10,14,2,0,1,0,-1,0,0,1,0
2022/2023,2023-04-04 00:00:00,Chelsea,Liverpool,0,0,D,0,0,12,7,3,4,3,5,6,17,1,4,0,0,0,0,0,0,1
2022/2023,2023-04-05 00:00:00,Man United,Brentford,1,0,H,1,0,18,6,3,1,12,3,8,13,3,2,0,0,1,1,1,0,0
2022/2023,2023-04-05 00:00:00,West Ham,Newcastle,1,5,A,1,2,7,15,2,8,7,6,11,12,2,1,0,0,-4,-1,0,1,0
2022/2023,2023-04-08 00:00:00,Man United,Everton,2,0,H,1,0,29,15,11,1,10,4,10,9,0,0,0,0,2,1,1,0,0
2022/2023,2023-04-08 00:00:00,Aston Villa,Nott'm Forest,2,0,H,0,0,8,6,3,2,1,8,7,17,3,4,0,0,2,0,1,0,0
2022/2023,2023-04-08 00:00:00,Brentford,Newcastle,1,2,A,1,0,12,10,6,4,6,5,10,15,0,0,0,0,-1,1,0,1,0
2022/2023,2023-04-08 00:00:00,Fulham,West Ham,0,1,A,0,1,16,9,3,5,11,4,10,12,1,1,0,0,-1,-1,0,1,0
2022/2023,2023-04-08 00:00:00,Leicester,Bournemouth,0,1,A,0,1,14,19,4,7,6,6,10,13,0,3,0,0,-1,-1,0,1,0
2022/2023,2023-04-08 00:00:00,Tottenham,Brighton,2,1,H,1,1,9,17,3,4,3,7,15,15,3,1,0,0,1,0,1,0,0
2022/2023,2023-04-08 00:00:00,Wolves,Chelsea,1,0,H,1,0,9,13,4,1,8,8,14,10,2,5,0,0,1,1,1,0,0
2022/2023,2023-04-08 00:00:00,Southampton,Man City,1,4,A,0,1,4,13,1,8,0,10,6,10,0,2,0,0,-3,-1,0,1,0
2022/2023,2023-04-09 00:00:00,Leeds,Crystal Palace,1,5,A,1,1,11,16,7,8,2,4,11,8,3,1,0,0,-4,0,0,1,0
2022/2023,2023-04-09 00:00:00,Liverpool,Arsenal,2,2,D,1,2,21,9,6,5,5,4,11,11,4,4,0,0,0,-1,0,0,1
2022/2023,2023-04-15 00:00:00,Aston Villa,Newcastle,3,0,H,1,0,16,8,6,2,7,2,13,15,1,1,0,0,3,1,1,0,0
2022/2023,2023-04-15 00:00:00,Chelsea,Brighton,1,2,A,1,1,8,26,2,10,2,8,11,11,2,2,0,0,-1,0,0,1,0
2022/2023,2023-04-15 00:00:00,Everton,Fulham,1,3,A,1,1,15,21,7,7,4,8,10,6,3,2,0,0,-2,0,0,1,0
2022/2023,2023-04-15 00:00:00,Southampton,Crystal Palace,0,2,A,0,0,11,9,4,2,6,2,6,13,3,1,0,0,-2,0,0,1,0
2022/2023,2023-04-15 00:00:00,Tottenham,Bournemouth,2,3,A,1,1,24,6,8,6,8,1,8,9,1,2,0,0,-1,0,0,1,0
2022/2023,2023-04-15 00:00:00,Wolves,Brentford,2,0,H,1,0,11,10,9,3,5,2,12,8,1,1,0,0,2,1,1,0,0
2022/2023,2023-04-15 00:00:00,Man City,Leicester,3,1,H,3,0,12,10,4,4,6,2,8,8,1,1,0,0,2,3,1,0,0
2022/2023,2023-04-16 00:00:00,West Ham,Arsenal,2,2,D,1,2,16,11,3,5,7,2,11,8,1,2,0,0,0,-1,0,0,1
2022/2023,2023-04-16 00:00:00,Nott'm Forest,Man United,0,2,A,0,1,6,22,0,8,4,9,9,9,2,2,0,0,-2,-1,0,1,0
2022/2023,2023-04-17 00:00:00,Leeds,Liverpool,1,6,A,0,2,13,13,3,7,4,2,6,12,0,1,0,0,-5,-2,0,1,0
2022/2023,2023-04-21 00:00:00,Arsenal,Southampton,3,3,D,1,2,25,8,6,6,7,2,10,14,1,5,0,0,0,-1,0,0,1
2022/2023,2023-04-22 00:00:00,Fulham,Leeds,2,1,H,0,0,12,10,5,2,8,6,10,15,1,4,0,0,1,0,1,0,0
2022/2023,2023-04-22 00:00:00,Brentford,Aston Villa,1,1,D,0,0,6,14,5,2,8,4,12,8,3,2,0,0,0,0,0,0,1
2022/2023,2023-04-22 00:00:00,Crystal Palace,Everton,0,0,D,0,0,12,10,2,5,8,1,12,14,1,1,0,1,0,0,0,0,1
2022/2023,2023-04-22 00:00:00,Leicester,Wolves,2,1,H,1,1,15,16,8,3,1,7,17,16,1,3,0,0,1,0,1,0,0
2022/2023,2023-04-22 00:00:00,Liverpool,Nott'm Forest,3,2,H,0,0,18,11,6,5,9,3,9,12,0,1,0,0,1,0,1,0,0
2022/2023,2023-04-23 00:00:00,Bournemouth,West Ham,0,4,A,0,3,17,18,5,10,8,5,7,8,1,2,0,0,-4,-3,0,1,0
2022/2023,2023-04-23 00:00:00,Newcastle,Tottenham,6,1,H,5,0,25,11,8,3,9,3,7,13,0,3,0,0,5,5,1,0,0
2022/2023,2023-04-25 00:00:00,Wolves,Crystal Palace,2,0,H,1,0,9,14,3,4,6,11,13,14,5,4,0,0,2,1,1,0,0
2022/2023,2023-04-25 00:00:00,Aston Villa,Fulham,1,0,H,1,0,14,1,3,0,8,2,6,18,3,2,0,0,1,1,1,0,0
2022/2023,2023-04-25 00:00:00,Leeds,Leicester,1,1,D,1,0,13,15,3,3,3,6,14,15,4,2,0,0,0,1,0,0,1
2022/2023,2023-04-26 00:00:00,Nott'm Forest,Brighton,3,1,H,1,1,12,17,5,7,2,7,7,8,2,0,0,0,2,0,1,0,0
2022/2023,2023-04-26 00:00:00,Chelsea,Brentford,0,2,A,0,1,15,7,4,1,5,2,5,13,1,2,0,0,-2,-1,0,1,0
2022/2023,2023-04-26 00:00:00,West Ham,Liverpool,1,2,A,1,1,7,20,2,4,3,6,6,8,0,0,0,0,-1,0,0,1,0
2022/2023,2023-04-26 00:00:00,Man City,Arsenal,4,1,H,2,0,14,8,9,2,1,3,13,13,3,1,0,0,3,2,1,0,0
2022/2023,2023-04-27 00:00:00,Everton,Newcastle,1,4,A,0,1,13,15,5,8,3,14,8,6,2,1,0,0,-3,-1,0,1,0
2022/2023,2023-04-27 00:00:00,Southampton,Bournemouth,0,1,A,0,0,11,16,2,2,6,4,9,11,0,3,0,0,-1,0,0,1,0
2022/2023,2023-04-27 00:00:00,Tottenham,Man United,2,2,D,0,2,18,17,7,8,6,8,8,7,1,2,0,0,0,-2,0,0,1
2022/2023,2023-04-29 00:00:00,Crystal Palace,West Ham,4,3,H,3,2,16,8,6,4,8,5,9,17,1,2,0,0,1,1,1,0,0
2022/2023,2023-04-29 00:00:00,Brentford,Nott'm Forest,2,1,H,0,1,14,5,8,3,6,0,6,13,1,2,0,0,1,-1,1,0,0
2022/2023,2023-04-29 00:00:00,Brighton,Wolves,6,0,H,4,0,22,10,8,2,2,5,14,11,1,1,0,0,6,4,1,0,0
2022/2023,2023-04-30 00:00:00,Bournemouth,Leeds,4,1,H,2,1,12,15,7,6,2,6,12,14,1,0,0,0,3,1,1,0,0
2022/2023,2023-04-30 00:00:00,Fulham,Man City,1,2,A,1,2,4,12,1,9,2,5,9,10,1,3,0,0,-1,-1,0,1,0
2022/2023,2023-04-30 00:00:00,Man United,Aston Villa,1,0,H,1,0,14,7,6,1,1,4,16,7,2,0,0,0,1,1,1,0,0
2022/2023,2023-04-30 00:00:00,Newcastle,Southampton,3,1,H,0,1,22,4,5,3,11,2,7,10,1,4,0,0,2,-1,1,0,0
2022/2023,2023-04-30 00:00:00,Liverpool,Tottenham,4,3,H,3,1,12,10,4,7,5,2,12,6,3,2,0,0,1,2,1,0,0
2022/2023,2023-05-01 00:00:00,Leicester,Everton,2,2,D,2,1,15,23,6,8,2,9,10,12,4,1,0,0,0,1,0,0,1
2022/2023,2023-05-02 00:00:00,Arsenal,Chelsea,3,1,H,3,0,16,7,10,4,7,2,10,10,0,2,0,0,2,3,1,0,0
2022/2023,2023-05-03 00:00:00,Liverpool,Fulham,1,0,H,1,0,15,9,3,3,7,5,10,8,0,0,0,0,1,1,1,0,0
2022/2023,2023-05-03 00:00:00,Man City,West Ham,3,0,H,0,0,16,6,7,2,6,3,8,8,0,1,0,0,3,0,1,0,0
2022/2023,2023-05-04 00:00:00,Brighton,Man United,1,0,H,0,0,22,16,6,5,8,6,10,14,4,4,0,0,1,0,1,0,0
2022/2023,2023-05-06 00:00:00,Bournemouth,Chelsea,1,3,A,1,1,10,11,4,5,7,7,9,11,1,3,0,0,-2,0,0,1,0
2022/2023,2023-05-06 00:00:00,Man City,Leeds,2,1,H,2,0,18,4,6,2,10,1,3,16,0,3,0,0,1,2,1,0,0
2022/2023,2023-05-06 00:00:00,Tottenham,Crystal Palace,1,0,H,1,0,8,7,3,2,8,4,15,14,3,5,0,0,1,1,1,0,0
2022/2023,2023-05-06 00:00:00,Wolves,Aston Villa,1,0,H,1,0,6,16,2,3,5,6,20,9,3,3,0,0,1,1,1,0,0
2022/2023,2023-05-06 00:00:00,Liverpool,Brentford,1,0,H,1,0,15,5,5,1,7,3,19,10,4,2,0,0,1,1,1,0,0
2022/2023,2023-05-07 00:00:00,Newcastle,Arsenal,0,2,A,0,1,12,10,5,6,9,4,16,12,2,1,0,0,-2,-1,0,1,0
2022/2023,2023-05-07 00:00:00,West Ham,Man United,1,0,H,1,0,15,19,4,4,5,6,4,9,0,2,0,0,1,1,1,0,0
2022/2023,2023-05-08 00:00:00,Fulham,Leicester,5,3,H,3,0,17,18,7,9,2,7,13,15,0,3,0,0,2,3,1,0,0
2022/2023,2023-05-08 00:00:00,Brighton,Everton,1,5,A,0,3,23,10,5,5,15,1,11,13,1,5,0,0,-4,-3,0,1,0
2022/2023,2023-05-08 00:00:00,Nott'm Forest,Southampton,4,3,H,3,1,9,19,4,5,2,11,16,10,1,0,0,0,1,2,1,0,0
2022/2023,2023-05-13 00:00:00,Leeds,Newcastle,2,2,D,1,1,9,18,4,5,2,6,16,14,3,2,1,0,0,0,0,0,1
2022/2023,2023-05-13 00:00:00,Aston Villa,Tottenham,2,1,H,1,0,8,5,4,2,8,3,9,14,3,3,0,0,1,1,1,0,0
2022/2023,2023-05-13 00:00:00,Chelsea,Nott'm Forest,2,2,D,0,1,14,11,6,2,2,5,13,15,3,1,0,0,0,-1,0,0,1
2022/2023,2023-05-13 00:00:00,Crystal Palace,Bournemouth,2,0,H,1,0,17,5,5,0,11,2,5,12,0,2,0,0,2,1,1,0,0
2022/2023,2023-05-13 00:00:00,Man United,Wolves,2,0,H,1,0,27,5,9,0,11,7,9,9,3,2,0,0,2,1,1,0,0
2022/2023,2023-05-13 00:00:00,Southampton,Fulham,0,2,A,0,0,5,9,1,4,1,8,17,12,2,0,0,0,-2,0,0,1,0
2022/2023,2023-05-14 00:00:00,Brentford,West Ham,2,0,H,2,0,24,4,10,4,7,5,5,5,1,0,0,0,2,2,1,0,0
2022/2023,2023-05-14 00:00:00,Everton,Man City,0,3,A,0,2,7,9,3,4,8,6,12,4,1,0,0,0,-3,-2,0,1,0
2022/2023,2023-05-14 00:00:00,Arsenal,Brighton,0,3,A,0,0,14,12,2,6,5,2,13,17,1,2,0,0,-3,0,0,1,0
2022/2023,2023-05-15 00:00:00,Leicester,Liverpool,0,3,A,0,2,4,16,4,5,4,4,11,17,2,1,0,0,-3,-2,0,1,0
2022/2023,2023-05-18 00:00:00,Newcastle,Brighton,4,1,H,2,0,22,8,9,2,6,1,17,16,2,4,0,0,3,2,1,0,0
2022/2023,2023-05-20 00:00:00,Tottenham,Brentford,1,3,A,1,0,22,11,8,4,8,2,11,9,1,1,0,0,-2,1,0,1,0
2022/2023,2023-05-20 00:00:00,Bournemouth,Man United,0,1,A,0,1,10,20,4,5,3,6,6,7,1,0,0,0,-1,-1,0,1,0
2022/2023,2023-05-20 00:00:00,Fulham,Crystal Palace,2,2,D,1,1,11,11,4,5,7,4,13,12,3,0,0,0,0,0,0,0,1
2022/2023,2023-05-20 00:00:00,Liverpool,Aston Villa,1,1,D,0,1,10,6,5,3,9,4,16,13,3,5,0,0,0,-1,0,0,1
2022/2023,2023-05-20 00:00:00,Wolves,Everton,1,1,D,1,0,13,19,5,4,1,7,18,10,5,1,0,0,0,1,0,0,1
2022/2023,2023-05-20 00:00:00,Nott'm Forest,Arsenal,1,0,H,1,0,6,11,2,3,3,6,11,12,3,2,0,0,1,1,1,0,0
2022/2023,2023-05-21 00:00:00,West Ham,Leeds,3,1,H,1,1,19,12,9,3,9,5,6,11,1,3,0,0,2,0,1,0,0
2022/2023,2023-05-21 00:00:00,Brighton,Southampton,3,1,H,2,0,26,5,8,1,4,3,8,9,2,5,0,0,2,2,1,0,0
2022/2023,2023-05-21 00:00:00,Man City,Chelsea,1,0,H,1,0,15,13,2,6,5,2,12,9,0,2,0,0,1,1,1,0,0
2022/2023,2023-05-22 00:00:00,Newcastle,Leicester,0,0,D,0,0,23,1,4,1,12,1,9,5,2,0,0,0,0,0,0,0,1
2022/2023,2023-05-24 00:00:00,Brighton,Man City,1,1,D,1,1,20,13,7,4,5,1,16,11,2,1,0,0,0,0,0,0,1
2022/2023,2023-05-25 00:00:00,Man United,Chelsea,4,1,H,2,0,18,14,9,5,3,4,12,6,1,1,0,0,3,2,1,0,0
2022/2023,2023-05-28 00:00:00,Arsenal,Wolves,5,0,H,3,0,14,6,8,0,8,4,8,11,0,0,0,0,5,3,1,0,0
2022/2023,2023-05-28 00:00:00,Aston Villa,Brighton,2,1,H,2,1,12,8,5,4,4,3,15,16,4,4,0,0,1,1,1,0,0
2022/2023,2023-05-28 00:00:00,Brentford,Man City,1,0,H,0,0,11,17,4,3,3,4,12,8,4,0,0,0,1,0,1,0,0
2022/2023,2023-05-28 00:00:00,Chelsea,Newcastle,1,1,D,1,1,22,13,5,4,10,3,9,11,0,0,0,0,0,0,0,0,1
2022/2023,2023-05-28 00:00:00,Crystal Palace,Nott'm Forest,1,1,D,0,1,16,7,4,4,5,4,9,13,0,2,0,0,0,-1,0,0,1
2022/2023,2023-05-28 00:00:00,Everton,Bournemouth,1,0,H,0,0,13,7,6,2,9,3,11,12,1,3,0,0,1,0,1,0,0
2022/2023,2023-05-28 00:00:00,Leeds,Tottenham,1,4,A,0,1,19,11,2,7,12,3,7,5,3,0,0,0,-3,-1,0,1,0
2022/2023,2023-05-28 00:00:00,Leicester,West Ham,2,1,H,1,0,13,16,4,3,3,5,8,10,1,1,0,0,1,1,1,0,0
2022/2023,2023-05-28 00:00:00,Man United,Fulham,2,1,H,1,1,21,10,8,3,5,4,14,10,1,2,0,0,1,0,1,0,0
2022/2023,2023-05-28 00:00:00,Southampton,Liverpool,4,4,D,2,2,15,30,10,8,2,9,4,10,0,2,0,0,0,0,0,0,1
2023/2024,2023-08-11 00:00:00,Burnley,Man City,0,3,A,0,2,6,17,1,8,6,5,11,8,0,0,1,0,-3,-2,0,1,0
2023/2024,2023-08-12 00:00:00,Arsenal,Nott'm Forest,2,1,H,2,0,15,6,7,2,8,3,12,12,2,2,0,0,1,2,1,0,0
2023/2024,2023-08-12 00:00:00,Bournemouth,West Ham,1,1,D,0,0,14,16,5,3,10,4,9,14,1,4,0,0,0,0,0,0,1
2023/2024,2023-08-12 00:00:00,Brighton,Luton,4,1,H,1,0,27,9,12,3,6,7,11,12,2,2,0,0,3,1,1,0,0
2023/2024,2023-08-12 00:00:00,Everton,Fulham,0,1,A,0,0,19,9,9,2,10,4,12,6,0,2,0,0,-1,0,0,1,0
2023/2024,2023-08-12 00:00:00,Sheffield United,Crystal Palace,0,1,A,0,0,8,24,1,8,5,5,18,11,3,0,0,0,-1,0,0,1,0
2023/2024,2023-08-12 00:00:00,Newcastle,Aston Villa,5,1,H,2,1,17,16,13,6,6,5,12,17,4,4,0,0,4,1,1,0,0
2023/2024,2023-08-13 00:00:00,Brentford,Tottenham,2,2,D,2,2,11,18,6,6,3,6,12,13,1,4,0,0,0,0,0,0,1
2023/2024,2023-08-13 00:00:00,Chelsea,Liverpool,1,1,D,1,1,10,13,4,1,4,4,5,12,3,3,0,0,0,0,0,0,1
2023/2024,2023-08-14 00:00:00,Man United,Wolves,1,0,H,0,0,15,23,3,6,8,7,14,10,2,3,0,0,1,0,1,0,0
2023/2024,2023-08-18 00:00:00,Nott'm Forest,Sheffield United,2,1,H,1,0,16,7,4,3,6,7,5,9,2,3,0,0,1,1,1,0,0
2023/2024,2023-08-19 00:00:00,Fulham,Brentford,0,3,A,0,1,10,17,2,8,5,5,13,12,2,2,1,0,-3,-1,0,1,0
2023/2024,2023-08-19 00:00:00,Liverpool,Bournemouth,3,1,H,2,1,26,13,10,5,10,2,11,13,1,3,1,0,2,1,1,0,0
2023/2024,2023-08-19 00:00:00,Wolves,Brighton,1,4,A,0,1,16,16,5,8,5,3,14,11,3,6,1,0,-3,-1,0,1,0
2023/2024,2023-08-19 00:00:00,Tottenham,Man United,2,0,H,0,0,17,22,6,6,5,6,9,8,1,3,0,0,2,0,1,0,0
2023/2024,2023-08-19 00:00:00,Man City,Newcastle,1,0,H,1,0,14,7,4,1,3,0,12,11,1,5,0,0,1,1,1,0,0
2023/2024,2023-08-20 00:00:00,Aston Villa,Everton,4,0,H,2,0,13,9,7,2,7,6,8,12,3,4,0,0,4,2,1,0,0
2023/2024,2023-08-20 00:00:00,West Ham,Chelsea,3,1,H,1,1,12,17,6,4,3,9,12,9,2,3,1,0,2,0,1,0,0
2023/2024,2023-08-21 00:00:00,Crystal Palace,Arsenal,0,1,A,0,0,14,14,2,3,1,8,14,10,2,1,0,1,-1,0,0,1,0
2023/2024,2023-08-25 00:00:00,Chelsea,Luton,3,0,H,1,0,19,11,8,1,6,4,15,12,2,3,0,0,3,1,1,0,0
2023/2024,2023-08-26 00:00:00,Bournemouth,Tottenham,0,2,A,0,1,11,17,3,6,6,2,18,11,1,3,0,0,-2,-1,0,1,0
2023/2024,2023-08-26 00:00:00,Arsenal,Fulham,2,2,D,0,1,19,8,11,3,8,3,6,5,0,3,0,1,0,-1,0,0,1
2023/2024,2023-08-26 00:00:00,Brentford,Crystal Palace,1,1,D,1,0,12,15,1,5,8,6,9,15,0,0,0,0,0,1,0,0,1
2023/2024,2023-08-26 00:00:00,Everton,Wolves,0,1,A,0,0,15,11,7,2,7,0,10,14,3,4,0,0,-1,0,0,1,0
2023/2024,2023-08-26 00:00:00,Man United,Nott'm Forest,3,2,H,1,2,18,9,9,4,11,3,13,11,4,4,0,1,1,-1,1,0,0
2023/2024,2023-08-26 00:00:00,Brighton,West Ham,1,3,A,0,1,25,12,10,3,17,4,10,9,1,3,0,0,-2,-1,0,1,0
2023/2024,2023-08-27 00:00:00,Burnley,Aston Villa,1,3,A,0,2,9,16,2,6,4,6,12,11,2,0,0,0,-2,-2,0,1,0
2023/2024,2023-08-27 00:00:00,Sheffield United,Man City,1,2,A,0,0,6,30,2,9,1,12,11,2,3,0,0,0,-1,0,0,1,0
2023/2024,2023-08-27 00:00:00,Newcastle,Liverpool,1,2,A,1,0,23,9,8,4,5,9,16,10,1,2,0,1,-1,1,0,1,0
2023/2024,2023-09-01 00:00:00,Luton,West Ham,1,2,A,0,1,16,9,1,3,9,6,8,13,1,1,0,0,-1,-1,0,1,0
2023/2024,2023-09-02 00:00:00,Sheffield United,Everton,2,2,D,2,1,13,16,8,6,4,6,11,13,1,2,0,0,0,1,0,0,1
2023/2024,2023-09-02 00:00:00,Brentford,Bournemouth,2,2,D,1,1,21,12,7,5,5,2,6,13,1,2,0,0,0,0,0,0,1
2023/2024,2023-09-02 00:00:00,Burnley,Tottenham,2,5,A,1,2,16,20,4,10,7,4,15,9,4,3,0,0,-3,-1,0,1,0
2023/2024,2023-09-02 00:00:00,Chelsea,Nott'm Forest,0,1,A,0,0,21,7,2,3,8,0,10,9,3,4,0,0,-1,0,0,1,0
2023/2024,2023-09-02 00:00:00,Man City,Fulham,5,1,H,2,1,7,6,5,4,4,5,12,12,2,4,0,0,4,1,1,0,0
2023/2024,2023-09-02 00:00:00,Brighton,Newcastle,3,1,H,1,0,15,9,6,2,5,3,14,17,4,4,0,0,2,1,1,0,0
2023/2024,2023-09-03 00:00:00,Crystal Palace,Wolves,3,2,H,0,0,16,12,11,4,4,2,12,12,1,3,0,0,1,0,1,0,0
2023/2024,2023-09-03 00:00:00,Liverpool,Aston Villa,3,0,H,2,0,17,9,4,3,7,3,12,7,0,1,0,0,3,2,1,0,0
2023/2024,2023-09-03 00:00:00,Arsenal,Man United,3,1,H,1,1,17,10,5,2,12,3,8,7,2,3,0,0,2,0,1,0,0
2023/2024,2023-09-16 00:00:00,Wolves,Liverpool,1,3,A,1,0,11,16,2,6,4,4,10,4,1,3,0,0,-2,1,0,1,0
2023/2024,2023-09-16 00:00:00,Aston Villa,Crystal Palace,3,1,H,0,0,16,6,5,3,4,2,13,9,5,3,0,0,2,0,1,0,0
2023/2024,2023-09-16 00:00:00,Fulham,Luton,1,0,H,0,0,13,7,2,2,6,2,6,14,2,2,0,0,1,0,1,0,0
2023/2024,2023-09-16 00:00:00,Man United,Brighton,1,3,A,0,1,14,10,4,8,8,1,8,9,2,2,0,0,-2,-1,0,1,0
2023/2024,2023-09-16 00:00:00,Tottenham,Sheffield United,2,1,H,0,0,28,7,10,5,15,2,13,14,6,5,0,1,1,0,1,0,0
2023/2024,2023-09-16 00:00:00,West Ham,Man City,1,3,A,1,0,6,29,3,15,4,11,7,11,3,2,0,0,-2,1,0,1,0
2023/2024,2023-09-16 00:00:00,Newcastle,Brentford,1,0,H,0,0,9,11,2,2,8,3,8,12,3,5,0,0,1,0,1,0,0
2023/2024,2023-09-17 00:00:00,Bournemouth,Chelsea,0,0,D,0,0,13,14,4,6,1,7,15,20,1,5,0,0,0,0,0,0,1
2023/2024,2023-09-17 00:00:00,Everton,Arsenal,0,1,A,0,0,8,13,1,4,1,11,12,10,1,1,0,0,-1,0,0,1,0
2023/2024,2023-09-18 00:00:00,Nott'm Forest,Burnley,1,1,D,0,1,14,10,4,3,5,4,16,10,2,3,0,1,0,-1,0,0,1
2023/2024,2023-09-23 00:00:00,Crystal Palace,Fulham,0,0,D,0,0,7,10,3,5,3,2,10,15,3,2,0,0,0,0,0,0,1
2023/2024,2023-09-23 00:00:00,Luton,Wolves,1,1,D,0,0,20,3,4,3,10,1,12,17,0,2,0,1,0,0,0,0,1
2023/2024,2023-09-23 00:00:00,Man City,Nott'm Forest,2,0,H,2,0,7,10,4,3,6,6,5,17,3,7,1,0,2,2,1,0,0
2023/2024,2023-09-23 00:00:00,Brentford,Everton,1,3,A,1,1,12,18,2,6,1,4,9,12,2,2,0,0,-2,0,0,1,0
2023/2024,2023-09-23 00:00:00,Burnley,Man United,0,1,A,0,1,12,11,4,4,9,5,6,12,1,2,0,0,-1,-1,0,1,0
2023/2024,2023-09-24 00:00:00,Arsenal,Tottenham,2,2,D,1,1,13,13,6,5,11,4,12,19,3,4,0,0,0,0,0,0,1
2023/2024,2023-09-24 00:00:00,Brighton,Bournemouth,3,1,H,1,1,13,12,4,4,4,4,12,17,3,3,0,0,2,0,1,0,0
2023/2024,2023-09-24 00:00:00,Chelsea,Aston Villa,0,1,A,0,0,10,15,4,7,5,11,9,11,2,3,0,0,-1,0,0,1,0
2023/2024,2023-09-24 00:00:00,Liverpool,West Ham,3,1,H,1,1,22,11,7,4,7,4,12,13,0,2,0,0,2,0,1,0,0
2023/2024,2023-09-24 00:00:00,Sheffield United,Newcastle,0,8,A,0,3,9,22,1,15,2,6,12,8,3,0,0,0,-8,-3,0,1,0
2023/2024,2023-09-30 00:00:00,Aston Villa,Brighton,6,1,H,3,0,19,11,9,3,1,3,19,21,4,4,0,0,5,3,1,0,0
2023/2024,2023-09-30 00:00:00,Bournemouth,Arsenal,0,4,A,0,2,8,15,1,8,6,6,11,10,0,1,0,0,-4,-2,0,1,0
2023/2024,2023-09-30 00:00:00,Everton,Luton,1,2,A,1,2,23,9,5,2,3,6,8,10,0,1,0,0,-1,-1,0,1,0
2023/2024,2023-09-30 00:00:00,Man United,Crystal Palace,0,1,A,0,1,19,8,4,2,10,4,10,8,3,2,0,0,-1,-1,0,1,0
2023/2024,2023-09-30 00:00:00,Newcastle,Burnley,2,0,H,1,0,20,8,8,2,5,3,7,15,1,3,0,0,2,1,1,0,0
2023/2024,2023-09-30 00:00:00,West Ham,Sheffield United,2,0,H,2,0,20,16,9,2,7,4,6,9,1,1,0,0,2,2,1,0,0
2023/2024,2023-09-30 00:00:00,Wolves,Man City,2,1,H,1,0,3,23,1,8,0,6,18,12,5,4,0,0,1,1,1,0,0
2023/2024,2023-09-30 00:00:00,Tottenham,Liverpool,2,1,H,1,1,24,12,8,4,12,5,11,17,5,4,0,2,1,0,1,0,0
2023/2024,2023-10-01 00:00:00,Nott'm Forest,Brentford,1,1,D,0,0,6,18,1,5,1,11,6,10,1,2,1,0,0,0,0,0,1
2023/2024,2023-10-02 00:00:00,Fulham,Chelsea,0,2,A,0,2,10,11,3,4,8,1,15,12,1,4,0,0,-2,-2,0,1,0
2023/2024,2023-10-03 00:00:00,Luton,Burnley,1,2,A,0,1,18,14,3,4,7,6,14,6,4,2,0,0,-1,-1,0,1,0
2023/2024,2023-10-07 00:00:00,Luton,Tottenham,0,1,A,0,0,12,15,2,4,5,6,16,7,2,1,0,1,-1,0,0,1,0
2023/2024,2023-10-07 00:00:00,Burnley,Chelsea,1,4,A,1,1,10,9,3,5,7,3,11,8,2,4,0,0,-3,0,0,1,0
2023/2024,2023-10-07 00:00:00,Everton,Bournemouth,3,0,H,2,0,25,11,8,4,8,7,14,15,1,2,0,0,3,2,1,0,0
2023/2024,2023-10-07 00:00:00,Fulham,Sheffield United,3,1,H,0,0,20,5,6,2,9,4,8,10,1,2,0,0,2,0,1,0,0
2023/2024,2023-10-07 00:00:00,Man United,Brentford,2,1,H,0,1,21,11,8,3,7,5,10,17,0,5,0,0,1,-1,1,0,0
2023/2024,2023-10-07 00:00:00,Crystal Palace,Nott'm Forest,0,0,D,0,0,8,16,2,5,3,7,7,12,0,1,0,0,0,0,0,0,1
2023/2024,2023-10-08 00:00:00,Brighton,Liverpool,2,2,D,1,2,14,14,3,4,8,1,12,20,1,2,0,0,0,-1,0,0,1
2023/2024,2023-10-08 00:00:00,West Ham,Newcastle,2,2,D,1,0,5,10,3,3,4,2,11,18,3,3,0,0,0,1,0,0,1
2023/2024,2023-10-08 00:00:00,Wolves,Aston Villa,1,1,D,0,0,8,18,3,4,2,10,19,9,2,2,1,0,0,0,0,0,1
2023/2024,2023-10-08 00:00:00,Arsenal,Man City,1,0,H,0,0,12,4,2,1,5,4,8,7,2,3,0,0,1,0,1,0,0
2023/2024,2023-10-21 00:00:00,Liverpool,Everton,2,0,H,0,0,26,6,6,1,12,4,9,9,1,1,0,1,2,0,1,0,0
2023/2024,2023-10-21 00:00:00,Bournemouth,Wolves,1,2,A,1,0,7,20,4,7,3,12,15,10,2,6,1,0,-1,1,0,1,0
2023/2024,2023-10-21 00:00:00,Brentford,Burnley,3,0,H,1,0,23,6,10,1,5,5,14,12,5,2,0,1,3,1,1,0,0
2023/2024,2023-10-21 00:00:00,Man City,Brighton,2,1,H,2,0,10,5,6,3,2,2,9,11,2,2,1,0,1,2,1,0,0
2023/2024,2023-10-21 00:00:00,Newcastle,Crystal Palace,4,0,H,3,0,10,17,7,3,6,8,7,12,2,3,0,0,4,3,1,0,0
2023/2024,2023-10-21 00:00:00,Nott'm Forest,Luton,2,2,D,0,0,19,13,8,4,4,2,12,11,3,0,0,0,0,0,0,0,1
2023/2024,2023-10-21 00:00:00,Chelsea,Arsenal,2,2,D,1,0,11,13,5,3,2,7,7,14,3,3,0,0,0,1,0,0,1
2023/2024,2023-10-21 00:00:00,Sheffield United,Man United,1,2,A,1,1,12,14,6,5,5,4,12,10,3,1,0,0,-1,0,0,1,0
2023/2024,2023-10-22 00:00:00,Aston Villa,West Ham,4,1,H,1,0,15,14,7,4,8,7,9,15,0,1,0,0,3,1,1,0,0
2023/2024,2023-10-23 00:00:00,Tottenham,Fulham,2,0,H,1,0,15,10,5,3,3,5,10,14,2,0,0,0,2,1,1,0,0
2023/2024,2023-10-27 00:00:00,Crystal Palace,Tottenham,1,2,A,0,0,13,10,3,1,11,2,19,11,2,1,0,0,-1,0,0,1,0
2023/2024,2023-10-28 00:00:00,Chelsea,Brentford,0,2,A,0,0,17,7,2,5,10,1,12,7,1,4,0,0,-2,0,0,1,0
2023/2024,2023-10-28 00:00:00,Arsenal,Sheffield United,5,0,H,1,0,13,2,8,0,6,1,9,13,0,3,0,0,5,1,1,0,0
2023/2024,2023-10-28 00:00:00,Bournemouth,Burnley,2,1,H,1,1,13,6,6,3,10,5,9,12,2,3,0,0,1,0,1,0,0
2023/2024,2023-10-28 00:00:00,Wolves,Newcastle,2,2,D,1,2,11,13,6,5,8,7,13,15,1,4,0,0,0,-1,0,0,1
2023/2024,2023-10-29 00:00:00,West Ham,Everton,0,1,A,0,0,12,10,2,4,4,3,7,11,4,1,0,0,-1,0,0,1,0
2023/2024,2023-10-29 00:00:00,Aston Villa,Luton,3,1,H,1,0,17,7,6,1,6,4,11,10,3,2,0,0,2,1,1,0,0
2023/2024,2023-10-29 00:00:00,Brighton,Fulham,1,1,D,1,0,18,10,7,5,7,3,12,8,0,3,0,0,0,1,0,0,1
2023/2024,2023-10-29 00:00:00,Liverpool,Nott'm Forest,3,0,H,2,0,21,9,8,1,8,3,9,13,2,3,0,0,3,2,1,0,0
2023/2024,2023-10-29 00:00:00,Man United,Man City,0,3,A,0,1,7,21,3,10,7,12,9,4,4,1,0,0,-3,-1,0,1,0
2023/2024,2023-11-04 00:00:00,Fulham,Man United,0,1,A,0,0,18,12,3,5,9,4,9,15,5,2,0,0,-1,0,0,1,0
2023/2024,2023-11-04 00:00:00,Brentford,West Ham,3,2,H,1,2,16,12,4,2,4,3,12,14,1,4,0,0,1,-1,1,0,0
2023/2024,2023-11-04 00:00:00,Burnley,Crystal Palace,0,2,A,0,1,17,4,5,3,12,1,9,12,0,5,0,0,-2,-1,0,1,0
2023/2024,2023-11-04 00:00:00,Everton,Brighton,1,1,D,1,0,10,7,4,2,3,3,15,5,4,2,0,0,0,1,0,0,1
2023/2024,2023-11-04 00:00:00,Man City,Bournemouth,6,1,H,3,0,21,5,8,1,12,1,8,9,0,1,0,0,5,3,1,0,0
2023/2024,2023-11-04 00:00:00,Sheffield United,Wolves,2,1,H,0,0,11,10,2,3,4,4,13,10,2,3,0,0,1,0,1,0,0
2023/2024,2023-11-04 00:00:00,Newcastle,Arsenal,1,0,H,0,0,9,14,2,1,0,11,14,9,5,1,0,0,1,0,1,0,0
2023/2024,2023-11-05 00:00:00,Nott'm Forest,Aston Villa,2,0,H,1,0,5,13,3,3,0,10,6,9,1,1,0,0,2,1,1,0,0
2023/2024,2023-11-05 00:00:00,Luton,Liverpool,1,1,D,0,0,8,24,5,6,4,7,7,13,1,1,0,0,0,0,0,0,1
2023/2024,2023-11-06 00:00:00,Tottenham,Chelsea,1,4,A,1,1,8,17,5,8,1,6,12,21,1,5,2,0,-3,0,0,1,0
2023/2024,2023-11-11 00:00:00,Wolves,Tottenham,2,1,H,0,1,17,6,4,2,11,3,19,15,4,3,0,0,1,-1,1,0,0
2023/2024,2023-11-11 00:00:00,Arsenal,Burnley,3,1,H,1,0,16,8,6,5,3,3,8,9,0,1,1,0,2,1,1,0,0
2023/2024,2023-11-11 00:00:00,Crystal Palace,Everton,2,3,A,1,1,13,8,4,4,9,2,9,18,1,4,0,0,-1,0,0,1,0
2023/2024,2023-11-11 00:00:00,Man United,Luton,1,0,H,0,0,15,10,4,4,11,3,9,11,0,2,0,0,1,0,1,0,0
2023/2024,2023-11-11 00:00:00,Bournemouth,Newcastle,2,0,H,0,0,19,8,10,5,6,5,10,4,2,1,0,0,2,0,1,0,0
2023/2024,2023-11-12 00:00:00,Aston Villa,Fulham,3,1,H,2,0,12,9,6,5,2,2,4,17,2,5,0,0,2,2,1,0,0
2023/2024,2023-11-12 00:00:00,Brighton,Sheffield United,1,1,D,1,0,11,9,6,1,6,3,13,16,3,2,1,0,0,1,0,0,1
2023/2024,2023-11-12 00:00:00,Liverpool,Brentford,3,0,H,1,0,17,16,10,3,6,8,16,12,1,2,0,0,3,1,1,0,0
2023/2024,2023-11-12 00:00:00,West Ham,Nott'm Forest,3,2,H,1,1,16,10,6,5,9,4,9,12,2,2,0,0,1,0,1,0,0
2023/2024,2023-11-12 00:00:00,Chelsea,Man City,4,4,D,2,2,17,15,9,10,3,3,12,15,5,3,0,0,0,0,0,0,1
2023/2024,2023-11-25 00:00:00,Man City,Liverpool,1,1,D,1,0,16,8,5,3,9,6,9,11,1,3,0,0,0,1,0,0,1
2023/2024,2023-11-25 00:00:00,Burnley,West Ham,1,2,A,0,0,11,11,5,3,4,5,11,7,1,3,0,0,-1,0,0,1,0
2023/2024,2023-11-25 00:00:00,Luton,Crystal Palace,2,1,H,0,0,8,16,3,8,4,5,15,12,6,1,0,0,1,0,1,0,0
2023/2024,2023-11-25 00:00:00,Newcastle,Chelsea,4,1,H,1,1,14,7,5,4,4,2,13,19,4,4,0,1,3,0,1,0,0
2023/2024,2023-11-25 00:00:00,Nott'm Forest,Brighton,2,3,A,1,2,18,11,5,5,6,4,12,7,2,4,0,1,-1,-1,0,1,0
2023/2024,2023-11-25 00:00:00,Sheffield United,Bournemouth,1,3,A,0,2,10,23,2,11,4,7,6,8,4,1,0,0,-2,-2,0,1,0
2023/2024,2023-11-25 00:00:00,Brentford,Arsenal,0,1,A,0,0,9,15,3,4,1,8,9,7,1,1,0,0,-1,0,0,1,0
2023/2024,2023-11-26 00:00:00,Tottenham,Aston Villa,1,2,A,1,1,18,15,8,5,9,3,11,13,0,4,0,0,-1,0,0,1,0
2023/2024,2023-11-26 00:00:00,Everton,Man United,0,3,A,0,1,24,9,6,4,6,5,10,8,3,0,0,0,-3,-1,0,1,0
2023/2024,2023-11-27 00:00:00,Fulham,Wolves,3,2,H,1,1,12,10,6,6,6,2,13,13,2,2,0,0,1,0,1,0,0
2023/2024,2023-12-02 00:00:00,Arsenal,Wolves,2,1,H,2,0,19,6,6,3,4,0,10,10,1,2,0,0,1,2,1,0,0
2023/2024,2023-12-02 00:00:00,Brentford,Luton,3,1,H,0,0,27,7,6,1,7,5,10,8,1,2,0,0,2,0,1,0,0
2023/2024,2023-12-02 00:00:00,Burnley,Sheffield United,5,0,H,2,0,19,6,7,3,6,1,9,12,2,5,0,1,5,2,1,0,0
2023/2024,2023-12-02 00:00:00,Nott'm Forest,Everton,0,1,A,0,0,13,12,2,3,4,3,15,14,1,0,0,0,-1,0,0,1,0
2023/2024,2023-12-02 00:00:00,Newcastle,Man United,1,0,H,0,0,22,8,4,1,7,3,6,13,1,2,0,0,1,0,1,0,0
2023/2024,2023-12-03 00:00:00,Bournemouth,Aston Villa,2,2,D,1,1,15,11,7,3,7,7,16,12,5,3,0,0,0,0,0,0,1
2023/2024,2023-12-03 00:00:00,Chelsea,Brighton,3,2,H,2,1,8,18,5,9,5,8,16,12,3,5,1,0,1,1,1,0,0
2023/2024,2023-12-03 00:00:00,Liverpool,Fulham,4,3,H,2,2,26,9,12,5,3,4,6,7,0,0,0,0,1,0,1,0,0
2023/2024,2023-12-03 00:00:00,West Ham,Crystal Palace,1,1,D,1,0,9,9,3,2,2,3,17,7,2,0,0,0,0,1,0,0,1
2023/2024,2023-12-03 00:00:00,Man City,Tottenham,3,3,D,2,1,18,8,4,4,10,8,14,14,4,4,0,0,0,1,0,0,1
2023/2024,2023-12-05 00:00:00,Wolves,Burnley,1,0,H,1,0,7,12,4,3,6,8,11,15,2,4,0,0,1,1,1,0,0
2023/2024,2023-12-05 00:00:00,Luton,Arsenal,3,4,A,1,2,6,23,4,9,3,8,14,7,2,1,0,0,-1,-1,0,1,0
2023/2024,2023-12-06 00:00:00,Brighton,Brentford,2,1,H,1,1,18,8,7,2,7,3,10,8,3,1,0,0,1,0,1,0,0
2023/2024,2023-12-06 00:00:00,Crystal Palace,Bournemouth,0,2,A,0,1,16,11,3,4,3,9,10,17,1,3,0,0,-2,-1,0,1,0
2023/2024,2023-12-06 00:00:00,Fulham,Nott'm Forest,5,0,H,2,0,14,4,6,1,6,1,7,10,0,1,0,0,5,2,1,0,0
2023/2024,2023-12-06 00:00:00,Sheffield United,Liverpool,0,2,A,0,1,6,15,1,8,2,12,12,8,2,3,0,0,-2,-1,0,1,0
2023/2024,2023-12-06 00:00:00,Aston Villa,Man City,1,0,H,0,0,22,2,7,2,6,0,13,13,2,2,0,0,1,0,1,0,0
2023/2024,2023-12-06 00:00:00,Man United,Chelsea,2,1,H,1,1,28,13,9,3,12,4,12,12,4,0,0,0,1,0,1,0,0
2023/2024,2023-12-07 00:00:00,Everton,Newcastle,3,0,H,0,0,21,13,6,3,5,2,18,8,3,0,0,0,3,0,1,0,0
2023/2024,2023-12-07 00:00:00,Tottenham,West Ham,1,2,A,1,0,23,11,7,5,8,4,11,12,3,3,0,0,-1,1,0,1,0
2023/2024,2023-12-09 00:00:00,Crystal Palace,Liverpool,1,2,A,0,0,8,14,4,2,6,5,17,17,5,2,1,0,-1,0,0,1,0
2023/2024,2023-12-09 00:00:00,Brighton,Burnley,1,1,D,0,1,29,6,11,3,9,1,5,8,0,4,0,0,0,-1,0,0,1
2023/2024,2023-12-09 00:00:00,Man United,Bournemouth,0,3,A,0,1,20,10,3,4,10,4,7,10,3,1,0,0,-3,-1,0,1,0
2023/2024,2023-12-09 00:00:00,Sheffield United,Brentford,1,0,H,1,0,9,10,4,4,3,4,14,13,5,1,0,0,1,1,1,0,0
2023/2024,2023-12-09 00:00:00,Wolves,Nott'm Forest,1,1,D,1,1,10,8,4,2,4,3,9,11,0,1,0,0,0,0,0,0,1
2023/2024,2023-12-09 00:00:00,Aston Villa,Arsenal,1,0,H,1,0,10,12,3,5,3,3,16,11,4,2,0,0,1,1,1,0,0
2023/2024,2023-12-10 00:00:00,Everton,Chelsea,2,0,H,0,0,9,16,5,4,4,8,12,12,2,2,0,0,2,0,1,0,0
2023/2024,2023-12-10 00:00:00,Fulham,West Ham,5,0,H,3,0,14,9,8,5,3,6,5,10,2,1,0,0,5,3,1,0,0
2023/2024,2023-12-10 00:00:00,Luton,Man City,1,2,A,1,0,4,18,2,6,6,3,16,6,2,1,0,0,-1,1,0,1,0
2023/2024,2023-12-10 00:00:00,Tottenham,Newcastle,4,1,H,2,0,23,9,12,3,3,6,10,12,1,3,0,0,3,2,1,0,0
2023/2024,2023-12-15 00:00:00,Nott'm Forest,Tottenham,0,2,A,0,1,15,12,1,6,6,4,16,11,2,4,0,1,-2,-1,0,1,0
2023/2024,2023-12-16 00:00:00,Chelsea,Sheffield United,2,0,H,0,0,15,6,6,1,7,6,9,14,1,3,0,0,2,0,1,0,0
2023/2024,2023-12-16 00:00:00,Man City,Crystal Palace,2,2,D,1,0,19,5,9,2,6,1,12,9,1,1,0,0,0,1,0,0,1
2023/2024,2023-12-16 00:00:00,Newcastle,Fulham,3,0,H,0,0,27,6,10,4,5,1,7,12,0,2,0,1,3,0,1,0,0
2023/2024,2023-12-16 00:00:00,Burnley,Everton,0,2,A,0,2,14,9,2,6,8,6,9,8,0,1,0,0,-2,-2,0,1,0
2023/2024,2023-12-17 00:00:00,Arsenal,Brighton,2,0,H,0,0,26,6,9,1,10,1,11,9,1,3,0,0,2,0,1,0,0
2023/2024,2023-12-17 00:00:00,Brentford,Aston Villa,1,2,A,1,0,4,15,3,5,7,12,19,6,6,4,1,1,-1,1,0,1,0
2023/2024,2023-12-17 00:00:00,West Ham,Wolves,3,0,H,2,0,13,14,4,3,6,6,12,15,3,1,0,0,3,2,1,0,0
2023/2024,2023-12-17 00:00:00,Liverpool,Man United,0,0,D,0,0,34,6,8,1,12,0,13,8,2,4,0,1,0,0,0,0,1
2023/2024,2023-12-21 00:00:00,Crystal Palace,Brighton,1,1,D,1,0,11,18,3,6,3,1,12,11,5,2,0,0,0,1,0,0,1
2023/2024,2023-12-22 00:00:00,Aston Villa,Sheffield United,1,1,D,0,0,12,5,4,2,9,1,11,16,3,3,0,0,0,0,0,0,1
2023/2024,2023-12-23 00:00:00,West Ham,Man United,2,0,H,0,0,12,11,5,3,4,4,13,15,2,3,0,0,2,0,1,0,0
2023/2024,2023-12-23 00:00:00,Fulham,Burnley,0,2,A,0,0,19,7,5,2,8,6,5,17,2,1,0,0,-2,0,0,1,0
2023/2024,2023-12-23 00:00:00,Luton,Newcastle,1,0,H,1,0,16,15,5,2,6,7,11,5,2,1,0,0,1,1,1,0,0
2023/2024,2023-12-23 00:00:00,Nott'm Forest,Bournemouth,2,3,A,0,0,11,18,5,7,6,6,10,10,0,3,1,0,-1,0,0,1,0
2023/2024,2023-12-23 00:00:00,Tottenham,Everton,2,1,H,2,0,13,18,6,8,3,8,6,18,1,4,0,0,1,2,1,0,0
2023/2024,2023-12-23 00:00:00,Liverpool,Arsenal,1,1,D,1,1,13,13,3,2,4,5,13,14,2,5,0,0,0,0,0,0,1
2023/2024,2023-12-24 00:00:00,Wolves,Chelsea,2,1,H,0,0,14,16,6,5,10,6,11,9,3,5,0,0,1,0,1,0,0
2023/2024,2023-12-26 00:00:00,Newcastle,Nott'm Forest,1,3,A,1,1,19,15,7,6,10,2,10,11,3,3,0,0,-2,0,0,1,0
2023/2024,2023-12-26 00:00:00,Bournemouth,Fulham,3,0,H,1,0,16,8,4,3,6,5,10,10,0,2,0,0,3,1,1,0,0
2023/2024,2023-12-26 00:00:00,Sheffield United,Luton,2,3,A,0,1,21,12,6,4,9,4,13,13,5,0,0,0,-1,-1,0,1,0
2023/2024,2023-12-26 00:00:00,Burnley,Liverpool,0,2,A,0,1,9,19,0,10,4,4,7,10,2,1,0,0,-2,-1,0,1,0
2023/2024,2023-12-26 00:00:00,Man United,Aston Villa,3,2,H,0,2,13,10,7,4,3,6,10,10,1,3,0,0,1,-2,1,0,0
2023/2024,2023-12-27 00:00:00,Brentford,Wolves,1,4,A,1,3,14,11,4,5,8,2,5,14,1,1,0,0,-3,-2,0,1,0
2023/2024,2023-12-27 00:00:00,Chelsea,Crystal Palace,2,1,H,1,1,9,13,4,5,4,3,13,16,3,2,0,0,1,0,1,0,0
2023/2024,2023-12-27 00:00:00,Everton,Man City,1,3,A,1,0,7,23,2,9,8,4,13,5,4,2,0,0,-2,1,0,1,0
2023/2024,2023-12-28 00:00:00,Brighton,Tottenham,4,2,H,2,0,15,19,9,3,7,6,18,6,3,2,0,0,2,2,1,0,0
2023/2024,2023-12-28 00:00:00,Arsenal,West Ham,0,2,A,0,1,30,6,8,3,10,3,8,8,2,0,0,0,-2,-1,0,1,0
2023/2024,2023-12-30 00:00:00,Luton,Chelsea,2,3,A,0,2,15,12,6,8,7,2,14,21,2,2,0,0,-1,-2,0,1,0
2023/2024,2023-12-30 00:00:00,Aston Villa,Burnley,3,2,H,2,1,19,9,7,5,6,2,9,14,4,1,0,1,1,1,1,0,0
2023/2024,2023-12-30 00:00:00,Crystal Palace,Brentford,3,1,H,2,1,13,9,6,4,7,4,14,10,0,1,0,0,2,1,1,0,0
2023/2024,2023-12-30 00:00:00,Man City,Sheffield United,2,0,H,1,0,18,4,4,2,12,2,5,6,1,1,0,0,2,1,1,0,0
2023/2024,2023-12-30 00:00:00,Wolves,Everton,3,0,H,1,0,12,10,6,0,5,2,9,14,2,3,0,0,3,1,1,0,0
2023/2024,2023-12-30 00:00:00,Nott'm Forest,Man United,2,1,H,0,0,8,10,2,5,4,5,9,11,2,4,0,0,1,0,1,0,0
2023/2024,2023-12-31 00:00:00,Fulham,Arsenal,2,1,H,1,1,15,13,4,3,5,4,11,10,4,1,0,0,1,0,1,0,0
2023/2024,2023-12-31 00:00:00,Tottenham,Bournemouth,3,1,H,1,0,12,24,6,4,4,13,9,18,3,3,0,0,2,1,1,0,0
2023/2024,2024-01-01 00:00:00,Liverpool,Newcastle,4,2,H,0,0,34,5,15,3,7,3,16,15,3,5,0,0,2,0,1,0,0
2023/2024,2024-01-02 00:00:00,West Ham,Brighton,0,0,D,0,0,6,22,2,8,2,0,4,6,1,0,0,0,0,0,0,0,1
2023/2024,2024-01-12 00:00:00,Burnley,Luton,1,1,D,1,0,13,14,7,5,2,8,7,12,1,0,0,0,0,1,0,0,1
2023/2024,2024-01-13 00:00:00,Chelsea,Fulham,1,0,H,1,0,17,14,3,4,6,4,13,9,5,1,0,0,1,1,1,0,0
2023/2024,2024-01-13 00:00:00,Newcastle,Man City,2,3,A,2,1,12,27,5,11,3,13,7,7,1,2,0,0,-1,1,0,1,0
2023/2024,2024-01-14 00:00:00,Everton,Aston Villa,0,0,D,0,0,10,16,2,5,4,5,13,14,1,4,0,0,0,0,0,0,1
2023/2024,2024-01-14 00:00:00,Man United,Tottenham,2,2,D,2,1,9,16,2,6,8,13,8,5,2,1,0,0,0,1,0,0,1
2023/2024,2024-01-20 00:00:00,Arsenal,Crystal Palace,5,0,H,2,0,21,12,6,5,6,7,8,12,0,0,0,0,5,2,1,0,0
2023/2024,2024-01-20 00:00:00,Brentford,Nott'm Forest,3,2,H,1,1,11,12,5,3,6,4,10,14,1,3,0,0,1,0,1,0,0
2023/2024,2024-01-21 00:00:00,Sheffield United,West Ham,2,2,D,1,1,21,16,6,5,4,1,11,10,3,1,1,1,0,0,0,0,1
2023/2024,2024-01-21 00:00:00,Bournemouth,Liverpool,0,4,A,0,0,11,14,1,7,8,5,9,12,1,2,0,0,-4,0,0,1,0
2023/2024,2024-01-22 00:00:00,Brighton,Wolves,0,0,D,0,0,11,8,4,3,8,2,10,13,1,4,0,0,0,0,0,0,1
2023/2024,2024-01-30 00:00:00,Nott'm Forest,Arsenal,1,2,A,0,0,9,19,3,3,2,11,6,7,0,1,0,0,-1,0,0,1,0
2023/2024,2024-01-30 00:00:00,Fulham,Everton,0,0,D,0,0,25,21,6,4,15,6,6,13,1,2,0,0,0,0,0,0,1
2023/2024,2024-01-30 00:00:00,Luton,Brighton,4,0,H,3,0,18,9,8,2,7,4,13,14,2,2,0,0,4,3,1,0,0
2023/2024,2024-01-30 00:00:00,Crystal Palace,Sheffield United,3,2,H,2,2,12,9,4,5,11,1,8,18,1,4,0,0,1,0,1,0,0
2023/2024,2024-01-30 00:00:00,Aston Villa,Newcastle,1,3,A,0,2,12,14,6,5,8,7,14,12,4,1,0,0,-2,-2,0,1,0
2023/2024,2024-01-31 00:00:00,Man City,Burnley,3,1,H,2,0,14,8,4,3,7,3,3,13,2,2,0,0,2,2,1,0,0
2023/2024,2024-01-31 00:00:00,Tottenham,Brentford,3,2,H,0,1,19,9,5,5,5,3,13,15,2,3,0,0,1,-1,1,0,0
2023/2024,2024-01-31 00:00:00,Liverpool,Chelsea,4,1,H,2,0,28,4,13,3,8,1,15,16,2,4,0,0,3,2,1,0,0
2023/2024,2024-02-01 00:00:00,West Ham,Bournemouth,1,1,D,0,1,9,9,3,4,1,5,13,11,1,3,0,0,0,-1,0,0,1
2023/2024,2024-02-01 00:00:00,Wolves,Man United,3,4,A,0,2,16,21,7,8,4,5,10,10,2,5,0,0,-1,-2,0,1,0
2023/2024,2024-02-03 00:00:00,Everton,Tottenham,2,2,D,1,2,14,9,5,6,9,5,8,14,3,0,0,0,0,-1,0,0,1
2023/2024,2024-02-03 00:00:00,Brighton,Crystal Palace,4,1,H,3,0,13,7,6,5,3,2,8,14,1,3,0,0,3,3,1,0,0
2023/2024,2024-02-03 00:00:00,Burnley,Fulham,2,2,D,0,2,12,15,4,7,2,13,11,7,2,2,0,0,0,-2,0,0,1
2023/2024,2024-02-03 00:00:00,Newcastle,Luton,4,4,D,2,2,19,11,6,8,8,2,13,16,2,2,0,0,0,0,0,0,1
2023/2024,2024-02-03 00:00:00,Sheffield United,Aston Villa,0,5,A,0,4,10,14,5,10,3,4,10,7,1,0,0,0,-5,-4,0,1,0
2023/2024,2024-02-04 00:00:00,Bournemouth,Nott'm Forest,1,1,D,1,1,9,8,2,6,11,6,19,12,3,2,1,0,0,0,0,0,1
2023/2024,2024-02-04 00:00:00,Chelsea,Wolves,2,4,A,1,2,15,14,6,7,10,1,15,11,3,2,0,0,-2,-1,0,1,0
2023/2024,2024-02-04 00:00:00,Man United,West Ham,3,0,H,1,0,12,22,5,3,5,8,10,5,0,1,0,0,3,1,1,0,0
2023/2024,2024-02-04 00:00:00,Arsenal,Liverpool,3,1,H,1,1,15,10,7,1,2,4,11,11,6,2,0,1,2,0,1,0,0
2023/2024,2024-02-05 00:00:00,Brentford,Man City,1,3,A,1,1,9,25,3,15,8,13,2,4,1,0,0,0,-2,0,0,1,0
2023/2024,2024-02-10 00:00:00,Man City,Everton,2,0,H,0,0,19,5,3,1,9,0,6,11,0,2,0,0,2,0,1,0,0
2023/2024,2024-02-10 00:00:00,Fulham,Bournemouth,3,1,H,2,0,7,25,6,4,1,14,11,11,1,2,0,0,2,2,1,0,0
2023/2024,2024-02-10 00:00:00,Liverpool,Burnley,3,1,H,1,1,25,9,10,4,9,3,11,13,3,2,0,0,2,0,1,0,0
2023/2024,2024-02-10 00:00:00,Luton,Sheffield United,1,3,A,0,2,20,7,5,3,13,1,7,12,1,2,0,0,-2,-2,0,1,0
2023/2024,2024-02-10 00:00:00,Tottenham,Brighton,2,1,H,0,1,16,6,6,3,9,6,14,13,2,3,0,0,1,-1,1,0,0
2023/2024,2024-02-10 00:00:00,Wolves,Brentford,0,2,A,0,1,17,9,5,6,7,4,11,9,2,3,0,0,-2,-1,0,1,0
2023/2024,2024-02-10 00:00:00,Nott'm Forest,Newcastle,2,3,A,2,2,13,7,3,5,4,4,9,6,1,2,0,0,-1,0,0,1,0
2023/2024,2024-02-11 00:00:00,West Ham,Arsenal,0,6,A,0,4,5,25,1,12,2,6,17,11,4,0,0,0,-6,-4,0,1,0
2023/2024,2024-02-11 00:00:00,Aston Villa,Man United,1,2,A,0,1,23,17,10,5,10,8,9,7,3,2,0,0,-1,-1,0,1,0
2023/2024,2024-02-12 00:00:00,Crystal Palace,Chelsea,1,3,A,1,0,13,14,4,5,1,7,14,7,2,2,0,0,-2,1,0,1,0
2023/2024,2024-02-17 00:00:00,Brentford,Liverpool,1,4,A,0,1,15,15,6,8,1,6,4,18,2,1,0,0,-3,-1,0,1,0
2023/2024,2024-02-17 00:00:00,Burnley,Arsenal,0,5,A,0,2,8,16,0,7,4,6,11,8,2,1,0,0,-5,-2,0,1,0
2023/2024,2024-02-17 00:00:00,Fulham,Aston Villa,1,2,A,0,1,15,12,4,3,4,4,11,6,5,2,0,0,-1,-1,0,1,0
2023/2024,2024-02-17 00:00:00,Newcastle,Bournemouth,2,2,D,0,0,17,12,5,7,4,2,9,22,1,3,0,0,0,0,0,0,1
2023/2024,2024-02-17 00:00:00,Nott'm Forest,West Ham,2,0,H,1,0,19,10,8,3,5,3,13,15,4,4,0,1,2,1,1,0,0
2023/2024,2024-02-17 00:00:00,Tottenham,Wolves,1,2,A,0,1,15,12,4,7,10,4,8,13,0,1,0,0,-1,-1,0,1,0
2023/2024,2024-02-17 00:00:00,Man City,Chelsea,1,1,D,0,1,31,9,5,6,12,1,7,12,1,3,0,0,0,-1,0,0,1
2023/2024,2024-02-18 00:00:00,Sheffield United,Brighton,0,5,A,0,2,6,24,1,10,5,10,3,5,1,4,1,0,-5,-2,0,1,0
2023/2024,2024-02-18 00:00:00,Luton,Man United,1,2,A,1,2,22,21,4,9,8,6,7,21,3,5,0,0,-1,-1,0,1,0
2023/2024,2024-02-19 00:00:00,Everton,Crystal Palace,1,1,D,0,0,19,10,4,4,3,6,8,12,0,2,0,0,0,0,0,0,1
2023/2024,2024-02-20 00:00:00,Man City,Brentford,1,0,H,0,0,25,6,11,2,10,1,12,6,2,4,0,0,1,0,1,0,0
2023/2024,2024-02-21 00:00:00,Liverpool,Luton,4,1,H,0,1,29,12,13,3,13,4,15,14,1,4,0,0,3,-1,1,0,0
2023/2024,2024-02-24 00:00:00,Aston Villa,Nott'm Forest,4,2,H,3,1,16,10,6,3,7,2,7,16,1,2,0,0,2,2,1,0,0
2023/2024,2024-02-24 00:00:00,Brighton,Everton,1,1,D,0,0,23,6,7,3,11,3,9,14,2,3,1,0,0,0,0,0,1
2023/2024,2024-02-24 00:00:00,Crystal Palace,Burnley,3,0,H,0,0,15,2,6,0,12,3,8,13,3,1,0,1,3,0,1,0,0
2023/2024,2024-02-24 00:00:00,Man United,Fulham,1,2,A,0,0,21,17,9,5,10,9,6,11,2,5,0,0,-1,0,0,1,0
2023/2024,2024-02-24 00:00:00,Bournemouth,Man City,0,1,A,0,1,13,15,4,6,3,8,14,6,2,2,0,0,-1,-1,0,1,0
2023/2024,2024-02-24 00:00:00,Arsenal,Newcastle,4,1,H,2,0,18,3,8,2,9,0,15,6,1,0,0,0,3,2,1,0,0
2023/2024,2024-02-25 00:00:00,Wolves,Sheffield United,1,0,H,1,0,13,12,2,4,5,6,8,4,2,1,0,0,1,1,1,0,0
2023/2024,2024-02-26 00:00:00,West Ham,Brentford,4,2,H,2,1,17,14,6,8,1,7,5,9,1,2,0,0,2,1,1,0,0
2023/2024,2024-03-02 00:00:00,Brentford,Chelsea,2,2,D,0,1,14,17,5,6,0,6,10,9,3,1,0,0,0,-1,0,0,1
2023/2024,2024-03-02 00:00:00,Everton,West Ham,1,3,A,0,0,22,12,11,5,4,5,9,6,1,2,0,0,-2,0,0,1,0
2023/2024,2024-03-02 00:00:00,Fulham,Brighton,3,0,H,2,0,12,15,5,5,2,6,16,10,1,2,0,0,3,2,1,0,0
2023/2024,2024-03-02 00:00:00,Newcastle,Wolves,3,0,H,2,0,14,12,7,3,3,5,8,11,0,1,0,0,3,2,1,0,0
2023/2024,2024-03-02 00:00:00,Nott'm Forest,Liverpool,0,1,A,0,0,8,22,2,2,3,12,11,12,2,2,0,0,-1,0,0,1,0
2023/2024,2024-03-02 00:00:00,Tottenham,Crystal Palace,3,1,H,0,0,14,4,6,1,11,1,7,16,1,2,0,0,2,0,1,0,0
2023/2024,2024-03-02 00:00:00,Luton,Aston Villa,2,3,A,0,2,13,12,5,8,8,6,8,19,1,4,0,0,-1,-2,0,1,0
2023/2024,2024-03-03 00:00:00,Burnley,Bournemouth,0,2,A,0,1,20,10,6,3,7,2,8,13,2,4,0,0,-2,-1,0,1,0
2023/2024,2024-03-03 00:00:00,Man City,Man United,3,1,H,0,1,27,3,8,1,15,2,5,10,0,1,0,0,2,-1,1,0,0
2023/2024,2024-03-04 00:00:00,Sheffield United,Arsenal,0,6,A,0,5,4,22,0,10,0,7,11,4,1,0,0,0,-6,-5,0,1,0
2023/2024,2024-03-09 00:00:00,Man United,Everton,2,0,H,2,0,15,23,8,6,5,8,13,11,1,2,0,0,2,2,1,0,0
2023/2024,2024-03-09 00:00:00,Bournemouth,Sheffield United,2,2,D,0,1,32,13,12,9,10,3,12,11,3,5,0,0,0,-1,0,0,1
2023/2024,2024-03-09 00:00:00,Crystal Palace,Luton,1,1,D,1,0,21,8,4,2,8,6,20,11,2,3,0,0,0,1,0,0,1
2023/2024,2024-03-09 00:00:00,Wolves,Fulham,2,1,H,0,0,8,23,3,6,3,4,7,11,2,2,0,0,1,0,1,0,0
2023/2024,2024-03-09 00:00:00,Arsenal,Brentford,2,1,H,1,1,17,9,6,4,10,4,9,10,2,4,0,0,1,0,1,0,0
2023/2024,2024-03-10 00:00:00,Aston Villa,Tottenham,0,4,A,0,0,10,9,1,5,6,4,11,15,0,2,1,0,-4,0,0,1,0
2023/2024,2024-03-10 00:00:00,Brighton,Nott'm Forest,1,0,H,1,0,10,9,3,4,6,3,14,14,4,4,0,0,1,1,1,0,0
2023/2024,2024-03-10 00:00:00,West Ham,Burnley,2,2,D,0,2,22,11,4,4,4,4,11,18,2,4,0,0,0,-2,0,0,1
2023/2024,2024-03-10 00:00:00,Liverpool,Man City,1,1,D,0,1,19,10,6,6,7,4,6,10,0,3,0,0,0,-1,0,0,1
2023/2024,2024-03-11 00:00:00,Chelsea,Newcastle,3,2,H,1,1,12,11,8,3,0,4,12,7,3,1,0,0,1,0,1,0,0
2023/2024,2024-03-13 00:00:00,Bournemouth,Luton,4,3,H,0,3,24,8,10,4,11,3,16,11,1,2,0,0,1,-3,1,0,0
2023/2024,2024-03-16 00:00:00,Burnley,Brentford,2,1,H,1,0,17,9,6,5,5,4,14,17,2,4,0,1,1,1,1,0,0
2023/2024,2024-03-16 00:00:00,Luton,Nott'm Forest,1,1,D,0,1,10,16,4,6,6,7,10,17,1,2,0,0,0,-1,0,0,1
2023/2024,2024-03-16 00:00:00,Fulham,Tottenham,3,0,H,1,0,16,14,7,5,4,5,9,10,2,3,0,0,3,1,1,0,0
2023/2024,2024-03-17 00:00:00,West Ham,Aston Villa,1,1,D,1,0,13,13,5,5,7,11,13,12,3,3,0,0,0,1,0,0,1
2023/2024,2024-03-30 00:00:00,Newcastle,West Ham,4,3,H,1,2,24,10,9,4,3,4,9,8,1,1,1,0,1,-1,1,0,0
2023/2024,2024-03-30 00:00:00,Bournemouth,Everton,2,1,H,0,0,11,7,4,3,9,8,14,11,1,2,0,0,1,0,1,0,0
2023/2024,2024-03-30 00:00:00,Chelsea,Burnley,2,2,D,1,0,33,18,13,7,12,4,12,7,2,2,0,1,0,1,0,0,1
2023/2024,2024-03-30 00:00:00,Nott'm Forest,Crystal Palace,1,1,D,0,1,12,10,5,3,4,6,14,12,1,1,0,0,0,-1,0,0,1
2023/2024,2024-03-30 00:00:00,Sheffield United,Fulham,3,3,D,0,0,8,24,4,9,2,15,10,13,4,1,0,0,0,0,0,0,1
2023/2024,2024-03-30 00:00:00,Tottenham,Luton,2,1,H,0,1,17,7,4,3,3,6,16,14,2,4,0,0,1,-1,1,0,0
2023/2024,2024-03-30 00:00:00,Aston Villa,Wolves,2,0,H,1,0,11,13,5,3,5,4,11,19,3,4,0,0,2,1,1,0,0
2023/2024,2024-03-30 00:00:00,Brentford,Man United,1,1,D,0,0,31,11,5,5,14,4,7,14,2,2,0,0,0,0,0,0,1
2023/2024,2024-03-31 00:00:00,Liverpool,Brighton,2,1,H,1,1,30,9,8,3,8,4,20,6,5,3,0,0,1,0,1,0,0
2023/2024,2024-03-31 00:00:00,Man City,Arsenal,0,0,D,0,0,12,6,1,2,7,4,9,20,0,2,0,0,0,0,0,0,1
2023/2024,2024-04-02 00:00:00,Newcastle,Everton,1,1,D,1,0,18,10,6,3,7,3,9,14,0,3,0,0,0,1,0,0,1
2023/2024,2024-04-02 00:00:00,Nott'm Forest,Fulham,3,1,H,3,0,16,18,4,3,3,8,7,8,0,0,0,0,2,3,1,0,0
2023/2024,2024-04-02 00:00:00,Bournemouth,Crystal Palace,1,0,H,0,0,11,3,6,2,9,2,13,14,3,2,0,0,1,0,1,0,0
2023/2024,2024-04-02 00:00:00,Burnley,Wolves,1,1,D,1,1,13,8,6,2,7,4,10,12,0,2,0,0,0,0,0,0,1
2023/2024,2024-04-02 00:00:00,West Ham,Tottenham,1,1,D,1,1,11,13,4,4,9,5,13,9,1,4,0,0,0,0,0,0,1
2023/2024,2024-04-03 00:00:00,Arsenal,Luton,2,0,H,2,0,13,5,4,1,3,1,12,8,1,1,0,0,2,2,1,0,0
2023/2024,2024-04-03 00:00:00,Brentford,Brighton,0,0,D,0,0,5,24,2,6,1,5,9,12,1,1,0,0,0,0,0,0,1
2023/2024,2024-04-03 00:00:00,Man City,Aston Villa,4,1,H,2,1,25,8,11,3,2,3,6,13,1,2,0,0,3,1,1,0,0
2023/2024,2024-04-04 00:00:00,Liverpool,Sheffield United,3,1,H,1,0,29,8,9,3,13,1,6,9,0,1,0,0,2,1,1,0,0
2023/2024,2024-04-04 00:00:00,Chelsea,Man United,4,3,H,2,2,28,19,10,5,12,3,7,15,3,0,0,0,1,0,1,0,0
2023/2024,2024-04-06 00:00:00,Crystal Palace,Man City,2,4,A,1,1,7,18,4,8,2,9,13,3,1,1,0,0,-2,0,0,1,0
2023/2024,2024-04-06 00:00:00,Aston Villa,Brentford,3,3,D,1,0,11,8,3,3,11,3,15,11,2,2,0,0,0,1,0,0,1
2023/2024,2024-04-06 00:00:00,Everton,Burnley,1,0,H,1,0,12,6,3,1,3,5,11,13,2,1,0,1,1,1,1,0,0
2023/2024,2024-04-06 00:00:00,Fulham,Newcastle,0,1,A,0,0,14,12,4,5,14,3,10,13,1,2,0,0,-1,0,0,1,0
2023/2024,2024-04-06 00:00:00,Luton,Bournemouth,2,1,H,0,0,19,8,9,1,7,2,7,14,0,0,0,0,1,0,1,0,0
2023/2024,2024-04-06 00:00:00,Wolves,West Ham,1,2,A,1,0,14,11,7,4,4,4,15,7,5,2,0,0,-1,1,0,1,0
2023/2024,2024-04-06 00:00:00,Brighton,Arsenal,0,3,A,0,1,10,20,2,7,8,7,14,13,1,2,0,0,-3,-1,0,1,0
2023/2024,2024-04-07 00:00:00,Man United,Liverpool,2,2,D,0,1,9,28,5,7,6,11,9,10,5,2,0,0,0,-1,0,0,1
2023/2024,2024-04-07 00:00:00,Sheffield United,Chelsea,2,2,D,1,1,11,6,6,3,7,6,12,10,4,2,0,0,0,0,0,0,1
2023/2024,2024-04-07 00:00:00,Tottenham,Nott'm Forest,3,1,H,1,1,17,13,7,6,12,2,11,12,2,3,0,0,2,0,1,0,0
2023/2024,2024-04-13 00:00:00,Newcastle,Tottenham,4,0,H,2,0,18,11,5,2,16,3,14,12,0,4,0,0,4,2,1,0,0
2023/2024,2024-04-13 00:00:00,Brentford,Sheffield United,2,0,H,0,0,9,8,5,2,3,6,8,11,3,1,0,0,2,0,1,0,0
2023/2024,2024-04-13 00:00:00,Burnley,Brighton,1,1,D,0,0,11,20,3,8,4,5,18,8,1,2,0,0,0,0,0,0,1
2023/2024,2024-04-13 00:00:00,Man City,Luton,5,1,H,1,0,33,4,13,2,12,1,7,6,1,0,0,0,4,1,1,0,0
2023/2024,2024-04-13 00:00:00,Nott'm Forest,Wolves,2,2,D,1,1,18,11,9,4,10,1,15,10,2,3,0,0,0,0,0,0,1
2023/2024,2024-04-13 00:00:00,Bournemouth,Man United,2,2,D,2,1,20,8,5,2,7,2,13,14,4,0,0,0,0,1,0,0,1
2023/2024,2024-04-14 00:00:00,Liverpool,Crystal Palace,0,1,A,0,1,21,8,6,5,11,1,10,10,1,1,0,0,-1,-1,0,1,0
2023/2024,2024-04-14 00:00:00,West Ham,Fulham,0,2,A,0,1,15,18,4,10,8,3,6,13,1,2,0,0,-2,-1,0,1,0
2023/2024,2024-04-14 00:00:00,Arsenal,Aston Villa,0,2,A,0,0,18,11,4,2,4,6,12,7,3,1,0,0,-2,0,0,1,0
2023/2024,2024-04-15 00:00:00,Chelsea,Everton,6,0,H,4,0,14,10,10,2,4,8,5,21,1,4,0,0,6,4,1,0,0
2023/2024,2024-04-20 00:00:00,Luton,Brentford,1,5,A,0,2,6,21,3,9,4,9,13,9,1,2,0,0,-4,-2,0,1,0
2023/2024,2024-04-20 00:00:00,Sheffield United,Burnley,1,4,A,0,2,18,16,11,9,11,2,10,9,1,0,0,0,-3,-2,0,1,0
2023/2024,2024-04-20 00:00:00,Wolves,Arsenal,0,2,A,0,1,5,24,3,9,1,2,14,9,3,2,0,0,-2,-1,0,1,0
2023/2024,2024-04-21 00:00:00,Everton,Nott'm Forest,2,0,H,1,0,7,8,4,3,6,4,15,9,3,2,0,0,2,1,1,0,0
2023/2024,2024-04-21 00:00:00,Aston Villa,Bournemouth,3,1,H,1,1,14,14,4,6,8,4,8,14,1,3,0,0,2,0,1,0,0
2023/2024,2024-04-21 00:00:00,Crystal Palace,West Ham,5,2,H,4,1,18,4,7,1,4,0,9,9,3,2,0,0,3,3,1,0,0
2023/2024,2024-04-21 00:00:00,Fulham,Liverpool,1,3,A,1,1,12,14,5,7,1,4,5,11,3,0,0,0,-2,0,0,1,0
2023/2024,2024-04-23 00:00:00,Arsenal,Chelsea,5,0,H,1,0,27,7,10,1,4,2,12,11,2,2,0,0,5,1,1,0,0
2023/2024,2024-04-24 00:00:00,Wolves,Bournemouth,0,1,A,0,1,15,21,4,6,8,12,10,17,4,1,0,1,-1,-1,0,1,0
2023/2024,2024-04-24 00:00:00,Crystal Palace,Newcastle,2,0,H,0,0,20,7,7,2,7,2,10,15,3,3,0,0,2,0,1,0,0
2023/2024,2024-04-24 00:00:00,Everton,Liverpool,2,0,H,1,0,16,23,6,7,4,13,6,13,0,3,0,0,2,1,1,0,0
2023/2024,2024-04-24 00:00:00,Man United,Sheffield United,4,2,H,1,1,25,10,13,4,9,4,7,9,0,1,0,0,2,0,1,0,0
2023/2024,2024-04-25 00:00:00,Brighton,Man City,0,4,A,0,3,7,14,3,6,4,4,10,3,2,0,0,0,-4,-3,0,1,0
2023/2024,2024-04-27 00:00:00,West Ham,Liverpool,2,2,D,1,0,11,28,8,8,5,8,8,10,0,2,0,0,0,1,0,0,1
2023/2024,2024-04-27 00:00:00,Fulham,Crystal Palace,1,1,D,0,0,9,14,2,4,5,9,11,15,0,2,0,0,0,0,0,0,1
2023/2024,2024-04-27 00:00:00,Man United,Burnley,1,1,D,0,0,27,16,10,7,6,5,7,11,1,3,0,0,0,0,0,0,1
2023/2024,2024-04-27 00:00:00,Newcastle,Sheffield United,5,1,H,1,1,20,15,7,5,4,5,9,10,0,0,0,0,4,0,1,0,0
2023/2024,2024-04-27 00:00:00,Wolves,Luton,2,1,H,1,0,13,9,5,6,4,4,14,14,3,1,0,0,1,1,1,0,0
2023/2024,2024-04-27 00:00:00,Everton,Brentford,1,0,H,0,0,18,10,1,4,6,6,10,12,1,2,0,0,1,0,1,0,0
2023/2024,2024-04-27 00:00:00,Aston Villa,Chelsea,2,2,D,2,0,9,21,4,5,2,4,13,14,3,5,0,0,0,2,0,0,1
2023/2024,2024-04-28 00:00:00,Bournemouth,Brighton,3,0,H,1,0,15,13,6,1,8,2,14,10,2,2,0,0,3,1,1,0,0
2023/2024,2024-04-28 00:00:00,Tottenham,Arsenal,2,3,A,0,3,14,9,2,3,8,6,12,16,2,1,0,0,-1,-3,0,1,0
2023/2024,2024-04-28 00:00:00,Nott'm Forest,Man City,0,2,A,0,1,14,11,2,5,4,5,8,6,0,0,0,0,-2,-1,0,1,0
2023/2024,2024-05-02 00:00:00,Chelsea,Tottenham,2,0,H,1,0,16,19,5,3,4,9,12,16,0,1,0,0,2,1,1,0,0
2023/2024,2024-05-03 00:00:00,Luton,Everton,1,1,D,1,1,18,10,5,3,8,7,14,12,1,3,0,0,0,0,0,0,1
2023/2024,2024-05-04 00:00:00,Arsenal,Bournemouth,3,0,H,1,0,25,7,9,2,6,1,16,12,2,3,0,0,3,1,1,0,0
2023/2024,2024-05-04 00:00:00,Brentford,Fulham,0,0,D,0,0,7,15,3,3,7,6,3,6,1,1,0,0,0,0,0,0,1
2023/2024,2024-05-04 00:00:00,Burnley,Newcastle,1,4,A,0,3,17,23,5,11,4,11,8,8,2,2,0,0,-3,-3,0,1,0
2023/2024,2024-05-04 00:00:00,Sheffield United,Nott'm Forest,1,3,A,1,1,17,15,5,4,5,3,9,7,0,1,1,0,-2,0,0,1,0
2023/2024,2024-05-04 00:00:00,Man City,Wolves,5,1,H,3,0,20,2,12,1,6,0,4,17,0,4,0,0,4,3,1,0,0
2023/2024,2024-05-05 00:00:00,Brighton,Aston Villa,1,0,H,0,0,15,2,8,1,7,3,13,10,2,1,0,0,1,0,1,0,0
2023/2024,2024-05-05 00:00:00,Chelsea,West Ham,5,0,H,3,0,25,13,14,2,8,6,12,10,1,3,0,0,5,3,1,0,0
2023/2024,2024-05-05 00:00:00,Liverpool,Tottenham,4,2,H,2,0,25,11,13,6,8,3,14,12,1,4,0,0,2,2,1,0,0
2023/2024,2024-05-06 00:00:00,Crystal Palace,Man United,4,0,H,2,0,18,7,10,2,6,3,12,8,1,1,0,0,4,2,1,0,0
2023/2024,2024-05-11 00:00:00,Fulham,Man City,0,4,A,0,1,1,16,1,9,1,7,9,6,1,0,1,0,-4,-1,0,1,0
2023/2024,2024-05-11 00:00:00,Bournemouth,Brentford,1,2,A,0,0,13,11,4,5,3,8,16,12,2,2,0,0,-1,0,0,1,0
2023/2024,2024-05-11 00:00:00,Everton,Sheffield United,1,0,H,1,0,15,13,6,1,3,6,6,11,1,2,0,0,1,1,1,0,0
2023/2024,2024-05-11 00:00:00,Newcastle,Brighton,1,1,D,1,1,18,15,7,4,8,4,9,16,3,4,0,0,0,0,0,0,1
2023/2024,2024-05-11 00:00:00,Tottenham,Burnley,2,1,H,1,1,21,7,9,3,9,3,10,14,3,5,0,0,1,0,1,0,0
2023/2024,2024-05-11 00:00:00,West Ham,Luton,3,1,H,0,1,24,4,8,1,7,6,9,15,1,3,0,0,2,-1,1,0,0
2023/2024,2024-05-11 00:00:00,Wolves,Crystal Palace,1,3,A,0,2,13,13,7,3,8,3,13,12,3,2,0,1,-2,-2,0,1,0
2023/2024,2024-05-11 00:00:00,Nott'm Forest,Chelsea,2,3,A,1,1,20,12,4,5,5,6,14,8,2,3,0,0,-1,0,0,1,0
2023/2024,2024-05-12 00:00:00,Man United,Arsenal,0,1,A,0,1,14,11,2,5,4,7,5,6,0,2,0,0,-1,-1,0,1,0
2023/2024,2024-05-13 00:00:00,Aston Villa,Liverpool,3,3,D,1,2,19,14,5,7,5,4,11,15,1,1,0,0,0,-1,0,0,1
2023/2024,2024-05-14 00:00:00,Tottenham,Man City,0,2,A,0,0,10,8,5,5,7,4,14,11,3,3,0,0,-2,0,0,1,0
2023/2024,2024-05-15 00:00:00,Brighton,Chelsea,1,2,A,0,1,12,13,2,6,4,6,13,14,2,2,0,1,-1,-1,0,1,0
2023/2024,2024-05-15 00:00:00,Man United,Newcastle,3,2,H,1,0,17,21,8,8,9,9,16,7,3,3,0,0,1,1,1,0,0
2023/2024,2024-05-19 00:00:00,Arsenal,Everton,2,1,H,1,1,26,5,5,2,8,1,8,11,4,3,0,0,1,0,1,0,0
2023/2024,2024-05-19 00:00:00,Brentford,Newcastle,2,4,A,0,3,10,12,5,7,3,0,15,11,4,4,0,0,-2,-3,0,1,0
2023/2024,2024-05-19 00:00:00,Brighton,Man United,0,2,A,0,0,17,11,3,4,7,5,10,9,1,3,0,0,-2,0,0,1,0
2023/2024,2024-05-19 00:00:00,Burnley,Nott'm Forest,1,2,A,0,2,20,12,3,6,4,3,11,5,1,0,0,0,-1,-2,0,1,0
2023/2024,2024-05-19 00:00:00,Chelsea,Bournemouth,2,1,H,1,0,16,22,6,5,6,5,5,9,2,3,0,0,1,1,1,0,0
2023/2024,2024-05-19 00:00:00,Crystal Palace,Aston Villa,5,0,H,2,0,15,8,9,2,2,4,10,8,1,4,0,0,5,2,1,0,0
2023/2024,2024-05-19 00:00:00,Liverpool,Wolves,2,0,H,2,0,36,4,14,3,10,2,14,11,1,1,0,1,2,2,1,0,0
2023/2024,2024-05-19 00:00:00,Luton,Fulham,2,4,A,1,2,15,15,6,7,4,4,15,20,5,4,0,0,-2,-1,0,1,0
2023/2024,2024-05-19 00:00:00,Man City,West Ham,3,1,H,2,1,28,3,12,2,11,2,3,12,0,1,0,0,2,1,1,0,0
2023/2024,2024-05-19 00:00:00,Sheffield United,Tottenham,0,3,A,0,1,6,18,1,9,2,6,11,9,2,0,0,0,-3,-1,0,1,0
