season,date,team,num_match,venue,opponent,goal_scored,goal_conceded,goal_diff,shot,on_target,on_target_rate,hit_rate,shot_opp,on_target_opp,on_target_rate_opp,hit_rate_opp,foul_commited,foul_received,foul_ratio,yellow,yellow_opp,red,red_opp,corner_awarded,corner_conceded,cu_goal_diff,points,cu_points,result,points_w_goaldiff
2019-2020,2019-08-11 00:00:00,Arsenal,1,away,Newcastle,1,0,1,8,2,0.25,0.125,9,2,0.2222222222222222,0.0,7,12,0.5833333333333334,3,1,0,0,3,5,1,3,3,Win,3.0010019999999997
2019-2020,2019-08-17 00:00:00,Arsenal,2,home,Burnley,2,1,1,16,9,0.5625,0.125,18,5,0.2777777777777778,0.05555555555555555,13,11,1.1818181818181819,2,1,0,0,10,7,2,3,6,Win,6.002009
2019-2020,2019-08-24 00:00:00,Arsenal,3,away,Liverpool,1,3,-2,9,3,0.3333333333333333,0.1111111111111111,25,5,0.2,0.12,5,8,0.625,1,1,0,0,4,6,0,0,6,Loss,6.000003
2019-2020,2019-09-01 00:00:00,Arsenal,4,home,Tottenham,2,2,0,26,8,0.3076923076923077,0.07692307692307693,13,9,0.6923076923076923,0.15384615384615385,13,19,0.6842105263157895,3,5,0,0,11,6,0,1,7,Draw,7.000008
2019-2020,2019-09-15 00:00:00,Arsenal,5,away,Watford,2,2,0,10,4,0.4,0.2,31,7,0.22580645161290322,0.06451612903225806,4,14,0.2857142857142857,3,3,0,0,1,7,0,1,8,Draw,8.000004
2019-2020,2019-09-22 00:00:00,Arsenal,6,home,Aston Villa,3,2,1,21,6,0.2857142857142857,0.14285714285714285,14,9,0.6428571428571429,0.14285714285714285,13,15,0.8666666666666667,5,1,1,0,9,4,1,3,11,Win,11.001006
2019-2020,2019-09-30 00:00:00,Arsenal,7,away,Man United,1,1,0,10,5,0.5,0.1,16,4,0.25,0.0625,13,18,0.7222222222222222,2,4,0,0,7,8,1,1,12,Draw,12.001005
2019-2020,2019-10-06 00:00:00,Arsenal,8,home,Bournemouth,1,0,1,12,2,0.16666666666666666,0.08333333333333333,10,2,0.2,0.0,12,6,2.0,1,2,0,0,14,5,2,3,15,Win,15.002002000000001
2019-2020,2019-10-21 00:00:00,Arsenal,9,away,Sheffield United,0,1,-1,9,3,0.3333333333333333,0.0,8,2,0.25,0.125,12,10,1.2,4,4,0,0,12,7,1,0,15,Loss,15.001002999999999
2019-2020,2019-10-27 00:00:00,Arsenal,10,home,Crystal Palace,2,2,0,15,6,0.4,0.13333333333333333,10,4,0.4,0.2,18,9,2.0,2,0,0,0,12,5,1,1,16,Draw,16.001006
2019-2020,2019-11-02 00:00:00,Arsenal,11,home,Wolves,1,1,0,10,4,0.4,0.1,25,8,0.32,0.04,6,15,0.4,0,2,0,0,8,9,1,1,17,Draw,17.001004000000002
2019-2020,2019-11-09 00:00:00,Arsenal,12,away,Leicester,0,2,-2,8,1,0.125,0.0,19,7,0.3684210526315789,0.10526315789473684,10,10,1.0,1,1,0,0,4,5,-1,0,17,Loss,16.999001
2019-2020,2019-11-23 00:00:00,Arsenal,13,home,Southampton,2,2,0,12,5,0.4166666666666667,0.16666666666666666,21,6,0.2857142857142857,0.09523809523809523,13,19,0.6842105263157895,6,2,0,0,6,8,-1,1,18,Draw,17.999005
2019-2020,2019-12-01 00:00:00,Arsenal,14,away,Norwich,2,2,0,16,7,0.4375,0.125,15,8,0.5333333333333333,0.13333333333333333,10,8,1.25,1,2,0,0,12,7,-1,1,19,Draw,18.999007
2019-2020,2019-12-05 00:00:00,Arsenal,15,home,Brighton,1,2,-1,12,5,0.4166666666666667,0.08333333333333333,20,9,0.45,0.1,10,11,0.9090909090909091,3,1,0,0,9,9,-2,0,19,Loss,18.998005000000003
2019-2020,2019-12-09 00:00:00,Arsenal,16,away,West Ham,3,1,2,10,3,0.3,0.3,11,4,0.36363636363636365,0.09090909090909091,6,12,0.5,0,2,0,0,3,4,0,3,22,Win,22.000003
2019-2020,2019-12-15 00:00:00,Arsenal,17,home,Man City,0,3,-3,6,1,0.16666666666666666,0.0,14,7,0.5,0.21428571428571427,9,24,0.375,1,4,0,0,3,3,-3,0,22,Loss,21.997001
2019-2020,2019-12-21 00:00:00,Arsenal,18,away,Everton,0,0,0,6,2,0.3333333333333333,0.0,9,0,0.0,0.0,11,10,1.1,3,2,0,0,4,5,-3,1,23,Draw,22.997002
2019-2020,2019-12-26 00:00:00,Arsenal,19,away,Bournemouth,1,1,0,17,2,0.11764705882352941,0.058823529411764705,12,4,0.3333333333333333,0.08333333333333333,13,5,2.6,4,4,0,0,3,8,-3,1,24,Draw,23.997002
2019-2020,2019-12-29 00:00:00,Arsenal,20,home,Chelsea,1,2,-1,7,2,0.2857142857142857,0.14285714285714285,13,4,0.3076923076923077,0.15384615384615385,13,19,0.6842105263157895,5,4,0,0,2,3,-4,0,24,Loss,23.996001999999997
2019-2020,2020-01-01 00:00:00,Arsenal,21,home,Man United,2,0,2,10,4,0.4,0.2,10,4,0.4,0.0,11,15,0.7333333333333333,2,0,0,0,1,4,-2,3,27,Win,26.998004
2019-2020,2020-01-11 00:00:00,Arsenal,22,away,Crystal Palace,1,1,0,7,4,0.5714285714285714,0.14285714285714285,6,3,0.5,0.16666666666666666,22,14,1.5714285714285714,3,2,1,0,4,1,-2,1,28,Draw,27.998004
2019-2020,2020-01-18 00:00:00,Arsenal,23,home,Sheffield United,1,1,0,11,4,0.36363636363636365,0.09090909090909091,12,4,0.3333333333333333,0.08333333333333333,9,13,0.6923076923076923,1,2,0,0,4,5,-2,1,29,Draw,28.998004
2019-2020,2020-01-21 00:00:00,Arsenal,24,away,Chelsea,2,2,0,2,2,1.0,1.0,19,8,0.42105263157894735,0.10526315789473684,6,11,0.5454545454545454,1,2,1,0,5,17,-2,1,30,Draw,29.998002
2019-2020,2020-02-02 00:00:00,Arsenal,25,away,Burnley,0,0,0,13,2,0.15384615384615385,0.0,15,2,0.13333333333333333,0.0,11,8,1.375,3,1,0,0,7,5,-2,1,31,Draw,30.998002
2019-2020,2020-02-16 00:00:00,Arsenal,26,home,Newcastle,4,0,4,15,7,0.4666666666666667,0.26666666666666666,10,2,0.2,0.0,15,9,1.6666666666666667,2,0,0,0,5,6,2,3,34,Win,34.002007
2019-2020,2020-02-23 00:00:00,Arsenal,27,home,Everton,3,2,1,9,4,0.4444444444444444,0.3333333333333333,17,5,0.29411764705882354,0.11764705882352941,12,12,1.0,0,4,0,0,6,3,3,3,37,Win,37.003004
2019-2020,2020-03-07 00:00:00,Arsenal,28,home,West Ham,1,0,1,9,2,0.2222222222222222,0.1111111111111111,14,6,0.42857142857142855,0.0,11,9,1.2222222222222223,1,2,0,0,6,7,4,3,40,Win,40.004002
2019-2020,2020-06-17 00:00:00,Arsenal,29,away,Man City,0,3,-3,3,0,0.0,0.0,20,12,0.6,0.15,7,9,0.7777777777777778,1,1,1,0,2,5,1,0,40,Loss,40.001
2019-2020,2020-06-20 00:00:00,Arsenal,30,away,Brighton,1,2,-1,13,6,0.46153846153846156,0.07692307692307693,9,5,0.5555555555555556,0.2222222222222222,8,13,0.6153846153846154,1,2,0,0,7,10,0,0,40,Loss,40.000006
2019-2020,2020-06-25 00:00:00,Arsenal,31,away,Southampton,2,0,2,10,5,0.5,0.2,12,3,0.25,0.0,14,10,1.4,2,0,0,1,6,4,2,3,43,Win,43.002005000000004
2019-2020,2020-07-01 00:00:00,Arsenal,32,home,Norwich,4,0,4,13,8,0.6153846153846154,0.3076923076923077,8,2,0.25,0.0,10,10,1.0,1,4,0,0,6,2,6,3,46,Win,46.006008
2019-2020,2020-07-04 00:00:00,Arsenal,33,away,Wolves,2,0,2,8,5,0.625,0.25,10,1,0.1,0.0,11,6,1.8333333333333333,4,2,0,0,5,3,8,3,49,Win,49.008005000000004
2019-2020,2020-07-07 00:00:00,Arsenal,34,home,Leicester,1,1,0,11,7,0.6363636363636364,0.09090909090909091,13,5,0.38461538461538464,0.07692307692307693,10,14,0.7142857142857143,1,0,1,0,10,1,8,1,50,Draw,50.008007
2019-2020,2020-07-12 00:00:00,Arsenal,35,away,Tottenham,1,2,-1,13,4,0.3076923076923077,0.07692307692307693,15,9,0.6,0.13333333333333333,11,16,0.6875,3,5,0,0,5,6,7,0,50,Loss,50.007003999999995
2019-2020,2020-07-15 00:00:00,Arsenal,36,home,Liverpool,2,1,1,3,2,0.6666666666666666,0.6666666666666666,24,8,0.3333333333333333,0.041666666666666664,14,10,1.4,3,1,0,0,2,13,8,3,53,Win,53.008002000000005
2019-2020,2020-07-21 00:00:00,Arsenal,37,away,Aston Villa,0,1,-1,7,0,0.0,0.0,8,3,0.375,0.125,19,13,1.4615384615384615,4,2,0,0,9,8,7,0,53,Loss,53.007
2019-2020,2020-07-26 00:00:00,Arsenal,38,home,Watford,3,2,1,13,5,0.38461538461538464,0.23076923076923078,19,6,0.3157894736842105,0.10526315789473684,9,12,0.75,3,3,0,0,4,8,8,3,56,Win,56.008005000000004
2019-2020,2019-08-10 00:00:00,Aston Villa,1,away,Tottenham,1,3,-2,7,4,0.5714285714285714,0.14285714285714285,31,7,0.22580645161290322,0.0967741935483871,9,13,0.6923076923076923,0,1,0,0,0,14,-2,0,0,Loss,-0.001996
2019-2020,2019-08-17 00:00:00,Aston Villa,2,home,Bournemouth,1,2,-1,22,7,0.3181818181818182,0.045454545454545456,12,4,0.3333333333333333,0.16666666666666666,10,13,0.7692307692307693,0,2,0,0,10,5,-3,0,0,Loss,-0.002993
2019-2020,2019-08-23 00:00:00,Aston Villa,3,home,Everton,2,0,2,7,3,0.42857142857142855,0.2857142857142857,12,1,0.08333333333333333,0.0,10,18,0.5555555555555556,2,3,0,0,0,6,-1,3,3,Win,2.999003
2019-2020,2019-08-31 00:00:00,Aston Villa,4,away,Crystal Palace,0,1,-1,10,2,0.2,0.0,22,5,0.22727272727272727,0.045454545454545456,16,15,1.0666666666666667,4,2,1,0,2,13,-2,0,3,Loss,2.998002
2019-2020,2019-09-16 00:00:00,Aston Villa,5,home,West Ham,0,0,0,10,5,0.5,0.0,13,1,0.07692307692307693,0.0,13,12,1.0833333333333333,2,1,0,1,2,4,-2,1,4,Draw,3.998005
2019-2020,2019-09-22 00:00:00,Aston Villa,6,away,Arsenal,2,3,-1,14,9,0.6428571428571429,0.14285714285714285,21,6,0.2857142857142857,0.14285714285714285,15,13,1.1538461538461537,1,5,0,1,4,9,-3,0,4,Loss,3.997009
2019-2020,2019-09-28 00:00:00,Aston Villa,7,home,Burnley,2,2,0,16,3,0.1875,0.125,10,3,0.3,0.2,10,16,0.625,1,4,0,0,7,3,-3,1,5,Draw,4.997003
2019-2020,2019-10-05 00:00:00,Aston Villa,8,away,Norwich,5,1,4,22,12,0.5454545454545454,0.22727272727272727,21,5,0.23809523809523808,0.047619047619047616,17,14,1.2142857142857142,3,1,0,0,6,10,1,3,8,Win,8.001012
2019-2020,2019-10-19 00:00:00,Aston Villa,9,home,Brighton,2,1,1,24,8,0.3333333333333333,0.08333333333333333,20,5,0.25,0.05,9,17,0.5294117647058824,1,2,0,1,7,5,2,3,11,Win,11.002008
2019-2020,2019-10-26 00:00:00,Aston Villa,10,away,Man City,0,3,-3,11,5,0.45454545454545453,0.0,25,9,0.36,0.12,5,10,0.5,1,1,0,1,7,13,-1,0,11,Loss,10.999005
2019-2020,2019-11-02 00:00:00,Aston Villa,11,home,Liverpool,1,2,-1,5,2,0.4,0.2,25,6,0.24,0.08,12,9,1.3333333333333333,1,2,0,0,2,10,-2,0,11,Loss,10.998002
2019-2020,2019-11-10 00:00:00,Aston Villa,12,away,Wolves,1,2,-1,13,4,0.3076923076923077,0.07692307692307693,17,5,0.29411764705882354,0.11764705882352941,8,17,0.47058823529411764,3,4,0,0,3,6,-3,0,11,Loss,10.997004
2019-2020,2019-11-25 00:00:00,Aston Villa,13,home,Newcastle,2,0,2,17,8,0.47058823529411764,0.11764705882352941,11,5,0.45454545454545453,0.0,10,9,1.1111111111111112,1,1,0,0,11,6,-1,3,14,Win,13.999008
2019-2020,2019-12-01 00:00:00,Aston Villa,14,away,Man United,2,2,0,9,3,0.3333333333333333,0.2222222222222222,16,6,0.375,0.125,8,16,0.5,1,4,0,0,9,9,-1,1,15,Draw,14.999003
2019-2020,2019-12-04 00:00:00,Aston Villa,15,away,Chelsea,1,2,-1,9,3,0.3333333333333333,0.1111111111111111,25,9,0.36,0.08,10,18,0.5555555555555556,1,2,0,0,5,9,-2,0,15,Loss,14.998002999999999
2019-2020,2019-12-08 00:00:00,Aston Villa,16,home,Leicester,1,4,-3,15,2,0.13333333333333333,0.06666666666666667,23,8,0.34782608695652173,0.17391304347826086,21,15,1.4,6,2,0,0,8,5,-5,0,15,Loss,14.995002
2019-2020,2019-12-14 00:00:00,Aston Villa,17,away,Sheffield United,0,2,-2,8,0,0.0,0.0,7,3,0.42857142857142855,0.2857142857142857,9,10,0.9,2,2,0,0,2,3,-7,0,15,Loss,14.993
2019-2020,2019-12-21 00:00:00,Aston Villa,18,home,Southampton,1,3,-2,19,6,0.3157894736842105,0.05263157894736842,17,8,0.47058823529411764,0.17647058823529413,16,15,1.0666666666666667,2,1,0,0,7,5,-9,0,15,Loss,14.991006
2019-2020,2019-12-26 00:00:00,Aston Villa,19,home,Norwich,1,0,1,11,2,0.18181818181818182,0.09090909090909091,16,6,0.375,0.0,15,12,1.25,2,3,0,0,5,8,-8,3,18,Win,17.992002
2019-2020,2019-12-28 00:00:00,Aston Villa,20,away,Watford,0,3,-3,11,2,0.18181818181818182,0.0,20,6,0.3,0.15,9,16,0.5625,1,3,0,1,3,6,-11,0,18,Loss,17.989002
2019-2020,2020-01-01 00:00:00,Aston Villa,21,away,Burnley,2,1,1,11,6,0.5454545454545454,0.18181818181818182,20,1,0.05,0.05,10,12,0.8333333333333334,1,1,0,0,4,8,-10,3,21,Win,20.990005999999997
2019-2020,2020-01-12 00:00:00,Aston Villa,22,home,Man City,1,6,-5,7,1,0.14285714285714285,0.14285714285714285,22,12,0.5454545454545454,0.2727272727272727,5,12,0.4166666666666667,2,1,0,0,2,4,-15,0,21,Loss,20.985001
2019-2020,2020-01-18 00:00:00,Aston Villa,23,away,Brighton,1,1,0,8,3,0.375,0.125,10,2,0.2,0.1,13,11,1.1818181818181819,3,3,0,0,4,3,-15,1,22,Draw,21.985003
2019-2020,2020-01-21 00:00:00,Aston Villa,24,home,Watford,2,1,1,16,5,0.3125,0.125,8,2,0.25,0.125,11,18,0.6111111111111112,2,2,0,0,6,3,-14,3,25,Win,24.986005000000002
2019-2020,2020-02-01 00:00:00,Aston Villa,25,away,Bournemouth,1,2,-1,18,5,0.2777777777777778,0.05555555555555555,16,6,0.375,0.125,15,10,1.5,3,1,0,1,8,1,-15,0,25,Loss,24.985005
2019-2020,2020-02-16 00:00:00,Aston Villa,26,home,Tottenham,2,3,-1,18,4,0.2222222222222222,0.1111111111111111,23,10,0.43478260869565216,0.13043478260869565,12,10,1.2,2,0,0,0,12,7,-16,0,25,Loss,24.984004000000002
2019-2020,2020-02-22 00:00:00,Aston Villa,27,away,Southampton,0,2,-2,4,1,0.25,0.0,28,9,0.32142857142857145,0.07142857142857142,17,13,1.3076923076923077,4,1,0,0,6,9,-18,0,25,Loss,24.982001
2019-2020,2020-03-09 00:00:00,Aston Villa,28,away,Leicester,0,4,-4,4,1,0.25,0.0,15,7,0.4666666666666667,0.26666666666666666,12,15,0.8,1,2,0,0,0,9,-22,0,25,Loss,24.978001000000003
2019-2020,2020-06-17 00:00:00,Aston Villa,29,home,Sheffield United,0,0,0,14,6,0.42857142857142855,0.0,5,1,0.2,0.0,11,14,0.7857142857142857,1,1,0,0,12,4,-22,1,26,Draw,25.978006
2019-2020,2020-06-21 00:00:00,Aston Villa,30,home,Chelsea,1,2,-1,8,4,0.5,0.125,19,5,0.2631578947368421,0.10526315789473684,9,17,0.5294117647058824,2,1,0,0,2,10,-23,0,26,Loss,25.977004
2019-2020,2020-06-24 00:00:00,Aston Villa,31,away,Newcastle,1,1,0,14,2,0.14285714285714285,0.07142857142857142,13,3,0.23076923076923078,0.07692307692307693,13,15,0.8666666666666667,2,2,0,0,9,6,-23,1,27,Draw,26.977002
2019-2020,2020-06-27 00:00:00,Aston Villa,32,home,Wolves,0,1,-1,11,1,0.09090909090909091,0.0,9,2,0.2222222222222222,0.1111111111111111,16,16,1.0,1,1,0,0,2,2,-24,0,27,Loss,26.976001
2019-2020,2020-07-05 00:00:00,Aston Villa,33,away,Liverpool,0,2,-2,9,3,0.3333333333333333,0.0,6,4,0.6666666666666666,0.3333333333333333,8,18,0.4444444444444444,1,1,0,0,5,7,-26,0,27,Loss,26.974003
2019-2020,2020-07-09 00:00:00,Aston Villa,34,home,Man United,0,3,-3,9,1,0.1111111111111111,0.0,14,6,0.42857142857142855,0.21428571428571427,7,13,0.5384615384615384,2,3,0,0,3,5,-29,0,27,Loss,26.971001
2019-2020,2020-07-12 00:00:00,Aston Villa,35,home,Crystal Palace,2,0,2,12,9,0.75,0.16666666666666666,9,5,0.5555555555555556,0.0,21,21,1.0,2,4,0,1,5,1,-27,3,30,Win,29.973008999999998
2019-2020,2020-07-16 00:00:00,Aston Villa,36,away,Everton,1,1,0,15,1,0.06666666666666667,0.06666666666666667,9,1,0.1111111111111111,0.1111111111111111,13,15,0.8666666666666667,1,2,0,0,5,5,-27,1,31,Draw,30.973001
2019-2020,2020-07-21 00:00:00,Aston Villa,37,home,Arsenal,1,0,1,8,3,0.375,0.125,7,0,0.0,0.0,13,19,0.6842105263157895,2,4,0,0,8,9,-26,3,34,Win,33.974002999999996
2019-2020,2020-07-26 00:00:00,Aston Villa,38,away,West Ham,1,1,0,13,4,0.3076923076923077,0.07692307692307693,10,1,0.1,0.1,13,16,0.8125,1,2,0,0,7,0,-26,1,35,Draw,34.974003999999994
2019-2020,2019-08-10 00:00:00,Bournemouth,1,home,Sheffield United,1,1,0,13,3,0.23076923076923078,0.07692307692307693,8,3,0.375,0.125,10,19,0.5263157894736842,2,1,0,0,3,4,0,1,1,Draw,1.000003
2019-2020,2019-08-17 00:00:00,Bournemouth,2,away,Aston Villa,2,1,1,12,4,0.3333333333333333,0.16666666666666666,22,7,0.3181818181818182,0.045454545454545456,13,10,1.3,2,0,0,0,5,10,1,3,4,Win,4.001004
2019-2020,2019-08-25 00:00:00,Bournemouth,3,home,Man City,1,3,-2,10,7,0.7,0.1,19,5,0.2631578947368421,0.15789473684210525,7,13,0.5384615384615384,1,3,0,0,4,5,-1,0,4,Loss,3.999007
2019-2020,2019-08-31 00:00:00,Bournemouth,4,away,Leicester,1,3,-2,8,2,0.25,0.125,13,5,0.38461538461538464,0.23076923076923078,11,9,1.2222222222222223,3,1,0,0,5,4,-3,0,4,Loss,3.9970019999999997
2019-2020,2019-09-15 00:00:00,Bournemouth,5,home,Everton,3,1,2,13,6,0.46153846153846156,0.23076923076923078,14,5,0.35714285714285715,0.07142857142857142,5,14,0.35714285714285715,0,4,0,0,7,7,-1,3,7,Win,6.999006
2019-2020,2019-09-20 00:00:00,Bournemouth,6,away,Southampton,3,1,2,6,3,0.5,0.5,25,6,0.24,0.04,9,8,1.125,3,1,0,0,5,4,1,3,10,Win,10.001002999999999
2019-2020,2019-09-28 00:00:00,Bournemouth,7,home,West Ham,2,2,0,13,5,0.38461538461538464,0.15384615384615385,17,6,0.35294117647058826,0.11764705882352941,7,8,0.875,3,1,0,0,6,6,1,1,11,Draw,11.001005
2019-2020,2019-10-06 00:00:00,Bournemouth,8,away,Arsenal,0,1,-1,10,2,0.2,0.0,12,2,0.16666666666666666,0.08333333333333333,6,12,0.5,2,1,0,0,5,14,0,0,11,Loss,11.000002
2019-2020,2019-10-19 00:00:00,Bournemouth,9,home,Norwich,0,0,0,11,2,0.18181818181818182,0.0,10,1,0.1,0.0,8,11,0.7272727272727273,1,3,0,0,6,7,0,1,12,Draw,12.000002
2019-2020,2019-10-26 00:00:00,Bournemouth,10,away,Watford,0,0,0,15,5,0.3333333333333333,0.0,7,3,0.42857142857142855,0.0,8,14,0.5714285714285714,3,5,0,0,10,5,0,1,13,Draw,13.000005
2019-2020,2019-11-02 00:00:00,Bournemouth,11,home,Man United,1,0,1,12,6,0.5,0.08333333333333333,15,4,0.26666666666666666,0.0,14,12,1.1666666666666667,4,3,0,0,4,10,1,3,16,Win,16.001006
2019-2020,2019-11-09 00:00:00,Bournemouth,12,away,Newcastle,1,2,-1,16,3,0.1875,0.0625,20,9,0.45,0.1,5,10,0.5,0,2,0,0,4,5,0,0,16,Loss,16.000003
2019-2020,2019-11-23 00:00:00,Bournemouth,13,home,Wolves,1,2,-1,9,2,0.2222222222222222,0.1111111111111111,17,7,0.4117647058823529,0.11764705882352941,10,12,0.8333333333333334,2,1,1,0,5,9,-1,0,16,Loss,15.999002
2019-2020,2019-11-30 00:00:00,Bournemouth,14,away,Tottenham,2,3,-1,20,6,0.3,0.1,15,5,0.3333333333333333,0.2,12,10,1.2,2,0,0,0,8,4,-2,0,16,Loss,15.998006
2019-2020,2019-12-03 00:00:00,Bournemouth,15,away,Crystal Palace,0,1,-1,6,3,0.5,0.0,7,2,0.2857142857142857,0.14285714285714285,15,6,2.5,3,3,0,1,9,6,-3,0,16,Loss,15.997003
2019-2020,2019-12-07 00:00:00,Bournemouth,16,home,Liverpool,0,3,-3,3,0,0.0,0.0,21,9,0.42857142857142855,0.14285714285714285,5,6,0.8333333333333334,0,1,0,0,1,3,-6,0,16,Loss,15.994
2019-2020,2019-12-14 00:00:00,Bournemouth,17,away,Chelsea,1,0,1,11,2,0.18181818181818182,0.09090909090909091,18,5,0.2777777777777778,0.0,14,9,1.5555555555555556,2,1,0,0,4,9,-5,3,19,Win,18.995002
2019-2020,2019-12-21 00:00:00,Bournemouth,18,home,Burnley,0,1,-1,3,0,0.0,0.0,2,1,0.5,0.5,13,21,0.6190476190476191,2,4,0,0,4,5,-6,0,19,Loss,18.994
2019-2020,2019-12-26 00:00:00,Bournemouth,19,home,Arsenal,1,1,0,12,4,0.3333333333333333,0.08333333333333333,17,2,0.11764705882352941,0.058823529411764705,5,13,0.38461538461538464,4,4,0,0,8,3,-6,1,20,Draw,19.994004
2019-2020,2019-12-28 00:00:00,Bournemouth,20,away,Brighton,0,2,-2,10,2,0.2,0.0,16,6,0.375,0.125,11,8,1.375,2,0,0,0,2,9,-8,0,20,Loss,19.992002
2019-2020,2020-01-01 00:00:00,Bournemouth,21,away,West Ham,0,4,-4,3,2,0.6666666666666666,0.0,14,7,0.5,0.2857142857142857,12,3,4.0,2,1,0,0,2,9,-12,0,20,Loss,19.988001999999998
2019-2020,2020-01-12 00:00:00,Bournemouth,22,home,Watford,0,3,-3,10,1,0.1,0.0,18,6,0.3333333333333333,0.16666666666666666,3,13,0.23076923076923078,1,1,0,0,5,5,-15,0,20,Loss,19.985001
2019-2020,2020-01-18 00:00:00,Bournemouth,23,away,Norwich,0,1,-1,6,3,0.5,0.0,16,5,0.3125,0.0625,10,10,1.0,2,2,1,1,5,4,-16,0,20,Loss,19.984003
2019-2020,2020-01-21 00:00:00,Bournemouth,24,home,Brighton,3,1,2,11,3,0.2727272727272727,0.2727272727272727,21,8,0.38095238095238093,0.047619047619047616,9,12,0.75,1,1,0,0,5,8,-14,3,23,Win,22.986003
2019-2020,2020-02-01 00:00:00,Bournemouth,25,home,Aston Villa,2,1,1,16,6,0.375,0.125,18,5,0.2777777777777778,0.05555555555555555,10,15,0.6666666666666666,1,3,1,0,1,8,-13,3,26,Win,25.987005999999997
2019-2020,2020-02-09 00:00:00,Bournemouth,26,away,Sheffield United,1,2,-1,10,2,0.2,0.1,16,6,0.375,0.125,8,10,0.8,2,2,0,0,4,8,-14,0,26,Loss,25.986002
2019-2020,2020-02-22 00:00:00,Bournemouth,27,away,Burnley,0,3,-3,12,4,0.3333333333333333,0.0,16,10,0.625,0.1875,9,9,1.0,3,4,0,0,3,7,-17,0,26,Loss,25.983004
2019-2020,2020-02-29 00:00:00,Bournemouth,28,home,Chelsea,2,2,0,9,5,0.5555555555555556,0.2222222222222222,23,6,0.2608695652173913,0.08695652173913043,8,5,1.6,2,2,0,0,4,14,-17,1,27,Draw,26.983005000000002
2019-2020,2020-03-07 00:00:00,Bournemouth,29,away,Liverpool,1,2,-1,6,4,0.6666666666666666,0.16666666666666666,14,6,0.42857142857142855,0.14285714285714285,12,10,1.2,1,0,0,0,4,9,-18,0,27,Loss,26.982004
2019-2020,2020-06-20 00:00:00,Bournemouth,30,home,Crystal Palace,0,2,-2,12,1,0.08333333333333333,0.0,7,2,0.2857142857142857,0.2857142857142857,13,15,0.8666666666666667,3,2,0,0,11,4,-20,0,27,Loss,26.980001
2019-2020,2020-06-24 00:00:00,Bournemouth,31,away,Wolves,0,1,-1,4,0,0.0,0.0,10,2,0.2,0.1,11,11,1.0,3,3,0,0,4,6,-21,0,27,Loss,26.979
2019-2020,2020-07-01 00:00:00,Bournemouth,32,home,Newcastle,1,4,-3,12,1,0.08333333333333333,0.08333333333333333,12,7,0.5833333333333334,0.3333333333333333,11,10,1.1,2,0,0,0,6,3,-24,0,27,Loss,26.976001
2019-2020,2020-07-04 00:00:00,Bournemouth,33,away,Man United,2,5,-3,7,3,0.42857142857142855,0.2857142857142857,19,10,0.5263157894736842,0.2631578947368421,12,13,0.9230769230769231,1,0,0,0,3,8,-27,0,27,Loss,26.973003
2019-2020,2020-07-09 00:00:00,Bournemouth,34,home,Tottenham,0,0,0,9,2,0.2222222222222222,0.0,9,0,0.0,0.0,11,14,0.7857142857142857,3,2,0,0,8,12,-27,1,28,Draw,27.973001999999997
2019-2020,2020-07-12 00:00:00,Bournemouth,35,home,Leicester,4,1,3,10,4,0.4,0.4,13,5,0.38461538461538464,0.07692307692307693,11,12,0.9166666666666666,2,1,0,1,2,6,-24,3,31,Win,30.976004
2019-2020,2020-07-15 00:00:00,Bournemouth,36,away,Man City,1,2,-1,15,3,0.2,0.06666666666666667,8,4,0.5,0.25,10,10,1.0,1,1,0,0,5,3,-25,0,31,Loss,30.975003
2019-2020,2020-07-19 00:00:00,Bournemouth,37,home,Southampton,0,2,-2,11,3,0.2727272727272727,0.0,16,8,0.5,0.125,12,11,1.0909090909090908,2,2,0,0,12,6,-27,0,31,Loss,30.973003
2019-2020,2020-07-26 00:00:00,Bournemouth,38,away,Everton,3,1,2,13,7,0.5384615384615384,0.23076923076923078,13,5,0.38461538461538464,0.07692307692307693,9,11,0.8181818181818182,0,1,0,0,5,2,-25,3,34,Win,33.975007
2019-2020,2019-08-10 00:00:00,Brighton,1,away,Watford,3,0,3,5,3,0.6,0.6,11,3,0.2727272727272727,0.0,11,15,0.7333333333333333,1,0,0,0,2,5,3,3,3,Win,3.003003
2019-2020,2019-08-17 00:00:00,Brighton,2,home,West Ham,1,1,0,16,4,0.25,0.0625,8,3,0.375,0.125,11,10,1.1,0,2,0,0,8,6,3,1,4,Draw,4.003004
2019-2020,2019-08-24 00:00:00,Brighton,3,home,Southampton,0,2,-2,12,3,0.25,0.0,12,4,0.3333333333333333,0.16666666666666666,9,10,0.9,1,3,1,0,8,5,1,0,4,Loss,4.001003000000001
2019-2020,2019-08-31 00:00:00,Brighton,4,away,Man City,0,4,-4,6,2,0.3333333333333333,0.0,15,6,0.4,0.26666666666666666,6,10,0.6,1,1,0,0,1,8,-3,0,4,Loss,3.9970019999999997
2019-2020,2019-09-14 00:00:00,Brighton,5,home,Burnley,1,1,0,14,5,0.35714285714285715,0.07142857142857142,7,1,0.14285714285714285,0.14285714285714285,13,7,1.8571428571428572,0,2,0,0,3,6,-3,1,5,Draw,4.997005
2019-2020,2019-09-21 00:00:00,Brighton,6,away,Newcastle,0,0,0,16,3,0.1875,0.0,11,4,0.36363636363636365,0.0,8,12,0.6666666666666666,1,2,0,0,3,5,-3,1,6,Draw,5.997003
2019-2020,2019-09-28 00:00:00,Brighton,7,away,Chelsea,0,2,-2,8,1,0.125,0.0,24,10,0.4166666666666667,0.08333333333333333,13,5,2.6,3,2,0,0,2,5,-5,0,6,Loss,5.995001
2019-2020,2019-10-05 00:00:00,Brighton,8,home,Tottenham,3,0,3,17,6,0.35294117647058826,0.17647058823529413,8,3,0.375,0.0,11,7,1.5714285714285714,2,1,0,0,4,4,-2,3,9,Win,8.998006
2019-2020,2019-10-19 00:00:00,Brighton,9,away,Aston Villa,1,2,-1,20,5,0.25,0.05,24,8,0.3333333333333333,0.08333333333333333,17,9,1.8888888888888888,2,1,1,0,5,7,-3,0,9,Loss,8.997005
2019-2020,2019-10-26 00:00:00,Brighton,10,home,Everton,3,2,1,8,4,0.5,0.375,10,6,0.6,0.2,12,12,1.0,2,1,0,0,0,5,-2,3,12,Win,11.998004
2019-2020,2019-11-02 00:00:00,Brighton,11,home,Norwich,2,0,2,21,5,0.23809523809523808,0.09523809523809523,7,0,0.0,0.0,11,8,1.375,0,1,0,0,8,3,0,3,15,Win,15.000005
2019-2020,2019-11-10 00:00:00,Brighton,12,away,Man United,1,3,-2,6,2,0.3333333333333333,0.16666666666666666,21,11,0.5238095238095238,0.14285714285714285,14,10,1.4,5,2,0,0,2,5,-2,0,15,Loss,14.998002
2019-2020,2019-11-23 00:00:00,Brighton,13,home,Leicester,0,2,-2,7,0,0.0,0.0,19,9,0.47368421052631576,0.10526315789473684,9,1,9.0,2,0,0,0,6,7,-4,0,15,Loss,14.996
2019-2020,2019-11-30 00:00:00,Brighton,14,away,Liverpool,1,2,-1,12,5,0.4166666666666667,0.08333333333333333,15,7,0.4666666666666667,0.13333333333333333,10,3,3.3333333333333335,0,0,0,1,5,4,-5,0,15,Loss,14.995004999999999
2019-2020,2019-12-05 00:00:00,Brighton,15,away,Arsenal,2,1,1,20,9,0.45,0.1,12,5,0.4166666666666667,0.08333333333333333,11,10,1.1,1,3,0,0,9,9,-4,3,18,Win,17.996008999999997
2019-2020,2019-12-08 00:00:00,Brighton,16,home,Wolves,2,2,0,13,4,0.3076923076923077,0.15384615384615385,13,5,0.38461538461538464,0.15384615384615385,10,7,1.4285714285714286,3,0,0,0,3,4,-4,1,19,Draw,18.996004
2019-2020,2019-12-16 00:00:00,Brighton,17,away,Crystal Palace,1,1,0,15,10,0.6666666666666666,0.06666666666666667,11,4,0.36363636363636365,0.09090909090909091,12,7,1.7142857142857142,1,1,0,0,7,3,-4,1,20,Draw,19.99601
2019-2020,2019-12-21 00:00:00,Brighton,18,home,Sheffield United,0,1,-1,9,2,0.2222222222222222,0.0,7,2,0.2857142857142857,0.14285714285714285,6,11,0.5454545454545454,1,3,0,0,4,3,-5,0,20,Loss,19.995002
2019-2020,2019-12-26 00:00:00,Brighton,19,away,Tottenham,1,2,-1,11,5,0.45454545454545453,0.09090909090909091,11,5,0.45454545454545453,0.18181818181818182,9,10,0.9,2,4,0,0,2,9,-6,0,20,Loss,19.994005
2019-2020,2019-12-28 00:00:00,Brighton,20,home,Bournemouth,2,0,2,16,6,0.375,0.125,10,2,0.2,0.0,8,11,0.7272727272727273,0,2,0,0,9,2,-4,3,23,Win,22.996005999999998
2019-2020,2020-01-01 00:00:00,Brighton,21,home,Chelsea,1,1,0,16,5,0.3125,0.0625,16,5,0.3125,0.0625,8,15,0.5333333333333333,2,3,0,0,5,3,-4,1,24,Draw,23.996005
2019-2020,2020-01-11 00:00:00,Brighton,22,away,Everton,0,1,-1,9,2,0.2222222222222222,0.0,14,6,0.42857142857142855,0.07142857142857142,7,7,1.0,1,2,0,0,3,4,-5,0,24,Loss,23.995002
2019-2020,2020-01-18 00:00:00,Brighton,23,home,Aston Villa,1,1,0,10,2,0.2,0.1,8,3,0.375,0.125,11,13,0.8461538461538461,3,3,0,0,3,4,-5,1,25,Draw,24.995002
2019-2020,2020-01-21 00:00:00,Brighton,24,away,Bournemouth,1,3,-2,21,8,0.38095238095238093,0.047619047619047616,11,3,0.2727272727272727,0.2727272727272727,12,9,1.3333333333333333,1,1,0,0,8,5,-7,0,25,Loss,24.993008
2019-2020,2020-02-01 00:00:00,Brighton,25,away,West Ham,3,3,0,19,6,0.3157894736842105,0.15789473684210525,12,6,0.5,0.25,9,8,1.125,1,1,0,0,6,4,-7,1,26,Draw,25.993005999999998
2019-2020,2020-02-08 00:00:00,Brighton,26,home,Watford,1,1,0,10,2,0.2,0.1,5,2,0.4,0.2,9,12,0.75,2,2,0,0,3,2,-7,1,27,Draw,26.993001999999997
2019-2020,2020-02-22 00:00:00,Brighton,27,away,Sheffield United,1,1,0,8,2,0.25,0.125,14,3,0.21428571428571427,0.07142857142857142,6,3,2.0,2,0,0,0,2,12,-7,1,28,Draw,27.993001999999997
2019-2020,2020-02-29 00:00:00,Brighton,28,home,Crystal Palace,0,1,-1,24,8,0.3333333333333333,0.0,12,3,0.25,0.08333333333333333,8,9,0.8888888888888888,1,1,0,0,8,7,-8,0,28,Loss,27.992008000000002
2019-2020,2020-03-07 00:00:00,Brighton,29,away,Wolves,0,0,0,7,1,0.14285714285714285,0.0,11,1,0.09090909090909091,0.0,7,4,1.75,3,1,0,0,0,2,-8,1,29,Draw,28.992001000000002
2019-2020,2020-06-20 00:00:00,Brighton,30,home,Arsenal,2,1,1,9,5,0.5555555555555556,0.2222222222222222,13,6,0.46153846153846156,0.07692307692307693,13,8,1.625,2,1,0,0,10,7,-7,3,32,Win,31.993005
2019-2020,2020-06-23 00:00:00,Brighton,31,away,Leicester,0,0,0,10,2,0.2,0.0,11,2,0.18181818181818182,0.0,13,10,1.3,2,2,0,0,7,6,-7,1,33,Draw,32.993002000000004
2019-2020,2020-06-30 00:00:00,Brighton,32,home,Man United,0,3,-3,8,2,0.25,0.0,12,6,0.5,0.25,10,9,1.1111111111111112,0,1,0,0,4,5,-10,0,33,Loss,32.990002000000004
2019-2020,2020-07-04 00:00:00,Brighton,33,away,Norwich,1,0,1,8,2,0.25,0.125,12,1,0.08333333333333333,0.0,13,11,1.1818181818181819,2,2,0,0,2,0,-9,3,36,Win,35.991002
2019-2020,2020-07-08 00:00:00,Brighton,34,home,Liverpool,1,3,-2,12,2,0.16666666666666666,0.08333333333333333,19,8,0.42105263157894735,0.15789473684210525,7,15,0.4666666666666667,1,4,0,0,6,10,-11,0,36,Loss,35.989002
2019-2020,2020-07-11 00:00:00,Brighton,35,home,Man City,0,5,-5,3,0,0.0,0.0,26,8,0.3076923076923077,0.19230769230769232,7,3,2.3333333333333335,1,0,0,0,2,7,-16,0,36,Loss,35.984
2019-2020,2020-07-16 00:00:00,Brighton,36,away,Southampton,1,1,0,10,2,0.2,0.1,21,6,0.2857142857142857,0.047619047619047616,10,6,1.6666666666666667,0,1,0,0,2,8,-16,1,37,Draw,36.984002000000004
2019-2020,2020-07-20 00:00:00,Brighton,37,home,Newcastle,0,0,0,11,3,0.2727272727272727,0.0,12,1,0.08333333333333333,0.0,13,12,1.0833333333333333,4,2,0,0,9,7,-16,1,38,Draw,37.984003
2019-2020,2020-07-26 00:00:00,Brighton,38,away,Burnley,2,1,1,14,4,0.2857142857142857,0.14285714285714285,13,2,0.15384615384615385,0.07692307692307693,11,11,1.0,0,3,0,0,7,6,-15,3,41,Win,40.985003999999996
2019-2020,2019-08-10 00:00:00,Burnley,1,home,Southampton,3,0,3,10,4,0.4,0.3,11,3,0.2727272727272727,0.0,6,12,0.5,0,0,0,0,2,7,3,3,3,Win,3.0030040000000002
2019-2020,2019-08-17 00:00:00,Burnley,2,away,Arsenal,1,2,-1,18,5,0.2777777777777778,0.05555555555555555,16,9,0.5625,0.125,11,13,0.8461538461538461,1,2,0,0,7,10,2,0,3,Loss,3.0020049999999996
2019-2020,2019-08-25 00:00:00,Burnley,3,away,Wolves,1,1,0,13,4,0.3076923076923077,0.07692307692307693,17,2,0.11764705882352941,0.058823529411764705,11,9,1.2222222222222223,2,0,0,0,3,4,2,1,4,Draw,4.0020039999999995
2019-2020,2019-08-31 00:00:00,Burnley,4,home,Liverpool,0,3,-3,7,2,0.2857142857142857,0.0,15,7,0.4666666666666667,0.2,10,16,0.625,0,0,0,0,6,4,-1,0,4,Loss,3.999002
2019-2020,2019-09-14 00:00:00,Burnley,5,away,Brighton,1,1,0,7,1,0.14285714285714285,0.14285714285714285,14,5,0.35714285714285715,0.07142857142857142,7,13,0.5384615384615384,2,0,0,0,6,3,-1,1,5,Draw,4.999001
2019-2020,2019-09-21 00:00:00,Burnley,6,home,Norwich,2,0,2,13,6,0.46153846153846156,0.15384615384615385,11,2,0.18181818181818182,0.0,11,10,1.1,0,1,0,0,7,3,1,3,8,Win,8.001006
2019-2020,2019-09-28 00:00:00,Burnley,7,away,Aston Villa,2,2,0,10,3,0.3,0.2,16,3,0.1875,0.125,16,10,1.6,4,1,0,0,3,7,1,1,9,Draw,9.001002999999999
2019-2020,2019-10-05 00:00:00,Burnley,8,home,Everton,1,0,1,9,3,0.3333333333333333,0.1111111111111111,11,2,0.18181818181818182,0.0,5,12,0.4166666666666667,2,1,0,1,7,9,2,3,12,Win,12.002003
2019-2020,2019-10-19 00:00:00,Burnley,9,away,Leicester,1,2,-1,13,4,0.3076923076923077,0.07692307692307693,19,3,0.15789473684210525,0.10526315789473684,10,4,2.5,3,0,0,0,4,9,1,0,12,Loss,12.001004
2019-2020,2019-10-26 00:00:00,Burnley,10,home,Chelsea,2,4,-2,13,5,0.38461538461538464,0.15384615384615385,16,7,0.4375,0.25,7,8,0.875,3,2,0,0,5,6,-1,0,12,Loss,11.999005
2019-2020,2019-11-02 00:00:00,Burnley,11,away,Sheffield United,0,3,-3,6,0,0.0,0.0,13,6,0.46153846153846156,0.23076923076923078,12,8,1.5,2,1,0,0,6,7,-4,0,12,Loss,11.996
2019-2020,2019-11-09 00:00:00,Burnley,12,home,West Ham,3,0,3,14,12,0.8571428571428571,0.21428571428571427,7,4,0.5714285714285714,0.0,17,10,1.7,2,1,0,0,11,4,-1,3,15,Win,14.999012
2019-2020,2019-11-23 00:00:00,Burnley,13,away,Watford,3,0,3,11,5,0.45454545454545453,0.2727272727272727,15,4,0.26666666666666666,0.0,13,14,0.9285714285714286,3,0,0,0,5,7,2,3,18,Win,18.002005
2019-2020,2019-11-30 00:00:00,Burnley,14,home,Crystal Palace,0,2,-2,15,4,0.26666666666666666,0.0,7,2,0.2857142857142857,0.2857142857142857,13,10,1.3,2,0,0,0,5,6,0,0,18,Loss,18.000004
2019-2020,2019-12-03 00:00:00,Burnley,15,home,Man City,1,4,-3,4,2,0.5,0.25,17,8,0.47058823529411764,0.23529411764705882,9,6,1.5,1,1,0,0,3,6,-3,0,18,Loss,17.997002
2019-2020,2019-12-07 00:00:00,Burnley,16,away,Tottenham,0,5,-5,7,1,0.14285714285714285,0.0,13,7,0.5384615384615384,0.38461538461538464,8,12,0.6666666666666666,1,1,0,0,1,1,-8,0,18,Loss,17.992001000000002
2019-2020,2019-12-14 00:00:00,Burnley,17,home,Newcastle,1,0,1,7,4,0.5714285714285714,0.14285714285714285,9,0,0.0,0.0,15,12,1.25,0,2,0,0,4,3,-7,3,21,Win,20.993004
2019-2020,2019-12-21 00:00:00,Burnley,18,away,Bournemouth,1,0,1,2,1,0.5,0.5,3,0,0.0,0.0,21,13,1.6153846153846154,4,2,0,0,5,4,-6,3,24,Win,23.994001
2019-2020,2019-12-26 00:00:00,Burnley,19,away,Everton,0,1,-1,6,0,0.0,0.0,21,5,0.23809523809523808,0.047619047619047616,14,15,0.9333333333333333,0,0,0,0,2,10,-7,0,24,Loss,23.993
2019-2020,2019-12-28 00:00:00,Burnley,20,home,Man United,0,2,-2,8,1,0.125,0.0,14,5,0.35714285714285715,0.14285714285714285,17,10,1.7,4,3,0,0,5,4,-9,0,24,Loss,23.991001
2019-2020,2020-01-01 00:00:00,Burnley,21,home,Aston Villa,1,2,-1,20,1,0.05,0.05,11,6,0.5454545454545454,0.18181818181818182,12,10,1.2,1,1,0,0,8,4,-10,0,24,Loss,23.990001
2019-2020,2020-01-11 00:00:00,Burnley,22,away,Chelsea,0,3,-3,7,2,0.2857142857142857,0.0,18,8,0.4444444444444444,0.16666666666666666,4,7,0.5714285714285714,3,0,0,0,3,10,-13,0,24,Loss,23.987001999999997
2019-2020,2020-01-19 00:00:00,Burnley,23,home,Leicester,2,1,1,8,5,0.625,0.25,18,8,0.4444444444444444,0.05555555555555555,14,8,1.75,1,0,0,0,4,5,-12,3,27,Win,26.988005
2019-2020,2020-01-22 00:00:00,Burnley,24,away,Man United,2,0,2,5,2,0.4,0.4,24,7,0.2916666666666667,0.0,7,11,0.6363636363636364,2,0,0,0,2,5,-10,3,30,Win,29.990001999999997
2019-2020,2020-02-02 00:00:00,Burnley,25,home,Arsenal,0,0,0,15,2,0.13333333333333333,0.0,13,2,0.15384615384615385,0.0,8,11,0.7272727272727273,1,3,0,0,5,7,-10,1,31,Draw,30.990001999999997
2019-2020,2020-02-15 00:00:00,Burnley,26,away,Southampton,2,1,1,9,6,0.6666666666666666,0.2222222222222222,10,2,0.2,0.1,11,8,1.375,2,2,0,0,3,4,-9,3,34,Win,33.991006
2019-2020,2020-02-22 00:00:00,Burnley,27,home,Bournemouth,3,0,3,16,10,0.625,0.1875,12,4,0.3333333333333333,0.0,9,9,1.0,4,3,0,0,7,3,-6,3,37,Win,36.99401
2019-2020,2020-02-29 00:00:00,Burnley,28,away,Newcastle,0,0,0,8,1,0.125,0.0,21,4,0.19047619047619047,0.0,9,11,0.8181818181818182,3,4,0,0,7,11,-6,1,38,Draw,37.994001
2019-2020,2020-03-07 00:00:00,Burnley,29,home,Tottenham,1,1,0,21,8,0.38095238095238093,0.047619047619047616,13,2,0.15384615384615385,0.07692307692307693,16,11,1.4545454545454546,5,4,0,0,3,5,-6,1,39,Draw,38.994008
2019-2020,2020-06-22 00:00:00,Burnley,30,away,Man City,0,5,-5,1,0,0.0,0.0,19,7,0.3684210526315789,0.2631578947368421,7,8,0.875,1,1,0,0,1,3,-11,0,39,Loss,38.989
2019-2020,2020-06-25 00:00:00,Burnley,31,home,Watford,1,0,1,9,5,0.5555555555555556,0.1111111111111111,10,4,0.4,0.0,13,15,0.8666666666666667,1,0,0,0,1,7,-10,3,42,Win,41.990005000000004
2019-2020,2020-06-29 00:00:00,Burnley,32,away,Crystal Palace,1,0,1,8,4,0.5,0.125,17,4,0.23529411764705882,0.0,13,12,1.0833333333333333,1,1,0,0,1,9,-9,3,45,Win,44.991004
2019-2020,2020-07-05 00:00:00,Burnley,33,home,Sheffield United,1,1,0,9,4,0.4444444444444444,0.1111111111111111,10,3,0.3,0.1,8,14,0.5714285714285714,0,0,0,0,3,9,-9,1,46,Draw,45.991004
2019-2020,2020-07-08 00:00:00,Burnley,34,away,West Ham,1,0,1,8,4,0.5,0.125,21,5,0.23809523809523808,0.0,7,7,1.0,1,1,0,0,3,10,-8,3,49,Win,48.992003999999994
2019-2020,2020-07-11 00:00:00,Burnley,35,away,Liverpool,1,1,0,6,2,0.3333333333333333,0.16666666666666666,23,9,0.391304347826087,0.043478260869565216,4,7,0.5714285714285714,2,1,0,0,6,12,-8,1,50,Draw,49.992002
2019-2020,2020-07-15 00:00:00,Burnley,36,home,Wolves,1,1,0,9,1,0.1111111111111111,0.1111111111111111,14,5,0.35714285714285715,0.07142857142857142,10,8,1.25,0,0,0,0,3,8,-8,1,51,Draw,50.992000999999995
2019-2020,2020-07-18 00:00:00,Burnley,37,away,Norwich,2,0,2,23,8,0.34782608695652173,0.08695652173913043,6,2,0.3333333333333333,0.0,16,9,1.7777777777777777,0,0,0,2,8,6,-6,3,54,Win,53.994008
2019-2020,2020-07-26 00:00:00,Burnley,38,home,Brighton,1,2,-1,13,2,0.15384615384615385,0.07692307692307693,14,4,0.2857142857142857,0.14285714285714285,11,11,1.0,3,0,0,0,6,7,-7,0,54,Loss,53.993002000000004
2019-2020,2019-08-11 00:00:00,Chelsea,1,away,Man United,0,4,-4,18,7,0.3888888888888889,0.0,11,5,0.45454545454545453,0.36363636363636365,13,15,0.8666666666666667,4,3,0,0,5,3,-4,0,0,Loss,-0.003993
2019-2020,2019-08-18 00:00:00,Chelsea,2,home,Leicester,1,1,0,14,5,0.35714285714285715,0.07142857142857142,12,3,0.25,0.08333333333333333,9,14,0.6428571428571429,1,0,0,0,4,5,-4,1,1,Draw,0.996005
2019-2020,2019-08-24 00:00:00,Chelsea,3,away,Norwich,3,2,1,23,8,0.34782608695652173,0.13043478260869565,6,5,0.8333333333333334,0.3333333333333333,9,9,1.0,1,1,0,0,8,1,-3,3,4,Win,3.9970079999999997
2019-2020,2019-08-31 00:00:00,Chelsea,4,home,Sheffield United,2,2,0,13,5,0.38461538461538464,0.15384615384615385,8,2,0.25,0.25,6,11,0.5454545454545454,0,1,0,0,3,4,-3,1,5,Draw,4.997005
2019-2020,2019-09-14 00:00:00,Chelsea,5,away,Wolves,5,2,3,15,6,0.4,0.3333333333333333,11,4,0.36363636363636365,0.18181818181818182,11,8,1.375,2,1,0,0,5,7,0,3,8,Win,8.000006
2019-2020,2019-09-22 00:00:00,Chelsea,6,home,Liverpool,1,2,-1,13,2,0.15384615384615385,0.07692307692307693,6,3,0.5,0.3333333333333333,8,13,0.6153846153846154,3,3,0,0,6,4,-1,0,8,Loss,7.999002
2019-2020,2019-09-28 00:00:00,Chelsea,7,home,Brighton,2,0,2,24,10,0.4166666666666667,0.08333333333333333,8,1,0.125,0.0,5,13,0.38461538461538464,2,3,0,0,5,2,1,3,11,Win,11.001009999999999
2019-2020,2019-10-06 00:00:00,Chelsea,8,away,Southampton,4,1,3,13,7,0.5384615384615384,0.3076923076923077,10,3,0.3,0.1,15,8,1.875,1,0,0,0,4,3,4,3,14,Win,14.004007
2019-2020,2019-10-19 00:00:00,Chelsea,9,home,Newcastle,1,0,1,16,8,0.5,0.0625,5,0,0.0,0.0,9,12,0.75,2,1,0,0,11,0,5,3,17,Win,17.005008
2019-2020,2019-10-26 00:00:00,Chelsea,10,away,Burnley,4,2,2,16,7,0.4375,0.25,13,5,0.38461538461538464,0.15384615384615385,8,7,1.1428571428571428,2,3,0,0,6,5,7,3,20,Win,20.007007
2019-2020,2019-11-02 00:00:00,Chelsea,11,away,Watford,2,1,1,16,10,0.625,0.125,12,3,0.25,0.08333333333333333,5,8,0.625,2,4,0,0,6,1,8,3,23,Win,23.00801
2019-2020,2019-11-09 00:00:00,Chelsea,12,home,Crystal Palace,2,0,2,23,5,0.21739130434782608,0.08695652173913043,3,1,0.3333333333333333,0.0,9,17,0.5294117647058824,3,2,0,0,7,0,10,3,26,Win,26.010005000000003
2019-2020,2019-11-23 00:00:00,Chelsea,13,away,Man City,1,2,-1,11,2,0.18181818181818182,0.09090909090909091,15,4,0.26666666666666666,0.13333333333333333,9,5,1.8,1,1,0,0,2,8,9,0,26,Loss,26.009002
2019-2020,2019-11-30 00:00:00,Chelsea,14,home,West Ham,0,1,-1,19,6,0.3157894736842105,0.0,5,4,0.8,0.2,0,16,0.0,0,3,0,0,9,3,8,0,26,Loss,26.008005999999998
2019-2020,2019-12-04 00:00:00,Chelsea,15,home,Aston Villa,2,1,1,25,9,0.36,0.08,9,3,0.3333333333333333,0.1111111111111111,18,10,1.8,2,1,0,0,9,5,9,3,29,Win,29.009009
2019-2020,2019-12-07 00:00:00,Chelsea,16,away,Everton,1,3,-2,15,4,0.26666666666666666,0.06666666666666667,13,7,0.5384615384615384,0.23076923076923078,9,14,0.6428571428571429,0,3,0,0,5,1,7,0,29,Loss,29.007004000000002
2019-2020,2019-12-14 00:00:00,Chelsea,17,home,Bournemouth,0,1,-1,18,5,0.2777777777777778,0.0,11,2,0.18181818181818182,0.09090909090909091,9,14,0.6428571428571429,1,2,0,0,9,4,6,0,29,Loss,29.006005000000002
2019-2020,2019-12-22 00:00:00,Chelsea,18,away,Tottenham,2,0,2,13,3,0.23076923076923078,0.15384615384615385,5,1,0.2,0.0,11,9,1.2222222222222223,3,4,0,1,5,3,8,3,32,Win,32.008003
2019-2020,2019-12-26 00:00:00,Chelsea,19,home,Southampton,0,2,-2,10,3,0.3,0.0,5,3,0.6,0.4,10,9,1.1111111111111112,3,2,0,0,8,1,6,0,32,Loss,32.006003
2019-2020,2019-12-29 00:00:00,Chelsea,20,away,Arsenal,2,1,1,13,4,0.3076923076923077,0.15384615384615385,7,2,0.2857142857142857,0.14285714285714285,19,13,1.4615384615384615,4,5,0,0,3,2,7,3,35,Win,35.007003999999995
2019-2020,2020-01-01 00:00:00,Chelsea,21,away,Brighton,1,1,0,16,5,0.3125,0.0625,16,5,0.3125,0.0625,15,8,1.875,3,2,0,0,3,5,7,1,36,Draw,36.007005
2019-2020,2020-01-11 00:00:00,Chelsea,22,home,Burnley,3,0,3,18,8,0.4444444444444444,0.16666666666666666,7,2,0.2857142857142857,0.0,7,4,1.75,0,3,0,0,10,3,10,3,39,Win,39.010008
2019-2020,2020-01-18 00:00:00,Chelsea,23,away,Newcastle,0,1,-1,19,4,0.21052631578947367,0.0,7,2,0.2857142857142857,0.14285714285714285,14,9,1.5555555555555556,1,1,0,0,10,1,9,0,39,Loss,39.009004
2019-2020,2020-01-21 00:00:00,Chelsea,24,home,Arsenal,2,2,0,19,8,0.42105263157894735,0.10526315789473684,2,2,1.0,1.0,11,6,1.8333333333333333,2,1,0,1,17,5,9,1,40,Draw,40.009008
2019-2020,2020-02-01 00:00:00,Chelsea,25,away,Leicester,2,2,0,7,3,0.42857142857142855,0.2857142857142857,14,4,0.2857142857142857,0.14285714285714285,14,16,0.875,2,2,0,0,6,4,9,1,41,Draw,41.009003
2019-2020,2020-02-17 00:00:00,Chelsea,26,home,Man United,0,2,-2,17,1,0.058823529411764705,0.0,9,3,0.3333333333333333,0.2222222222222222,11,11,1.0,4,3,0,0,9,8,7,0,41,Loss,41.007000999999995
2019-2020,2020-02-22 00:00:00,Chelsea,27,home,Tottenham,2,1,1,17,7,0.4117647058823529,0.11764705882352941,5,3,0.6,0.2,14,14,1.0,1,2,0,0,3,5,8,3,44,Win,44.008007
2019-2020,2020-02-29 00:00:00,Chelsea,28,away,Bournemouth,2,2,0,23,6,0.2608695652173913,0.08695652173913043,9,5,0.5555555555555556,0.2222222222222222,5,8,0.625,2,2,0,0,14,4,8,1,45,Draw,45.008006
2019-2020,2020-03-08 00:00:00,Chelsea,29,home,Everton,4,0,4,17,11,0.6470588235294118,0.23529411764705882,3,1,0.3333333333333333,0.0,8,10,0.8,1,2,0,0,6,1,12,3,48,Win,48.012011
2019-2020,2020-06-21 00:00:00,Chelsea,30,away,Aston Villa,2,1,1,19,5,0.2631578947368421,0.10526315789473684,8,4,0.5,0.125,17,9,1.8888888888888888,1,2,0,0,10,2,13,3,51,Win,51.013005
2019-2020,2020-06-25 00:00:00,Chelsea,31,home,Man City,2,1,1,15,10,0.6666666666666666,0.13333333333333333,11,2,0.18181818181818182,0.09090909090909091,13,3,4.333333333333333,1,1,0,1,5,7,14,3,54,Win,54.014010000000006
2019-2020,2020-07-01 00:00:00,Chelsea,32,away,West Ham,2,3,-1,17,6,0.35294117647058826,0.11764705882352941,10,4,0.4,0.3,9,10,0.9,1,2,0,0,3,2,13,0,54,Loss,54.013006
2019-2020,2020-07-04 00:00:00,Chelsea,33,home,Watford,3,0,3,21,9,0.42857142857142855,0.14285714285714285,7,3,0.42857142857142855,0.0,9,12,0.75,0,2,0,0,5,3,16,3,57,Win,57.016009
2019-2020,2020-07-07 00:00:00,Chelsea,34,away,Crystal Palace,3,2,1,14,6,0.42857142857142855,0.21428571428571427,13,4,0.3076923076923077,0.15384615384615385,10,11,0.9090909090909091,0,1,0,0,9,7,17,3,60,Win,60.017006
2019-2020,2020-07-11 00:00:00,Chelsea,35,away,Sheffield United,0,3,-3,15,4,0.26666666666666666,0.0,9,4,0.4444444444444444,0.3333333333333333,6,8,0.75,0,1,0,0,6,4,14,0,60,Loss,60.014004
2019-2020,2020-07-14 00:00:00,Chelsea,36,home,Norwich,1,0,1,22,6,0.2727272727272727,0.045454545454545456,2,0,0.0,0.0,10,9,1.1111111111111112,2,2,0,0,8,1,15,3,63,Win,63.015006
2019-2020,2020-07-22 00:00:00,Chelsea,37,away,Liverpool,3,5,-2,10,5,0.5,0.3,10,7,0.7,0.5,11,8,1.375,0,1,0,0,0,6,13,0,63,Loss,63.013005
2019-2020,2020-07-26 00:00:00,Chelsea,38,home,Wolves,2,0,2,11,3,0.2727272727272727,0.18181818181818182,5,1,0.2,0.0,10,16,0.625,2,3,0,0,3,3,15,3,66,Win,66.01500300000001
2019-2020,2019-08-10 00:00:00,Crystal Palace,1,home,Everton,0,0,0,6,2,0.3333333333333333,0.0,10,3,0.3,0.0,16,14,1.1428571428571428,2,1,0,1,6,2,0,1,1,Draw,1.000002
2019-2020,2019-08-18 00:00:00,Crystal Palace,2,away,Sheffield United,0,1,-1,6,4,0.6666666666666666,0.0,15,3,0.2,0.06666666666666667,11,16,0.6875,1,3,0,0,4,8,-1,0,1,Loss,0.999004
2019-2020,2019-08-24 00:00:00,Crystal Palace,3,away,Man United,2,1,1,5,3,0.6,0.4,22,3,0.13636363636363635,0.045454545454545456,18,8,2.25,4,2,0,0,1,8,0,3,4,Win,4.000003
2019-2020,2019-08-31 00:00:00,Crystal Palace,4,home,Aston Villa,1,0,1,22,5,0.22727272727272727,0.045454545454545456,10,2,0.2,0.0,15,16,0.9375,2,4,0,1,13,2,1,3,7,Win,7.001005
2019-2020,2019-09-14 00:00:00,Crystal Palace,5,away,Tottenham,0,4,-4,11,6,0.5454545454545454,0.0,13,5,0.38461538461538464,0.3076923076923077,11,19,0.5789473684210527,2,4,0,0,3,4,-3,0,7,Loss,6.997006
2019-2020,2019-09-22 00:00:00,Crystal Palace,6,home,Wolves,1,1,0,13,4,0.3076923076923077,0.07692307692307693,14,4,0.2857142857142857,0.07142857142857142,7,10,0.7,2,1,0,1,6,7,-3,1,8,Draw,7.997004
2019-2020,2019-09-28 00:00:00,Crystal Palace,7,home,Norwich,2,0,2,15,3,0.2,0.13333333333333333,10,3,0.3,0.0,14,10,1.4,3,1,0,0,5,5,-1,3,11,Win,10.999003
2019-2020,2019-10-05 00:00:00,Crystal Palace,8,away,West Ham,2,1,1,7,4,0.5714285714285714,0.2857142857142857,9,4,0.4444444444444444,0.1111111111111111,7,11,0.6363636363636364,2,3,0,0,2,2,0,3,14,Win,14.000004
2019-2020,2019-10-19 00:00:00,Crystal Palace,9,home,Man City,0,2,-2,7,2,0.2857142857142857,0.0,21,10,0.47619047619047616,0.09523809523809523,8,10,0.8,1,1,0,0,1,8,-2,0,14,Loss,13.998002
2019-2020,2019-10-27 00:00:00,Crystal Palace,10,away,Arsenal,2,2,0,10,4,0.4,0.2,15,6,0.4,0.13333333333333333,9,18,0.5,0,2,0,0,5,12,-2,1,15,Draw,14.998004
2019-2020,2019-11-03 00:00:00,Crystal Palace,11,home,Leicester,0,2,-2,12,3,0.25,0.0,14,5,0.35714285714285715,0.14285714285714285,15,16,0.9375,2,2,0,0,5,6,-4,0,15,Loss,14.996003
2019-2020,2019-11-09 00:00:00,Crystal Palace,12,away,Chelsea,0,2,-2,3,1,0.3333333333333333,0.0,23,5,0.21739130434782608,0.08695652173913043,17,9,1.8888888888888888,2,3,0,0,0,7,-6,0,15,Loss,14.994000999999999
2019-2020,2019-11-23 00:00:00,Crystal Palace,13,home,Liverpool,1,2,-1,16,6,0.375,0.0625,12,4,0.3333333333333333,0.16666666666666666,8,7,1.1428571428571428,0,1,0,0,9,8,-7,0,15,Loss,14.993006000000001
2019-2020,2019-11-30 00:00:00,Crystal Palace,14,away,Burnley,2,0,2,7,2,0.2857142857142857,0.2857142857142857,15,4,0.26666666666666666,0.0,10,13,0.7692307692307693,0,2,0,0,6,5,-5,3,18,Win,17.995002
2019-2020,2019-12-03 00:00:00,Crystal Palace,15,home,Bournemouth,1,0,1,7,2,0.2857142857142857,0.14285714285714285,6,3,0.5,0.0,6,15,0.4,3,3,1,0,6,9,-4,3,21,Win,20.996001999999997
2019-2020,2019-12-07 00:00:00,Crystal Palace,16,away,Watford,0,0,0,3,0,0.0,0.0,13,3,0.23076923076923078,0.0,16,15,1.0666666666666667,2,4,0,0,2,6,-4,1,22,Draw,21.996
2019-2020,2019-12-16 00:00:00,Crystal Palace,17,home,Brighton,1,1,0,11,4,0.36363636363636365,0.09090909090909091,15,10,0.6666666666666666,0.06666666666666667,7,12,0.5833333333333334,1,1,0,0,3,7,-4,1,23,Draw,22.996004
2019-2020,2019-12-21 00:00:00,Crystal Palace,18,away,Newcastle,0,1,-1,16,4,0.25,0.0,8,3,0.375,0.125,11,12,0.9166666666666666,0,2,0,0,5,4,-5,0,23,Loss,22.995004
2019-2020,2019-12-26 00:00:00,Crystal Palace,19,home,West Ham,2,1,1,13,4,0.3076923076923077,0.15384615384615385,10,2,0.2,0.1,5,10,0.5,0,2,0,0,7,6,-4,3,26,Win,25.996004
2019-2020,2019-12-28 00:00:00,Crystal Palace,20,away,Southampton,1,1,0,5,2,0.4,0.2,14,5,0.35714285714285715,0.07142857142857142,7,13,0.5384615384615384,2,1,0,0,4,12,-4,1,27,Draw,26.996001999999997
2019-2020,2020-01-01 00:00:00,Crystal Palace,21,away,Norwich,1,1,0,12,3,0.25,0.08333333333333333,15,4,0.26666666666666666,0.06666666666666667,9,12,0.75,0,5,0,0,5,2,-4,1,28,Draw,27.996002999999998
2019-2020,2020-01-11 00:00:00,Crystal Palace,22,home,Arsenal,1,1,0,6,3,0.5,0.16666666666666666,7,4,0.5714285714285714,0.14285714285714285,14,22,0.6363636363636364,2,3,0,1,1,4,-4,1,29,Draw,28.996002999999998
2019-2020,2020-01-18 00:00:00,Crystal Palace,23,away,Man City,2,2,0,5,3,0.6,0.4,25,6,0.24,0.08,7,9,0.7777777777777778,2,1,0,0,2,14,-4,1,30,Draw,29.996002999999998
2019-2020,2020-01-21 00:00:00,Crystal Palace,24,home,Southampton,0,2,-2,6,0,0.0,0.0,15,6,0.4,0.13333333333333333,12,13,0.9230769230769231,1,2,0,0,0,8,-6,0,30,Loss,29.994
2019-2020,2020-02-01 00:00:00,Crystal Palace,25,home,Sheffield United,0,1,-1,13,3,0.23076923076923078,0.0,10,3,0.3,0.1,9,15,0.6,3,2,0,0,9,5,-7,0,30,Loss,29.993002999999998
2019-2020,2020-02-08 00:00:00,Crystal Palace,26,away,Everton,1,3,-2,10,2,0.2,0.1,14,8,0.5714285714285714,0.21428571428571427,12,11,1.0909090909090908,1,0,0,0,6,4,-9,0,30,Loss,29.991001999999998
2019-2020,2020-02-22 00:00:00,Crystal Palace,27,home,Newcastle,1,0,1,18,9,0.5,0.05555555555555555,8,2,0.25,0.0,15,11,1.3636363636363635,2,6,0,1,7,5,-8,3,33,Win,32.992008999999996
2019-2020,2020-02-29 00:00:00,Crystal Palace,28,away,Brighton,1,0,1,12,3,0.25,0.08333333333333333,24,8,0.3333333333333333,0.0,9,8,1.125,1,1,0,0,7,8,-7,3,36,Win,35.993003
2019-2020,2020-03-07 00:00:00,Crystal Palace,29,home,Watford,1,0,1,10,3,0.3,0.1,10,4,0.4,0.0,12,19,0.631578947368421,4,4,0,0,8,8,-6,3,39,Win,38.994003
2019-2020,2020-06-20 00:00:00,Crystal Palace,30,away,Bournemouth,2,0,2,7,2,0.2857142857142857,0.2857142857142857,12,1,0.08333333333333333,0.0,15,13,1.1538461538461537,2,3,0,0,4,11,-4,3,42,Win,41.996002000000004
2019-2020,2020-06-24 00:00:00,Crystal Palace,31,away,Liverpool,0,4,-4,3,0,0.0,0.0,21,7,0.3333333333333333,0.19047619047619047,5,7,0.7142857142857143,0,0,0,0,0,6,-8,0,42,Loss,41.992
2019-2020,2020-06-29 00:00:00,Crystal Palace,32,home,Burnley,0,1,-1,17,4,0.23529411764705882,0.0,8,4,0.5,0.125,12,13,0.9230769230769231,1,1,0,0,9,1,-9,0,42,Loss,41.991004
2019-2020,2020-07-04 00:00:00,Crystal Palace,33,away,Leicester,0,3,-3,7,1,0.14285714285714285,0.0,15,4,0.26666666666666666,0.2,8,18,0.4444444444444444,1,2,0,0,7,3,-12,0,42,Loss,41.988001
2019-2020,2020-07-07 00:00:00,Crystal Palace,34,home,Chelsea,2,3,-1,13,4,0.3076923076923077,0.15384615384615385,14,6,0.42857142857142855,0.21428571428571427,11,10,1.1,1,0,0,0,7,9,-13,0,42,Loss,41.987004
2019-2020,2020-07-12 00:00:00,Crystal Palace,35,away,Aston Villa,0,2,-2,9,5,0.5555555555555556,0.0,12,9,0.75,0.16666666666666666,21,21,1.0,4,2,1,0,1,5,-15,0,42,Loss,41.985005
2019-2020,2020-07-16 00:00:00,Crystal Palace,36,home,Man United,0,2,-2,13,5,0.38461538461538464,0.0,17,5,0.29411764705882354,0.11764705882352941,10,15,0.6666666666666666,1,2,0,0,2,7,-17,0,42,Loss,41.983005
2019-2020,2020-07-20 00:00:00,Crystal Palace,37,away,Wolves,0,2,-2,7,3,0.42857142857142855,0.0,11,5,0.45454545454545453,0.18181818181818182,15,11,1.3636363636363635,1,2,0,0,2,5,-19,0,42,Loss,41.981003
2019-2020,2020-07-26 00:00:00,Crystal Palace,38,home,Tottenham,1,1,0,13,2,0.15384615384615385,0.07692307692307693,7,2,0.2857142857142857,0.14285714285714285,11,13,0.8461538461538461,3,2,0,0,7,2,-19,1,43,Draw,42.981002000000004
2019-2020,2019-08-10 00:00:00,Everton,1,away,Crystal Palace,0,0,0,10,3,0.3,0.0,6,2,0.3333333333333333,0.0,14,16,0.875,1,2,1,0,2,6,0,1,1,Draw,1.000003
2019-2020,2019-08-17 00:00:00,Everton,2,home,Watford,1,0,1,12,2,0.16666666666666666,0.08333333333333333,8,2,0.25,0.0,11,11,1.0,2,3,0,0,4,7,1,3,4,Win,4.001002000000001
2019-2020,2019-08-23 00:00:00,Everton,3,away,Aston Villa,0,2,-2,12,1,0.08333333333333333,0.0,7,3,0.42857142857142855,0.2857142857142857,18,10,1.8,3,2,0,0,6,0,-1,0,4,Loss,3.9990010000000002
2019-2020,2019-09-01 00:00:00,Everton,4,home,Wolves,3,2,1,15,6,0.4,0.2,8,5,0.625,0.25,12,12,1.0,1,4,0,1,7,7,0,3,7,Win,7.000006
2019-2020,2019-09-15 00:00:00,Everton,5,away,Bournemouth,1,3,-2,14,5,0.35714285714285715,0.07142857142857142,13,6,0.46153846153846156,0.23076923076923078,14,5,2.8,4,0,0,0,7,7,-2,0,7,Loss,6.998005
2019-2020,2019-09-21 00:00:00,Everton,6,home,Sheffield United,0,2,-2,16,3,0.1875,0.0,2,1,0.5,1.0,9,9,1.0,1,3,0,0,12,3,-4,0,7,Loss,6.996003000000001
2019-2020,2019-09-28 00:00:00,Everton,7,home,Man City,1,3,-2,12,8,0.6666666666666666,0.08333333333333333,20,9,0.45,0.15,4,8,0.5,2,2,0,0,5,2,-6,0,7,Loss,6.994008
2019-2020,2019-10-05 00:00:00,Everton,8,away,Burnley,0,1,-1,11,2,0.18181818181818182,0.0,9,3,0.3333333333333333,0.1111111111111111,12,5,2.4,1,2,1,0,9,7,-7,0,7,Loss,6.993002000000001
2019-2020,2019-10-19 00:00:00,Everton,9,home,West Ham,2,0,2,19,10,0.5263157894736842,0.10526315789473684,8,4,0.5,0.0,15,15,1.0,2,2,0,0,11,2,-5,3,10,Win,9.995009999999999
2019-2020,2019-10-26 00:00:00,Everton,10,away,Brighton,2,3,-1,10,6,0.6,0.2,8,4,0.5,0.375,12,12,1.0,1,2,0,0,5,0,-6,0,10,Loss,9.994006
2019-2020,2019-11-03 00:00:00,Everton,11,home,Tottenham,1,1,0,7,3,0.42857142857142855,0.14285714285714285,4,2,0.5,0.25,9,8,1.125,1,2,0,1,5,2,-6,1,11,Draw,10.994003
2019-2020,2019-11-09 00:00:00,Everton,12,away,Southampton,2,1,1,24,5,0.20833333333333334,0.08333333333333333,4,3,0.75,0.25,12,12,1.0,1,1,0,0,9,5,-5,3,14,Win,13.995004999999999
2019-2020,2019-11-23 00:00:00,Everton,13,home,Norwich,0,2,-2,18,7,0.3888888888888889,0.0,13,5,0.38461538461538464,0.15384615384615385,12,11,1.0909090909090908,3,5,0,0,7,7,-7,0,14,Loss,13.993007
2019-2020,2019-12-01 00:00:00,Everton,14,away,Leicester,1,2,-1,11,3,0.2727272727272727,0.09090909090909091,16,6,0.375,0.125,9,7,1.2857142857142858,1,0,0,0,4,4,-8,0,14,Loss,13.992003
2019-2020,2019-12-04 00:00:00,Everton,15,away,Liverpool,2,5,-3,12,4,0.3333333333333333,0.16666666666666666,11,5,0.45454545454545453,0.45454545454545453,17,13,1.3076923076923077,2,1,0,0,6,5,-11,0,14,Loss,13.989004000000001
2019-2020,2019-12-07 00:00:00,Everton,16,home,Chelsea,3,1,2,13,7,0.5384615384615384,0.23076923076923078,15,4,0.26666666666666666,0.06666666666666667,14,9,1.5555555555555556,3,0,0,0,1,5,-9,3,17,Win,16.991007
2019-2020,2019-12-15 00:00:00,Everton,17,away,Man United,1,1,0,8,3,0.375,0.125,24,8,0.3333333333333333,0.041666666666666664,12,10,1.2,2,1,0,0,5,6,-9,1,18,Draw,17.991003
2019-2020,2019-12-21 00:00:00,Everton,18,home,Arsenal,0,0,0,9,0,0.0,0.0,6,2,0.3333333333333333,0.0,10,11,0.9090909090909091,2,3,0,0,5,4,-9,1,19,Draw,18.991
2019-2020,2019-12-26 00:00:00,Everton,19,home,Burnley,1,0,1,21,5,0.23809523809523808,0.047619047619047616,6,0,0.0,0.0,15,14,1.0714285714285714,0,0,0,0,10,2,-8,3,22,Win,21.992005000000002
2019-2020,2019-12-28 00:00:00,Everton,20,away,Newcastle,2,1,1,22,9,0.4090909090909091,0.09090909090909091,20,5,0.25,0.05,13,13,1.0,2,2,0,0,8,5,-7,3,25,Win,24.993008999999997
2019-2020,2020-01-01 00:00:00,Everton,21,away,Man City,1,2,-1,7,2,0.2857142857142857,0.14285714285714285,16,7,0.4375,0.125,11,11,1.0,4,0,0,0,6,3,-8,0,25,Loss,24.992002
2019-2020,2020-01-11 00:00:00,Everton,22,home,Brighton,1,0,1,14,6,0.42857142857142855,0.07142857142857142,9,2,0.2222222222222222,0.0,7,7,1.0,2,1,0,0,4,3,-7,3,28,Win,27.993005999999998
2019-2020,2020-01-18 00:00:00,Everton,23,away,West Ham,1,1,0,11,3,0.2727272727272727,0.09090909090909091,12,6,0.5,0.08333333333333333,13,11,1.1818181818181819,0,1,0,0,6,7,-7,1,29,Draw,28.993002999999998
2019-2020,2020-01-21 00:00:00,Everton,24,home,Newcastle,2,2,0,17,8,0.47058823529411764,0.11764705882352941,8,2,0.25,0.25,13,10,1.3,1,1,0,0,6,4,-7,1,30,Draw,29.993008
2019-2020,2020-02-01 00:00:00,Everton,25,away,Watford,3,2,1,12,5,0.4166666666666667,0.25,11,2,0.18181818181818182,0.18181818181818182,14,17,0.8235294117647058,2,2,1,0,4,4,-6,3,33,Win,32.994005
2019-2020,2020-02-08 00:00:00,Everton,26,home,Crystal Palace,3,1,2,14,8,0.5714285714285714,0.21428571428571427,10,2,0.2,0.1,11,12,0.9166666666666666,0,1,0,0,4,6,-4,3,36,Win,35.996008
2019-2020,2020-02-23 00:00:00,Everton,27,away,Arsenal,2,3,-1,17,5,0.29411764705882354,0.11764705882352941,9,4,0.4444444444444444,0.3333333333333333,12,12,1.0,4,0,0,0,3,6,-5,0,36,Loss,35.995005
2019-2020,2020-03-01 00:00:00,Everton,28,home,Man United,1,1,0,16,5,0.3125,0.0625,14,5,0.35714285714285715,0.07142857142857142,11,11,1.0,3,4,0,0,13,8,-5,1,37,Draw,36.995005
2019-2020,2020-03-08 00:00:00,Everton,29,away,Chelsea,0,4,-4,3,1,0.3333333333333333,0.0,17,11,0.6470588235294118,0.23529411764705882,10,8,1.25,2,1,0,0,1,6,-9,0,37,Loss,36.991001
2019-2020,2020-06-21 00:00:00,Everton,30,home,Liverpool,0,0,0,9,3,0.3333333333333333,0.0,10,3,0.3,0.0,15,12,1.25,2,2,0,0,1,6,-9,1,38,Draw,37.991003
2019-2020,2020-06-24 00:00:00,Everton,31,away,Norwich,1,0,1,12,5,0.4166666666666667,0.08333333333333333,9,1,0.1111111111111111,0.0,13,8,1.625,1,0,0,0,5,6,-8,3,41,Win,40.992005
2019-2020,2020-07-01 00:00:00,Everton,32,home,Leicester,2,1,1,7,2,0.2857142857142857,0.2857142857142857,15,3,0.2,0.06666666666666667,13,10,1.3,1,1,0,0,3,5,-7,3,44,Win,43.993002000000004
2019-2020,2020-07-06 00:00:00,Everton,33,away,Tottenham,0,1,-1,11,3,0.2727272727272727,0.0,12,2,0.16666666666666666,0.08333333333333333,18,14,1.2857142857142858,2,3,0,0,6,5,-8,0,44,Loss,43.992003
2019-2020,2020-07-09 00:00:00,Everton,34,home,Southampton,1,1,0,11,4,0.36363636363636365,0.09090909090909091,17,4,0.23529411764705882,0.058823529411764705,13,14,0.9285714285714286,3,3,0,0,3,5,-8,1,45,Draw,44.992003999999994
2019-2020,2020-07-12 00:00:00,Everton,35,away,Wolves,0,3,-3,6,2,0.3333333333333333,0.0,14,7,0.5,0.21428571428571427,9,9,1.0,2,0,0,0,2,5,-11,0,45,Loss,44.989002
2019-2020,2020-07-16 00:00:00,Everton,36,home,Aston Villa,1,1,0,9,1,0.1111111111111111,0.1111111111111111,15,1,0.06666666666666667,0.06666666666666667,15,13,1.1538461538461537,2,1,0,0,5,5,-11,1,46,Draw,45.989000999999995
2019-2020,2020-07-20 00:00:00,Everton,37,away,Sheffield United,1,0,1,5,2,0.4,0.2,8,0,0.0,0.0,19,11,1.7272727272727273,3,1,0,0,1,7,-10,3,49,Win,48.990002000000004
2019-2020,2020-07-26 00:00:00,Everton,38,home,Bournemouth,1,3,-2,13,5,0.38461538461538464,0.07692307692307693,13,7,0.5384615384615384,0.23076923076923078,11,9,1.2222222222222223,1,0,0,0,2,5,-12,0,49,Loss,48.988005
2019-2020,2019-08-11 00:00:00,Leicester,1,home,Wolves,0,0,0,15,1,0.06666666666666667,0.0,8,2,0.25,0.0,3,13,0.23076923076923078,0,2,0,0,12,3,0,1,1,Draw,1.000001
2019-2020,2019-08-18 00:00:00,Leicester,2,away,Chelsea,1,1,0,12,3,0.25,0.08333333333333333,14,5,0.35714285714285715,0.07142857142857142,14,9,1.5555555555555556,0,1,0,0,5,4,0,1,2,Draw,2.000003
2019-2020,2019-08-24 00:00:00,Leicester,3,away,Sheffield United,2,1,1,10,2,0.2,0.2,8,3,0.375,0.125,6,11,0.5454545454545454,0,1,0,0,4,7,1,3,5,Win,5.001002000000001
2019-2020,2019-08-31 00:00:00,Leicester,4,home,Bournemouth,3,1,2,13,5,0.38461538461538464,0.23076923076923078,8,2,0.25,0.125,9,11,0.8181818181818182,1,3,0,0,4,5,3,3,8,Win,8.003005
2019-2020,2019-09-14 00:00:00,Leicester,5,away,Man United,0,1,-1,9,3,0.3333333333333333,0.0,10,5,0.5,0.1,14,14,1.0,2,1,0,0,9,3,2,0,8,Loss,8.002003
2019-2020,2019-09-21 00:00:00,Leicester,6,home,Tottenham,2,1,1,16,7,0.4375,0.125,11,4,0.36363636363636365,0.09090909090909091,16,13,1.2307692307692308,1,2,0,0,8,2,3,3,11,Win,11.003007
2019-2020,2019-09-29 00:00:00,Leicester,7,home,Newcastle,5,0,5,13,5,0.38461538461538464,0.38461538461538464,3,0,0.0,0.0,12,9,1.3333333333333333,1,1,0,1,9,0,8,3,14,Win,14.008004999999999
2019-2020,2019-10-05 00:00:00,Leicester,8,away,Liverpool,1,2,-1,2,1,0.5,0.5,18,8,0.4444444444444444,0.1111111111111111,17,9,1.8888888888888888,4,1,0,0,6,4,7,0,14,Loss,14.007000999999999
2019-2020,2019-10-19 00:00:00,Leicester,9,home,Burnley,2,1,1,19,3,0.15789473684210525,0.10526315789473684,13,4,0.3076923076923077,0.07692307692307693,4,10,0.4,0,3,0,0,9,4,8,3,17,Win,17.008003
2019-2020,2019-10-25 00:00:00,Leicester,10,away,Southampton,9,0,9,25,15,0.6,0.36,6,3,0.5,0.0,12,3,4.0,0,0,0,1,7,2,17,3,20,Win,20.017015
2019-2020,2019-11-03 00:00:00,Leicester,11,away,Crystal Palace,2,0,2,14,5,0.35714285714285715,0.14285714285714285,12,3,0.25,0.0,16,15,1.0666666666666667,2,2,0,0,6,5,19,3,23,Win,23.019005
2019-2020,2019-11-09 00:00:00,Leicester,12,home,Arsenal,2,0,2,19,7,0.3684210526315789,0.10526315789473684,8,1,0.125,0.0,10,10,1.0,1,1,0,0,5,4,21,3,26,Win,26.021007
2019-2020,2019-11-23 00:00:00,Leicester,13,away,Brighton,2,0,2,19,9,0.47368421052631576,0.10526315789473684,7,0,0.0,0.0,1,9,0.1111111111111111,0,2,0,0,7,6,23,3,29,Win,29.023009
2019-2020,2019-12-01 00:00:00,Leicester,14,home,Everton,2,1,1,16,6,0.375,0.125,11,3,0.2727272727272727,0.09090909090909091,7,9,0.7777777777777778,0,1,0,0,4,4,24,3,32,Win,32.024006
2019-2020,2019-12-04 00:00:00,Leicester,15,home,Watford,2,0,2,12,6,0.5,0.16666666666666666,4,1,0.25,0.0,13,16,0.8125,3,2,0,0,7,2,26,3,35,Win,35.026006
2019-2020,2019-12-08 00:00:00,Leicester,16,away,Aston Villa,4,1,3,23,8,0.34782608695652173,0.17391304347826086,15,2,0.13333333333333333,0.06666666666666667,15,21,0.7142857142857143,2,6,0,0,5,8,29,3,38,Win,38.029008000000005
2019-2020,2019-12-14 00:00:00,Leicester,17,home,Norwich,1,1,0,18,5,0.2777777777777778,0.05555555555555555,10,3,0.3,0.1,11,15,0.7333333333333333,0,4,0,0,12,4,29,1,39,Draw,39.029005000000005
2019-2020,2019-12-21 00:00:00,Leicester,18,away,Man City,1,3,-2,5,2,0.4,0.2,23,12,0.5217391304347826,0.13043478260869565,9,14,0.6428571428571429,2,2,0,0,1,6,27,0,39,Loss,39.027002
2019-2020,2019-12-26 00:00:00,Leicester,19,home,Liverpool,0,4,-4,3,0,0.0,0.0,15,6,0.4,0.26666666666666666,5,7,0.7142857142857143,1,1,0,0,2,8,23,0,39,Loss,39.023
2019-2020,2019-12-28 00:00:00,Leicester,20,away,West Ham,2,1,1,13,8,0.6153846153846154,0.15384615384615385,14,4,0.2857142857142857,0.07142857142857142,4,16,0.25,1,4,0,0,5,5,24,3,42,Win,42.024008
2019-2020,2020-01-01 00:00:00,Leicester,21,away,Newcastle,3,0,3,17,10,0.5882352941176471,0.17647058823529413,5,2,0.4,0.0,12,8,1.5,1,1,0,0,5,4,27,3,45,Win,45.027010000000004
2019-2020,2020-01-11 00:00:00,Leicester,22,home,Southampton,1,2,-1,5,5,1.0,0.2,16,10,0.625,0.125,9,17,0.5294117647058824,0,3,0,0,2,4,26,0,45,Loss,45.026005000000005
2019-2020,2020-01-19 00:00:00,Leicester,23,away,Burnley,1,2,-1,18,8,0.4444444444444444,0.05555555555555555,8,5,0.625,0.25,8,14,0.5714285714285714,0,1,0,0,5,4,25,0,45,Loss,45.025008
2019-2020,2020-01-22 00:00:00,Leicester,24,home,West Ham,4,1,3,19,8,0.42105263157894735,0.21052631578947367,6,2,0.3333333333333333,0.16666666666666666,10,19,0.5263157894736842,1,1,0,0,7,8,28,3,48,Win,48.028008
2019-2020,2020-02-01 00:00:00,Leicester,25,home,Chelsea,2,2,0,14,4,0.2857142857142857,0.14285714285714285,7,3,0.42857142857142855,0.2857142857142857,16,14,1.1428571428571428,2,2,0,0,4,6,28,1,49,Draw,49.028003999999996
2019-2020,2020-02-14 00:00:00,Leicester,26,away,Wolves,0,0,0,9,3,0.3333333333333333,0.0,15,3,0.2,0.0,10,13,0.7692307692307693,2,2,1,0,0,7,28,1,50,Draw,50.028003
2019-2020,2020-02-22 00:00:00,Leicester,27,home,Man City,0,1,-1,10,3,0.3,0.0,18,7,0.3888888888888889,0.05555555555555555,14,10,1.4,0,0,0,0,3,7,27,0,50,Loss,50.027003
2019-2020,2020-02-28 00:00:00,Leicester,28,away,Norwich,0,1,-1,19,4,0.21052631578947367,0.0,11,6,0.5454545454545454,0.09090909090909091,16,13,1.2307692307692308,2,1,0,0,7,6,26,0,50,Loss,50.026004
2019-2020,2020-03-09 00:00:00,Leicester,29,home,Aston Villa,4,0,4,15,7,0.4666666666666667,0.26666666666666666,4,1,0.25,0.0,15,12,1.25,2,1,0,0,9,0,30,3,53,Win,53.030007
2019-2020,2020-06-20 00:00:00,Leicester,30,away,Watford,1,1,0,15,2,0.13333333333333333,0.06666666666666667,8,4,0.5,0.125,12,15,0.8,1,0,0,0,7,2,30,1,54,Draw,54.030002
2019-2020,2020-06-23 00:00:00,Leicester,31,home,Brighton,0,0,0,11,2,0.18181818181818182,0.0,10,2,0.2,0.0,10,13,0.7692307692307693,2,2,0,0,6,7,30,1,55,Draw,55.030002
2019-2020,2020-07-01 00:00:00,Leicester,32,away,Everton,1,2,-1,15,3,0.2,0.06666666666666667,7,2,0.2857142857142857,0.2857142857142857,10,13,0.7692307692307693,1,1,0,0,5,3,29,0,55,Loss,55.029003
2019-2020,2020-07-04 00:00:00,Leicester,33,home,Crystal Palace,3,0,3,15,4,0.26666666666666666,0.2,7,1,0.14285714285714285,0.0,18,8,2.25,2,1,0,0,3,7,32,3,58,Win,58.03200399999999
2019-2020,2020-07-07 00:00:00,Leicester,34,away,Arsenal,1,1,0,13,5,0.38461538461538464,0.07692307692307693,11,7,0.6363636363636364,0.09090909090909091,14,10,1.4,0,1,0,1,1,10,32,1,59,Draw,59.032005
2019-2020,2020-07-12 00:00:00,Leicester,35,away,Bournemouth,1,4,-3,13,5,0.38461538461538464,0.07692307692307693,10,4,0.4,0.4,12,11,1.0909090909090908,1,2,1,0,6,2,29,0,59,Loss,59.029005000000005
2019-2020,2020-07-16 00:00:00,Leicester,36,home,Sheffield United,2,0,2,15,7,0.4666666666666667,0.13333333333333333,5,1,0.2,0.0,12,10,1.2,1,2,0,0,9,5,31,3,62,Win,62.031006999999995
2019-2020,2020-07-19 00:00:00,Leicester,37,away,Tottenham,0,3,-3,24,6,0.25,0.0,7,3,0.42857142857142855,0.42857142857142855,10,15,0.6666666666666666,1,2,0,0,13,4,28,0,62,Loss,62.028006
2019-2020,2020-07-26 00:00:00,Leicester,38,home,Man United,0,2,-2,14,3,0.21428571428571427,0.0,7,3,0.42857142857142855,0.2857142857142857,12,11,1.0909090909090908,1,4,1,0,3,3,26,0,62,Loss,62.026003
2019-2020,2019-08-09 00:00:00,Liverpool,1,home,Norwich,4,1,3,15,7,0.4666666666666667,0.26666666666666666,12,5,0.4166666666666667,0.08333333333333333,9,9,1.0,0,2,0,0,11,2,3,3,3,Win,3.003007
2019-2020,2019-08-17 00:00:00,Liverpool,2,away,Southampton,2,1,1,15,6,0.4,0.13333333333333333,14,3,0.21428571428571427,0.07142857142857142,6,10,0.6,1,2,0,0,9,5,4,3,6,Win,6.0040059999999995
2019-2020,2019-08-24 00:00:00,Liverpool,3,home,Arsenal,3,1,2,25,5,0.2,0.12,9,3,0.3333333333333333,0.1111111111111111,8,5,1.6,1,1,0,0,6,4,6,3,9,Win,9.006005
2019-2020,2019-08-31 00:00:00,Liverpool,4,away,Burnley,3,0,3,15,7,0.4666666666666667,0.2,7,2,0.2857142857142857,0.0,16,10,1.6,0,0,0,0,4,6,9,3,12,Win,12.009007
2019-2020,2019-09-14 00:00:00,Liverpool,5,home,Newcastle,3,1,2,21,9,0.42857142857142855,0.14285714285714285,8,1,0.125,0.125,5,4,1.25,0,0,0,0,10,1,11,3,15,Win,15.011009
2019-2020,2019-09-22 00:00:00,Liverpool,6,away,Chelsea,2,1,1,6,3,0.5,0.3333333333333333,13,2,0.15384615384615385,0.07692307692307693,13,8,1.625,3,3,0,0,4,6,12,3,18,Win,18.012003
2019-2020,2019-09-28 00:00:00,Liverpool,7,away,Sheffield United,1,0,1,16,4,0.25,0.0625,12,2,0.16666666666666666,0.0,4,8,0.5,1,1,0,0,5,6,13,3,21,Win,21.013004000000002
2019-2020,2019-10-05 00:00:00,Liverpool,8,home,Leicester,2,1,1,18,8,0.4444444444444444,0.1111111111111111,2,1,0.5,0.5,9,17,0.5294117647058824,1,4,0,0,4,6,14,3,24,Win,24.014008
2019-2020,2019-10-20 00:00:00,Liverpool,9,away,Man United,1,1,0,10,4,0.4,0.1,7,2,0.2857142857142857,0.14285714285714285,14,6,2.3333333333333335,1,0,0,0,1,3,14,1,25,Draw,25.014004
2019-2020,2019-10-27 00:00:00,Liverpool,10,home,Tottenham,2,1,1,21,13,0.6190476190476191,0.09523809523809523,11,4,0.36363636363636365,0.09090909090909091,9,11,0.8181818181818182,3,3,0,0,8,3,15,3,28,Win,28.015013
2019-2020,2019-11-02 00:00:00,Liverpool,11,away,Aston Villa,2,1,1,25,6,0.24,0.08,5,2,0.4,0.2,9,12,0.75,2,1,0,0,10,2,16,3,31,Win,31.016005999999997
2019-2020,2019-11-10 00:00:00,Liverpool,12,home,Man City,3,1,2,12,5,0.4166666666666667,0.25,18,3,0.16666666666666666,0.05555555555555555,10,5,2.0,0,2,0,0,4,13,18,3,34,Win,34.018005
2019-2020,2019-11-23 00:00:00,Liverpool,13,away,Crystal Palace,2,1,1,12,4,0.3333333333333333,0.16666666666666666,16,6,0.375,0.0625,7,8,0.875,1,0,0,0,8,9,19,3,37,Win,37.019003999999995
2019-2020,2019-11-30 00:00:00,Liverpool,14,home,Brighton,2,1,1,15,7,0.4666666666666667,0.13333333333333333,12,5,0.4166666666666667,0.08333333333333333,3,10,0.3,0,0,1,0,4,5,20,3,40,Win,40.020007
2019-2020,2019-12-04 00:00:00,Liverpool,15,home,Everton,5,2,3,11,5,0.45454545454545453,0.45454545454545453,12,4,0.3333333333333333,0.16666666666666666,13,17,0.7647058823529411,1,2,0,0,5,6,23,3,43,Win,43.023005000000005
2019-2020,2019-12-07 00:00:00,Liverpool,16,away,Bournemouth,3,0,3,21,9,0.42857142857142855,0.14285714285714285,3,0,0.0,0.0,6,5,1.2,1,0,0,0,3,1,26,3,46,Win,46.026009
2019-2020,2019-12-14 00:00:00,Liverpool,17,home,Watford,2,0,2,16,6,0.375,0.125,8,2,0.25,0.0,8,6,1.3333333333333333,2,1,0,0,6,3,28,3,49,Win,49.028006
2019-2020,2019-12-26 00:00:00,Liverpool,18,away,Leicester,4,0,4,15,6,0.4,0.26666666666666666,3,0,0.0,0.0,7,5,1.4,1,1,0,0,8,2,32,3,52,Win,52.032005999999996
2019-2020,2019-12-29 00:00:00,Liverpool,19,home,Wolves,1,0,1,10,3,0.3,0.1,10,2,0.2,0.0,7,3,2.3333333333333335,1,0,0,0,5,6,33,3,55,Win,55.033003
2019-2020,2020-01-02 00:00:00,Liverpool,20,home,Sheffield United,2,0,2,19,7,0.3684210526315789,0.10526315789473684,3,2,0.6666666666666666,0.0,5,8,0.625,0,0,0,0,8,4,35,3,58,Win,58.03500699999999
2019-2020,2020-01-11 00:00:00,Liverpool,21,away,Tottenham,1,0,1,13,7,0.5384615384615384,0.07692307692307693,14,4,0.2857142857142857,0.0,8,4,2.0,2,0,0,0,3,4,36,3,61,Win,61.036007
2019-2020,2020-01-19 00:00:00,Liverpool,22,home,Man United,2,0,2,16,5,0.3125,0.125,9,4,0.4444444444444444,0.0,7,10,0.7,1,3,0,0,11,5,38,3,64,Win,64.038005
2019-2020,2020-01-23 00:00:00,Liverpool,23,away,Wolves,2,1,1,13,6,0.46153846153846156,0.15384615384615385,10,3,0.3,0.1,11,6,1.8333333333333333,1,0,0,0,4,2,39,3,67,Win,67.039006
2019-2020,2020-01-29 00:00:00,Liverpool,24,away,West Ham,2,0,2,13,5,0.38461538461538464,0.15384615384615385,7,4,0.5714285714285714,0.0,6,6,1.0,0,2,0,0,7,3,41,3,70,Win,70.041005
2019-2020,2020-02-01 00:00:00,Liverpool,25,home,Southampton,4,0,4,16,9,0.5625,0.25,17,4,0.23529411764705882,0.0,9,15,0.6,0,2,0,0,6,11,45,3,73,Win,73.04500900000001
2019-2020,2020-02-15 00:00:00,Liverpool,26,away,Norwich,1,0,1,17,6,0.35294117647058826,0.058823529411764705,5,1,0.2,0.0,11,5,2.2,2,1,0,0,7,2,46,3,76,Win,76.046006
2019-2020,2020-02-24 00:00:00,Liverpool,27,home,West Ham,3,2,1,25,7,0.28,0.12,7,4,0.5714285714285714,0.2857142857142857,4,10,0.4,0,3,0,0,16,8,47,3,79,Win,79.047007
2019-2020,2020-02-29 00:00:00,Liverpool,28,away,Watford,0,3,-3,7,1,0.14285714285714285,0.0,14,5,0.35714285714285715,0.21428571428571427,8,4,2.0,0,0,0,0,5,3,44,0,79,Loss,79.044001
2019-2020,2020-03-07 00:00:00,Liverpool,29,home,Bournemouth,2,1,1,14,6,0.42857142857142855,0.14285714285714285,6,4,0.6666666666666666,0.16666666666666666,10,12,0.8333333333333334,0,1,0,0,9,4,45,3,82,Win,82.045006
2019-2020,2020-06-21 00:00:00,Liverpool,30,away,Everton,0,0,0,10,3,0.3,0.0,9,3,0.3333333333333333,0.0,12,15,0.8,2,2,0,0,6,1,45,1,83,Draw,83.04500300000001
2019-2020,2020-06-24 00:00:00,Liverpool,31,home,Crystal Palace,4,0,4,21,7,0.3333333333333333,0.19047619047619047,3,0,0.0,0.0,7,5,1.4,0,0,0,0,6,0,49,3,86,Win,86.049007
2019-2020,2020-07-02 00:00:00,Liverpool,32,away,Man City,0,4,-4,11,3,0.2727272727272727,0.0,14,6,0.42857142857142855,0.2857142857142857,7,8,0.875,2,2,0,0,3,3,45,0,86,Loss,86.04500300000001
2019-2020,2020-07-05 00:00:00,Liverpool,33,home,Aston Villa,2,0,2,6,4,0.6666666666666666,0.3333333333333333,9,3,0.3333333333333333,0.0,18,8,2.25,1,1,0,0,7,5,47,3,89,Win,89.047004
2019-2020,2020-07-08 00:00:00,Liverpool,34,away,Brighton,3,1,2,19,8,0.42105263157894735,0.15789473684210525,12,2,0.16666666666666666,0.08333333333333333,15,7,2.142857142857143,4,1,0,0,10,6,49,3,92,Win,92.049008
2019-2020,2020-07-11 00:00:00,Liverpool,35,home,Burnley,1,1,0,23,9,0.391304347826087,0.043478260869565216,6,2,0.3333333333333333,0.16666666666666666,7,4,1.75,1,2,0,0,12,6,49,1,93,Draw,93.04900900000001
2019-2020,2020-07-15 00:00:00,Liverpool,36,away,Arsenal,1,2,-1,24,8,0.3333333333333333,0.041666666666666664,3,2,0.6666666666666666,0.6666666666666666,10,14,0.7142857142857143,1,3,0,0,13,2,48,0,93,Loss,93.048008
2019-2020,2020-07-22 00:00:00,Liverpool,37,home,Chelsea,5,3,2,10,7,0.7,0.5,10,5,0.5,0.3,8,11,0.7272727272727273,1,0,0,0,6,0,50,3,96,Win,96.050007
2019-2020,2020-07-26 00:00:00,Liverpool,38,away,Newcastle,3,1,2,14,6,0.42857142857142855,0.21428571428571427,3,2,0.6666666666666666,0.3333333333333333,5,11,0.45454545454545453,0,1,0,0,4,2,52,3,99,Win,99.052006
2019-2020,2019-08-10 00:00:00,Man City,1,away,West Ham,5,0,5,14,9,0.6428571428571429,0.35714285714285715,5,3,0.6,0.0,13,6,2.1666666666666665,2,2,0,0,1,1,5,3,3,Win,3.005009
2019-2020,2019-08-17 00:00:00,Man City,2,home,Tottenham,2,2,0,30,10,0.3333333333333333,0.06666666666666667,3,2,0.6666666666666666,0.6666666666666666,14,4,3.5,1,0,0,0,13,2,5,1,4,Draw,4.0050099999999995
2019-2020,2019-08-25 00:00:00,Man City,3,away,Bournemouth,3,1,2,19,5,0.2631578947368421,0.15789473684210525,10,7,0.7,0.1,13,7,1.8571428571428572,3,1,0,0,5,4,7,3,7,Win,7.0070049999999995
2019-2020,2019-08-31 00:00:00,Man City,4,home,Brighton,4,0,4,15,6,0.4,0.26666666666666666,6,2,0.3333333333333333,0.0,10,6,1.6666666666666667,1,1,0,0,8,1,11,3,10,Win,10.011006
2019-2020,2019-09-14 00:00:00,Man City,5,away,Norwich,2,3,-1,25,8,0.32,0.08,7,3,0.42857142857142855,0.42857142857142855,7,8,0.875,1,3,0,0,16,3,10,0,10,Loss,10.010008
2019-2020,2019-09-21 00:00:00,Man City,6,home,Watford,8,0,8,28,11,0.39285714285714285,0.2857142857142857,5,4,0.8,0.0,5,9,0.5555555555555556,2,2,0,0,5,4,18,3,13,Win,13.018011000000001
2019-2020,2019-09-28 00:00:00,Man City,7,away,Everton,3,1,2,20,9,0.45,0.15,12,8,0.6666666666666666,0.08333333333333333,8,4,2.0,2,2,0,0,2,5,20,3,16,Win,16.020008999999998
2019-2020,2019-10-06 00:00:00,Man City,8,home,Wolves,0,2,-2,18,2,0.1111111111111111,0.0,7,2,0.2857142857142857,0.2857142857142857,11,14,0.7857142857142857,5,2,0,0,9,1,18,0,16,Loss,16.018002
2019-2020,2019-10-19 00:00:00,Man City,9,away,Crystal Palace,2,0,2,21,10,0.47619047619047616,0.09523809523809523,7,2,0.2857142857142857,0.0,10,8,1.25,1,1,0,0,8,1,20,3,19,Win,19.02001
2019-2020,2019-10-26 00:00:00,Man City,10,home,Aston Villa,3,0,3,25,9,0.36,0.12,11,5,0.45454545454545453,0.0,10,5,2.0,1,1,1,0,13,7,23,3,22,Win,22.023009
2019-2020,2019-11-02 00:00:00,Man City,11,home,Southampton,2,1,1,26,4,0.15384615384615385,0.07692307692307693,3,3,1.0,0.3333333333333333,11,10,1.1,3,1,0,0,17,0,24,3,25,Win,25.024004
2019-2020,2019-11-10 00:00:00,Man City,12,away,Liverpool,1,3,-2,18,3,0.16666666666666666,0.05555555555555555,12,5,0.4166666666666667,0.25,5,10,0.5,2,0,0,0,13,4,22,0,25,Loss,25.022002999999998
2019-2020,2019-11-23 00:00:00,Man City,13,home,Chelsea,2,1,1,15,4,0.26666666666666666,0.13333333333333333,11,2,0.18181818181818182,0.09090909090909091,5,9,0.5555555555555556,1,1,0,0,8,2,23,3,28,Win,28.023004
2019-2020,2019-11-30 00:00:00,Man City,14,away,Newcastle,2,2,0,24,9,0.375,0.08333333333333333,6,3,0.5,0.3333333333333333,6,4,1.5,2,1,0,0,10,1,23,1,29,Draw,29.023009
2019-2020,2019-12-03 00:00:00,Man City,15,away,Burnley,4,1,3,17,8,0.47058823529411764,0.23529411764705882,4,2,0.5,0.25,6,9,0.6666666666666666,1,1,0,0,6,3,26,3,32,Win,32.026008000000004
2019-2020,2019-12-07 00:00:00,Man City,16,home,Man United,1,2,-1,22,5,0.22727272727272727,0.045454545454545456,11,7,0.6363636363636364,0.18181818181818182,10,10,1.0,3,2,0,0,16,3,25,0,32,Loss,32.025005
2019-2020,2019-12-15 00:00:00,Man City,17,away,Arsenal,3,0,3,14,7,0.5,0.21428571428571427,6,1,0.16666666666666666,0.0,24,9,2.6666666666666665,4,1,0,0,3,3,28,3,35,Win,35.028006999999995
2019-2020,2019-12-21 00:00:00,Man City,18,home,Leicester,3,1,2,23,12,0.5217391304347826,0.13043478260869565,5,2,0.4,0.2,14,9,1.5555555555555556,2,2,0,0,6,1,30,3,38,Win,38.030012
2019-2020,2019-12-27 00:00:00,Man City,19,away,Wolves,2,3,-1,7,3,0.42857142857142855,0.2857142857142857,20,8,0.4,0.15,13,7,1.8571428571428572,1,0,1,0,1,3,29,0,38,Loss,38.029003
2019-2020,2019-12-29 00:00:00,Man City,20,home,Sheffield United,2,0,2,16,4,0.25,0.125,8,0,0.0,0.0,5,6,0.8333333333333334,1,1,0,0,8,5,31,3,41,Win,41.031003999999996
2019-2020,2020-01-01 00:00:00,Man City,21,home,Everton,2,1,1,16,7,0.4375,0.125,7,2,0.2857142857142857,0.14285714285714285,11,11,1.0,0,4,0,0,3,6,32,3,44,Win,44.03200699999999
2019-2020,2020-01-12 00:00:00,Man City,22,away,Aston Villa,6,1,5,22,12,0.5454545454545454,0.2727272727272727,7,1,0.14285714285714285,0.14285714285714285,12,5,2.4,1,2,0,0,4,2,37,3,47,Win,47.037012
2019-2020,2020-01-18 00:00:00,Man City,23,home,Crystal Palace,2,2,0,25,6,0.24,0.08,5,3,0.6,0.4,9,7,1.2857142857142858,1,2,0,0,14,2,37,1,48,Draw,48.037006
2019-2020,2020-01-21 00:00:00,Man City,24,away,Sheffield United,1,0,1,18,5,0.2777777777777778,0.05555555555555555,4,1,0.25,0.0,13,13,1.0,3,4,0,0,13,5,38,3,51,Win,51.038005
2019-2020,2020-02-02 00:00:00,Man City,25,away,Tottenham,0,2,-2,18,5,0.2777777777777778,0.0,3,3,1.0,0.6666666666666666,14,8,1.75,3,2,1,0,6,2,36,0,51,Loss,51.036005
2019-2020,2020-02-19 00:00:00,Man City,26,home,West Ham,2,0,2,20,7,0.35,0.1,3,0,0.0,0.0,5,7,0.7142857142857143,0,1,0,0,6,1,38,3,54,Win,54.03800699999999
2019-2020,2020-02-22 00:00:00,Man City,27,away,Leicester,1,0,1,18,7,0.3888888888888889,0.05555555555555555,10,3,0.3,0.0,10,14,0.7142857142857143,0,0,0,0,7,3,39,3,57,Win,57.039007
2019-2020,2020-03-08 00:00:00,Man City,28,away,Man United,0,2,-2,7,2,0.2857142857142857,0.0,12,6,0.5,0.16666666666666666,9,11,0.8181818181818182,4,2,0,0,11,2,37,0,57,Loss,57.037002
2019-2020,2020-06-17 00:00:00,Man City,29,home,Arsenal,3,0,3,20,12,0.6,0.15,3,0,0.0,0.0,9,7,1.2857142857142858,1,1,0,1,5,2,40,3,60,Win,60.040012
2019-2020,2020-06-22 00:00:00,Man City,30,home,Burnley,5,0,5,19,7,0.3684210526315789,0.2631578947368421,1,0,0.0,0.0,8,7,1.1428571428571428,1,1,0,0,3,1,45,3,63,Win,63.045007
2019-2020,2020-06-25 00:00:00,Man City,31,away,Chelsea,1,2,-1,11,2,0.18181818181818182,0.09090909090909091,15,10,0.6666666666666666,0.13333333333333333,3,13,0.23076923076923078,1,1,1,0,7,5,44,0,63,Loss,63.044002
2019-2020,2020-07-02 00:00:00,Man City,32,home,Liverpool,4,0,4,14,6,0.42857142857142855,0.2857142857142857,11,3,0.2727272727272727,0.0,8,7,1.1428571428571428,2,2,0,0,3,3,48,3,66,Win,66.048006
2019-2020,2020-07-05 00:00:00,Man City,33,away,Southampton,0,1,-1,26,6,0.23076923076923078,0.0,8,4,0.5,0.125,7,6,1.1666666666666667,2,1,0,0,13,2,47,0,66,Loss,66.047006
2019-2020,2020-07-08 00:00:00,Man City,34,home,Newcastle,5,0,5,23,9,0.391304347826087,0.21739130434782608,6,1,0.16666666666666666,0.0,12,7,1.7142857142857142,0,0,0,0,8,1,52,3,69,Win,69.05200900000001
2019-2020,2020-07-11 00:00:00,Man City,35,away,Brighton,5,0,5,26,8,0.3076923076923077,0.19230769230769232,3,0,0.0,0.0,3,7,0.42857142857142855,0,1,0,0,7,2,57,3,72,Win,72.057008
2019-2020,2020-07-15 00:00:00,Man City,36,home,Bournemouth,2,1,1,8,4,0.5,0.25,15,3,0.2,0.06666666666666667,10,10,1.0,1,1,0,0,3,5,58,3,75,Win,75.05800400000001
2019-2020,2020-07-21 00:00:00,Man City,37,away,Watford,4,0,4,26,10,0.38461538461538464,0.15384615384615385,2,0,0.0,0.0,11,14,0.7857142857142857,0,2,0,0,8,0,62,3,78,Win,78.06201
2019-2020,2020-07-26 00:00:00,Man City,38,home,Norwich,5,0,5,31,10,0.3225806451612903,0.16129032258064516,5,4,0.8,0.0,7,4,1.75,1,1,0,0,9,0,67,3,81,Win,81.06701
2019-2020,2019-08-11 00:00:00,Man United,1,home,Chelsea,4,0,4,11,5,0.45454545454545453,0.36363636363636365,18,7,0.3888888888888889,0.0,15,13,1.1538461538461537,3,4,0,0,3,5,4,3,3,Win,3.004005
2019-2020,2019-08-19 00:00:00,Man United,2,away,Wolves,1,1,0,9,2,0.2222222222222222,0.1111111111111111,6,2,0.3333333333333333,0.16666666666666666,8,17,0.47058823529411764,2,2,0,0,6,4,4,1,4,Draw,4.004002
2019-2020,2019-08-24 00:00:00,Man United,3,home,Crystal Palace,1,2,-1,22,3,0.13636363636363635,0.045454545454545456,5,3,0.6,0.4,8,18,0.4444444444444444,2,4,0,0,8,1,3,0,4,Loss,4.0030030000000005
2019-2020,2019-08-31 00:00:00,Man United,4,away,Southampton,1,1,0,21,8,0.38095238095238093,0.047619047619047616,10,2,0.2,0.1,7,17,0.4117647058823529,2,1,0,1,3,2,3,1,5,Draw,5.003008
2019-2020,2019-09-14 00:00:00,Man United,5,home,Leicester,1,0,1,10,5,0.5,0.1,9,3,0.3333333333333333,0.0,14,14,1.0,1,2,0,0,3,9,4,3,8,Win,8.004005
2019-2020,2019-09-22 00:00:00,Man United,6,away,West Ham,0,2,-2,9,3,0.3333333333333333,0.0,8,6,0.75,0.25,9,8,1.125,2,2,0,0,7,3,2,0,8,Loss,8.002003
2019-2020,2019-09-30 00:00:00,Man United,7,home,Arsenal,1,1,0,16,4,0.25,0.0625,10,5,0.5,0.1,18,13,1.3846153846153846,4,2,0,0,8,7,2,1,9,Draw,9.002004000000001
2019-2020,2019-10-06 00:00:00,Man United,8,away,Newcastle,0,1,-1,12,3,0.25,0.0,12,2,0.16666666666666666,0.08333333333333333,10,12,0.8333333333333334,3,3,0,0,6,4,1,0,9,Loss,9.001002999999999
2019-2020,2019-10-20 00:00:00,Man United,9,home,Liverpool,1,1,0,7,2,0.2857142857142857,0.14285714285714285,10,4,0.4,0.1,6,14,0.42857142857142855,0,1,0,0,3,1,1,1,10,Draw,10.001002
2019-2020,2019-10-27 00:00:00,Man United,10,away,Norwich,3,1,2,21,11,0.5238095238095238,0.14285714285714285,10,3,0.3,0.1,10,13,0.7692307692307693,2,2,0,0,10,1,3,3,13,Win,13.003011
2019-2020,2019-11-02 00:00:00,Man United,11,away,Bournemouth,0,1,-1,15,4,0.26666666666666666,0.0,12,6,0.5,0.08333333333333333,12,14,0.8571428571428571,3,4,0,0,10,4,2,0,13,Loss,13.002004000000001
2019-2020,2019-11-10 00:00:00,Man United,12,home,Brighton,3,1,2,21,11,0.5238095238095238,0.14285714285714285,6,2,0.3333333333333333,0.16666666666666666,10,14,0.7142857142857143,2,5,0,0,5,2,4,3,16,Win,16.004011000000002
2019-2020,2019-11-24 00:00:00,Man United,13,away,Sheffield United,3,3,0,11,5,0.45454545454545453,0.2727272727272727,12,8,0.6666666666666666,0.25,10,13,0.7692307692307693,2,1,0,0,3,6,4,1,17,Draw,17.004005000000003
2019-2020,2019-12-01 00:00:00,Man United,14,home,Aston Villa,2,2,0,16,6,0.375,0.125,9,3,0.3333333333333333,0.2222222222222222,16,8,2.0,4,1,0,0,9,9,4,1,18,Draw,18.004006
2019-2020,2019-12-04 00:00:00,Man United,15,home,Tottenham,2,1,1,12,7,0.5833333333333334,0.16666666666666666,8,5,0.625,0.125,9,9,1.0,0,1,0,0,4,3,5,3,21,Win,21.005007
2019-2020,2019-12-07 00:00:00,Man United,16,away,Man City,2,1,1,11,7,0.6363636363636364,0.18181818181818182,22,5,0.22727272727272727,0.045454545454545456,10,10,1.0,2,3,0,0,3,16,6,3,24,Win,24.006007
2019-2020,2019-12-15 00:00:00,Man United,17,home,Everton,1,1,0,24,8,0.3333333333333333,0.041666666666666664,8,3,0.375,0.125,10,12,0.8333333333333334,1,2,0,0,6,5,6,1,25,Draw,25.006008
2019-2020,2019-12-22 00:00:00,Man United,18,away,Watford,0,2,-2,17,8,0.47058823529411764,0.0,11,3,0.2727272727272727,0.18181818181818182,11,16,0.6875,1,3,0,0,5,3,4,0,25,Loss,25.004008000000002
2019-2020,2019-12-26 00:00:00,Man United,19,home,Newcastle,4,1,3,22,10,0.45454545454545453,0.18181818181818182,7,2,0.2857142857142857,0.14285714285714285,10,7,1.4285714285714286,2,2,0,0,5,0,7,3,28,Win,28.00701
2019-2020,2019-12-28 00:00:00,Man United,20,away,Burnley,2,0,2,14,5,0.35714285714285715,0.14285714285714285,8,1,0.125,0.0,10,17,0.5882352941176471,3,4,0,0,4,5,9,3,31,Win,31.009005000000002
2019-2020,2020-01-01 00:00:00,Man United,21,away,Arsenal,0,2,-2,10,4,0.4,0.0,10,4,0.4,0.2,15,11,1.3636363636363635,0,2,0,0,4,1,7,0,31,Loss,31.007004000000002
2019-2020,2020-01-11 00:00:00,Man United,22,home,Norwich,4,0,4,13,6,0.46153846153846156,0.3076923076923077,8,3,0.375,0.0,18,7,2.5714285714285716,0,0,0,0,4,2,11,3,34,Win,34.011006
2019-2020,2020-01-19 00:00:00,Man United,23,away,Liverpool,0,2,-2,9,4,0.4444444444444444,0.0,16,5,0.3125,0.125,10,7,1.4285714285714286,3,1,0,0,5,11,9,0,34,Loss,34.009004
2019-2020,2020-01-22 00:00:00,Man United,24,home,Burnley,0,2,-2,24,7,0.2916666666666667,0.0,5,2,0.4,0.4,11,7,1.5714285714285714,0,2,0,0,5,2,7,0,34,Loss,34.007006999999994
2019-2020,2020-02-01 00:00:00,Man United,25,home,Wolves,0,0,0,15,5,0.3333333333333333,0.0,14,3,0.21428571428571427,0.0,14,15,0.9333333333333333,3,2,0,0,4,6,7,1,35,Draw,35.007005
2019-2020,2020-02-17 00:00:00,Man United,26,away,Chelsea,2,0,2,9,3,0.3333333333333333,0.2222222222222222,17,1,0.058823529411764705,0.0,11,11,1.0,3,4,0,0,8,9,9,3,38,Win,38.009003
2019-2020,2020-02-23 00:00:00,Man United,27,home,Watford,3,0,3,21,9,0.42857142857142855,0.14285714285714285,7,2,0.2857142857142857,0.0,6,15,0.4,0,1,0,0,3,5,12,3,41,Win,41.012009
2019-2020,2020-03-01 00:00:00,Man United,28,away,Everton,1,1,0,14,5,0.35714285714285715,0.07142857142857142,16,5,0.3125,0.0625,11,11,1.0,4,3,0,0,8,13,12,1,42,Draw,42.012005
2019-2020,2020-03-08 00:00:00,Man United,29,home,Man City,2,0,2,12,6,0.5,0.16666666666666666,7,2,0.2857142857142857,0.0,11,9,1.2222222222222223,2,4,0,0,2,11,14,3,45,Win,45.014006
2019-2020,2020-06-19 00:00:00,Man United,30,away,Tottenham,1,1,0,12,6,0.5,0.08333333333333333,10,3,0.3,0.1,18,17,1.0588235294117647,1,0,0,0,6,7,14,1,46,Draw,46.014006
2019-2020,2020-06-24 00:00:00,Man United,31,home,Sheffield United,3,0,3,15,6,0.4,0.2,4,1,0.25,0.0,10,6,1.6666666666666667,1,0,0,0,10,5,17,3,49,Win,49.017006
2019-2020,2020-06-30 00:00:00,Man United,32,away,Brighton,3,0,3,12,6,0.5,0.25,8,2,0.25,0.0,9,10,0.9,1,0,0,0,5,4,20,3,52,Win,52.020006
2019-2020,2020-07-04 00:00:00,Man United,33,home,Bournemouth,5,2,3,19,10,0.5263157894736842,0.2631578947368421,7,3,0.42857142857142855,0.2857142857142857,13,12,1.0833333333333333,0,1,0,0,8,3,23,3,55,Win,55.023010000000006
2019-2020,2020-07-09 00:00:00,Man United,34,away,Aston Villa,3,0,3,14,6,0.42857142857142855,0.21428571428571427,9,1,0.1111111111111111,0.0,13,7,1.8571428571428572,3,2,0,0,5,3,26,3,58,Win,58.026006
2019-2020,2020-07-13 00:00:00,Man United,35,home,Southampton,2,2,0,8,4,0.5,0.25,9,5,0.5555555555555556,0.2222222222222222,14,15,0.9333333333333333,1,3,0,0,4,6,26,1,59,Draw,59.026004
2019-2020,2020-07-16 00:00:00,Man United,36,away,Crystal Palace,2,0,2,17,5,0.29411764705882354,0.11764705882352941,13,5,0.38461538461538464,0.0,15,10,1.5,2,1,0,0,7,2,28,3,62,Win,62.028005
2019-2020,2020-07-22 00:00:00,Man United,37,home,West Ham,1,1,0,11,4,0.36363636363636365,0.09090909090909091,12,3,0.25,0.08333333333333333,10,9,1.1111111111111112,3,1,0,0,2,3,28,1,63,Draw,63.028003999999996
2019-2020,2020-07-26 00:00:00,Man United,38,away,Leicester,2,0,2,7,3,0.42857142857142855,0.2857142857142857,14,3,0.21428571428571427,0.0,11,12,0.9166666666666666,4,1,0,1,3,3,30,3,66,Win,66.03000300000001
2019-2020,2019-08-11 00:00:00,Newcastle,1,home,Arsenal,0,1,-1,9,2,0.2222222222222222,0.0,8,2,0.25,0.125,12,7,1.7142857142857142,1,3,0,0,5,3,-1,0,0,Loss,-0.000998
2019-2020,2019-08-17 00:00:00,Newcastle,2,away,Norwich,1,3,-2,10,3,0.3,0.1,15,8,0.5333333333333333,0.2,11,9,1.2222222222222223,3,1,0,0,5,7,-3,0,0,Loss,-0.002997
2019-2020,2019-08-25 00:00:00,Newcastle,3,away,Tottenham,1,0,1,8,3,0.375,0.125,17,2,0.11764705882352941,0.0,5,10,0.5,2,2,0,0,6,6,-2,3,3,Win,2.998003
2019-2020,2019-08-31 00:00:00,Newcastle,4,home,Watford,1,1,0,13,5,0.38461538461538464,0.07692307692307693,13,3,0.23076923076923078,0.07692307692307693,5,11,0.45454545454545453,2,3,0,0,6,5,-2,1,4,Draw,3.998005
2019-2020,2019-09-14 00:00:00,Newcastle,5,away,Liverpool,1,3,-2,8,1,0.125,0.125,21,9,0.42857142857142855,0.14285714285714285,4,5,0.8,0,0,0,0,1,10,-4,0,4,Loss,3.996001
2019-2020,2019-09-21 00:00:00,Newcastle,6,home,Brighton,0,0,0,11,4,0.36363636363636365,0.0,16,3,0.1875,0.0,12,8,1.5,2,1,0,0,5,3,-4,1,5,Draw,4.996004
2019-2020,2019-09-29 00:00:00,Newcastle,7,away,Leicester,0,5,-5,3,0,0.0,0.0,13,5,0.38461538461538464,0.38461538461538464,9,12,0.75,1,1,1,0,0,9,-9,0,5,Loss,4.991
2019-2020,2019-10-06 00:00:00,Newcastle,8,home,Man United,1,0,1,12,2,0.16666666666666666,0.08333333333333333,12,3,0.25,0.0,12,10,1.2,3,3,0,0,4,6,-8,3,8,Win,7.992002
2019-2020,2019-10-19 00:00:00,Newcastle,9,away,Chelsea,0,1,-1,5,0,0.0,0.0,16,8,0.5,0.0625,12,9,1.3333333333333333,1,2,0,0,0,11,-9,0,8,Loss,7.991
2019-2020,2019-10-27 00:00:00,Newcastle,10,home,Wolves,1,1,0,13,2,0.15384615384615385,0.07692307692307693,13,5,0.38461538461538464,0.07692307692307693,8,15,0.5333333333333333,2,2,1,0,3,6,-9,1,9,Draw,8.991002
2019-2020,2019-11-02 00:00:00,Newcastle,11,away,West Ham,3,2,1,12,9,0.75,0.25,16,6,0.375,0.125,7,10,0.7,1,2,0,0,3,7,-8,3,12,Win,11.992009000000001
2019-2020,2019-11-09 00:00:00,Newcastle,12,home,Bournemouth,2,1,1,20,9,0.45,0.1,16,3,0.1875,0.0625,10,5,2.0,2,0,0,0,5,4,-7,3,15,Win,14.993009
2019-2020,2019-11-25 00:00:00,Newcastle,13,away,Aston Villa,0,2,-2,11,5,0.45454545454545453,0.0,17,8,0.47058823529411764,0.11764705882352941,9,10,0.9,1,1,0,0,6,11,-9,0,15,Loss,14.991005
2019-2020,2019-11-30 00:00:00,Newcastle,14,home,Man City,2,2,0,6,3,0.5,0.3333333333333333,24,9,0.375,0.08333333333333333,4,6,0.6666666666666666,1,2,0,0,1,10,-9,1,16,Draw,15.991003
2019-2020,2019-12-05 00:00:00,Newcastle,15,away,Sheffield United,2,0,2,6,4,0.6666666666666666,0.3333333333333333,13,6,0.46153846153846156,0.0,6,10,0.6,0,2,0,0,1,8,-7,3,19,Win,18.993004
2019-2020,2019-12-08 00:00:00,Newcastle,16,home,Southampton,2,1,1,12,6,0.5,0.16666666666666666,19,4,0.21052631578947367,0.05263157894736842,11,17,0.6470588235294118,1,3,0,0,3,12,-6,3,22,Win,21.994006
2019-2020,2019-12-14 00:00:00,Newcastle,17,away,Burnley,0,1,-1,9,0,0.0,0.0,7,4,0.5714285714285714,0.14285714285714285,12,15,0.8,2,0,0,0,3,4,-7,0,22,Loss,21.993
2019-2020,2019-12-21 00:00:00,Newcastle,18,home,Crystal Palace,1,0,1,8,3,0.375,0.125,16,4,0.25,0.0,12,11,1.0909090909090908,2,0,0,0,4,5,-6,3,25,Win,24.994003
2019-2020,2019-12-26 00:00:00,Newcastle,19,away,Man United,1,4,-3,7,2,0.2857142857142857,0.14285714285714285,22,10,0.45454545454545453,0.18181818181818182,7,10,0.7,2,2,0,0,0,5,-9,0,25,Loss,24.991001999999998
2019-2020,2019-12-28 00:00:00,Newcastle,20,home,Everton,1,2,-1,20,5,0.25,0.05,22,9,0.4090909090909091,0.09090909090909091,13,13,1.0,2,2,0,0,5,8,-10,0,25,Loss,24.990005
2019-2020,2020-01-01 00:00:00,Newcastle,21,home,Leicester,0,3,-3,5,2,0.4,0.0,17,10,0.5882352941176471,0.17647058823529413,8,12,0.6666666666666666,1,1,0,0,4,5,-13,0,25,Loss,24.987001999999997
2019-2020,2020-01-11 00:00:00,Newcastle,22,away,Wolves,1,1,0,5,1,0.2,0.2,9,4,0.4444444444444444,0.1111111111111111,12,13,0.9230769230769231,3,0,0,0,2,5,-13,1,26,Draw,25.987001
2019-2020,2020-01-18 00:00:00,Newcastle,23,home,Chelsea,1,0,1,7,2,0.2857142857142857,0.14285714285714285,19,4,0.21052631578947367,0.0,9,14,0.6428571428571429,1,1,0,0,1,10,-12,3,29,Win,28.988001999999998
2019-2020,2020-01-21 00:00:00,Newcastle,24,away,Everton,2,2,0,8,2,0.25,0.25,17,8,0.47058823529411764,0.11764705882352941,10,13,0.7692307692307693,1,1,0,0,4,6,-12,1,30,Draw,29.988001999999998
2019-2020,2020-02-01 00:00:00,Newcastle,25,home,Norwich,0,0,0,15,5,0.3333333333333333,0.0,19,4,0.21052631578947367,0.0,10,15,0.6666666666666666,2,1,0,0,8,12,-12,1,31,Draw,30.988005
2019-2020,2020-02-16 00:00:00,Newcastle,26,away,Arsenal,0,4,-4,10,2,0.2,0.0,15,7,0.4666666666666667,0.26666666666666666,9,15,0.6,0,2,0,0,6,5,-16,0,31,Loss,30.984002
2019-2020,2020-02-22 00:00:00,Newcastle,27,away,Crystal Palace,0,1,-1,8,2,0.25,0.0,18,9,0.5,0.05555555555555555,11,15,0.7333333333333333,6,2,1,0,5,7,-17,0,31,Loss,30.983002
2019-2020,2020-02-29 00:00:00,Newcastle,28,home,Burnley,0,0,0,21,4,0.19047619047619047,0.0,8,1,0.125,0.0,11,9,1.2222222222222223,4,3,0,0,11,7,-17,1,32,Draw,31.983004
2019-2020,2020-03-07 00:00:00,Newcastle,29,away,Southampton,1,0,1,14,7,0.5,0.07142857142857142,6,3,0.5,0.0,15,14,1.0714285714285714,3,0,0,1,8,5,-16,3,35,Win,34.984007
2019-2020,2020-06-21 00:00:00,Newcastle,30,home,Sheffield United,3,0,3,12,8,0.6666666666666666,0.25,7,1,0.14285714285714285,0.0,9,10,0.9,2,0,0,1,2,4,-13,3,38,Win,37.987008
2019-2020,2020-06-24 00:00:00,Newcastle,31,home,Aston Villa,1,1,0,13,3,0.23076923076923078,0.07692307692307693,14,2,0.14285714285714285,0.07142857142857142,15,13,1.1538461538461537,2,2,0,0,6,9,-13,1,39,Draw,38.987003
2019-2020,2020-07-01 00:00:00,Newcastle,32,away,Bournemouth,4,1,3,12,7,0.5833333333333334,0.3333333333333333,12,1,0.08333333333333333,0.08333333333333333,10,11,0.9090909090909091,0,2,0,0,3,6,-10,3,42,Win,41.990007
2019-2020,2020-07-05 00:00:00,Newcastle,33,home,West Ham,2,2,0,11,4,0.36363636363636365,0.18181818181818182,17,7,0.4117647058823529,0.11764705882352941,9,11,0.8181818181818182,0,0,0,0,6,4,-10,1,43,Draw,42.990004
2019-2020,2020-07-08 00:00:00,Newcastle,34,away,Man City,0,5,-5,6,1,0.16666666666666666,0.0,23,9,0.391304347826087,0.21739130434782608,7,12,0.5833333333333334,0,0,0,0,1,8,-15,0,43,Loss,42.985001
2019-2020,2020-07-11 00:00:00,Newcastle,35,away,Watford,1,2,-1,8,4,0.5,0.125,17,5,0.29411764705882354,0.11764705882352941,15,23,0.6521739130434783,4,1,0,0,4,2,-16,0,43,Loss,42.984004
2019-2020,2020-07-15 00:00:00,Newcastle,36,home,Tottenham,1,3,-2,22,6,0.2727272727272727,0.045454545454545456,8,5,0.625,0.375,6,13,0.46153846153846156,2,3,0,0,5,4,-18,0,43,Loss,42.982006
2019-2020,2020-07-20 00:00:00,Newcastle,37,away,Brighton,0,0,0,12,1,0.08333333333333333,0.0,11,3,0.2727272727272727,0.0,12,13,0.9230769230769231,2,4,0,0,7,9,-18,1,44,Draw,43.982001
2019-2020,2020-07-26 00:00:00,Newcastle,38,home,Liverpool,1,3,-2,3,2,0.6666666666666666,0.3333333333333333,14,6,0.42857142857142855,0.21428571428571427,11,5,2.2,1,0,0,0,2,4,-20,0,44,Loss,43.980002
2019-2020,2019-08-09 00:00:00,Norwich,1,away,Liverpool,1,4,-3,12,5,0.4166666666666667,0.08333333333333333,15,7,0.4666666666666667,0.26666666666666666,9,9,1.0,2,0,0,0,2,11,-3,0,0,Loss,-0.0029950000000000003
2019-2020,2019-08-17 00:00:00,Norwich,2,home,Newcastle,3,1,2,15,8,0.5333333333333333,0.2,10,3,0.3,0.1,9,11,0.8181818181818182,1,3,0,0,7,5,-1,3,3,Win,2.999008
2019-2020,2019-08-24 00:00:00,Norwich,3,home,Chelsea,2,3,-1,6,5,0.8333333333333334,0.3333333333333333,23,8,0.34782608695652173,0.13043478260869565,9,9,1.0,1,1,0,0,1,8,-2,0,3,Loss,2.998005
2019-2020,2019-08-31 00:00:00,Norwich,4,away,West Ham,0,2,-2,8,3,0.375,0.0,18,8,0.4444444444444444,0.1111111111111111,10,16,0.625,1,2,0,0,2,8,-4,0,3,Loss,2.996003
2019-2020,2019-09-14 00:00:00,Norwich,5,home,Man City,3,2,1,7,3,0.42857142857142855,0.42857142857142855,25,8,0.32,0.08,8,7,1.1428571428571428,3,1,0,0,3,16,-3,3,6,Win,5.997003
2019-2020,2019-09-21 00:00:00,Norwich,6,away,Burnley,0,2,-2,11,2,0.18181818181818182,0.0,13,6,0.46153846153846156,0.15384615384615385,10,11,0.9090909090909091,1,0,0,0,3,7,-5,0,6,Loss,5.995002
2019-2020,2019-09-28 00:00:00,Norwich,7,away,Crystal Palace,0,2,-2,10,3,0.3,0.0,15,3,0.2,0.13333333333333333,10,14,0.7142857142857143,1,3,0,0,5,5,-7,0,6,Loss,5.993003000000001
2019-2020,2019-10-05 00:00:00,Norwich,8,home,Aston Villa,1,5,-4,21,5,0.23809523809523808,0.047619047619047616,22,12,0.5454545454545454,0.22727272727272727,14,17,0.8235294117647058,1,3,0,0,10,6,-11,0,6,Loss,5.989005
2019-2020,2019-10-19 00:00:00,Norwich,9,away,Bournemouth,0,0,0,10,1,0.1,0.0,11,2,0.18181818181818182,0.0,11,8,1.375,3,1,0,0,7,6,-11,1,7,Draw,6.989001
2019-2020,2019-10-27 00:00:00,Norwich,10,home,Man United,1,3,-2,10,3,0.3,0.1,21,11,0.5238095238095238,0.14285714285714285,13,10,1.3,2,2,0,0,1,10,-13,0,7,Loss,6.9870030000000005
2019-2020,2019-11-02 00:00:00,Norwich,11,away,Brighton,0,2,-2,7,0,0.0,0.0,21,5,0.23809523809523808,0.09523809523809523,8,11,0.7272727272727273,1,0,0,0,3,8,-15,0,7,Loss,6.985
2019-2020,2019-11-08 00:00:00,Norwich,12,home,Watford,0,2,-2,17,5,0.29411764705882354,0.0,12,2,0.16666666666666666,0.16666666666666666,7,13,0.5384615384615384,1,2,0,1,10,4,-17,0,7,Loss,6.9830049999999995
2019-2020,2019-11-23 00:00:00,Norwich,13,away,Everton,2,0,2,13,5,0.38461538461538464,0.15384615384615385,18,7,0.3888888888888889,0.0,11,12,0.9166666666666666,5,3,0,0,7,7,-15,3,10,Win,9.985005
2019-2020,2019-12-01 00:00:00,Norwich,14,home,Arsenal,2,2,0,15,8,0.5333333333333333,0.13333333333333333,16,7,0.4375,0.125,8,10,0.8,2,1,0,0,7,12,-15,1,11,Draw,10.985007999999999
2019-2020,2019-12-04 00:00:00,Norwich,15,away,Southampton,1,2,-1,10,3,0.3,0.1,14,5,0.35714285714285715,0.14285714285714285,7,12,0.5833333333333334,1,1,0,0,1,6,-16,0,11,Loss,10.984003
2019-2020,2019-12-08 00:00:00,Norwich,16,home,Sheffield United,1,2,-1,14,4,0.2857142857142857,0.07142857142857142,9,3,0.3333333333333333,0.2222222222222222,6,12,0.5,0,4,0,0,9,1,-17,0,11,Loss,10.983004000000001
2019-2020,2019-12-14 00:00:00,Norwich,17,away,Leicester,1,1,0,10,3,0.3,0.1,18,5,0.2777777777777778,0.05555555555555555,15,11,1.3636363636363635,4,0,0,0,4,12,-17,1,12,Draw,11.983003
2019-2020,2019-12-21 00:00:00,Norwich,18,home,Wolves,1,2,-1,13,7,0.5384615384615384,0.07692307692307693,14,4,0.2857142857142857,0.14285714285714285,7,14,0.5,2,4,0,0,3,11,-18,0,12,Loss,11.982007
2019-2020,2019-12-26 00:00:00,Norwich,19,away,Aston Villa,0,1,-1,16,6,0.375,0.0,11,2,0.18181818181818182,0.09090909090909091,12,15,0.8,3,2,0,0,8,5,-19,0,12,Loss,11.981006
2019-2020,2019-12-28 00:00:00,Norwich,20,home,Tottenham,2,2,0,5,2,0.4,0.4,15,7,0.4666666666666667,0.13333333333333333,12,10,1.2,3,3,0,0,4,6,-19,1,13,Draw,12.981002
2019-2020,2020-01-01 00:00:00,Norwich,21,home,Crystal Palace,1,1,0,15,4,0.26666666666666666,0.06666666666666667,12,3,0.25,0.08333333333333333,12,9,1.3333333333333333,5,0,0,0,2,5,-19,1,14,Draw,13.981004
2019-2020,2020-01-11 00:00:00,Norwich,22,away,Man United,0,4,-4,8,3,0.375,0.0,13,6,0.46153846153846156,0.3076923076923077,7,18,0.3888888888888889,0,0,0,0,2,4,-23,0,14,Loss,13.977003
2019-2020,2020-01-18 00:00:00,Norwich,23,home,Bournemouth,1,0,1,16,5,0.3125,0.0625,6,3,0.5,0.0,10,10,1.0,2,2,1,1,4,5,-22,3,17,Win,16.978005000000003
2019-2020,2020-01-22 00:00:00,Norwich,24,away,Tottenham,1,2,-1,12,2,0.16666666666666666,0.08333333333333333,14,3,0.21428571428571427,0.14285714285714285,7,12,0.5833333333333334,1,0,0,0,3,7,-23,0,17,Loss,16.977002
2019-2020,2020-02-01 00:00:00,Norwich,25,away,Newcastle,0,0,0,19,4,0.21052631578947367,0.0,15,5,0.3333333333333333,0.0,15,10,1.5,1,2,0,0,12,8,-23,1,18,Draw,17.977004
2019-2020,2020-02-15 00:00:00,Norwich,26,home,Liverpool,0,1,-1,5,1,0.2,0.0,17,6,0.35294117647058826,0.058823529411764705,5,11,0.45454545454545453,1,2,0,0,2,7,-24,0,18,Loss,17.976001
2019-2020,2020-02-23 00:00:00,Norwich,27,away,Wolves,0,3,-3,6,4,0.6666666666666666,0.0,19,6,0.3157894736842105,0.15789473684210525,6,11,0.5454545454545454,3,2,0,0,1,4,-27,0,18,Loss,17.973004
2019-2020,2020-02-28 00:00:00,Norwich,28,home,Leicester,1,0,1,11,6,0.5454545454545454,0.09090909090909091,19,4,0.21052631578947367,0.0,13,16,0.8125,1,2,0,0,6,7,-26,3,21,Win,20.974006
2019-2020,2020-03-07 00:00:00,Norwich,29,away,Sheffield United,0,1,-1,12,5,0.4166666666666667,0.0,10,4,0.4,0.1,8,12,0.6666666666666666,0,0,0,0,5,10,-27,0,21,Loss,20.973005
2019-2020,2020-06-19 00:00:00,Norwich,30,home,Southampton,0,3,-3,9,1,0.1111111111111111,0.0,22,9,0.4090909090909091,0.13636363636363635,9,15,0.6,1,1,0,0,9,7,-30,0,21,Loss,20.970001
2019-2020,2020-06-24 00:00:00,Norwich,31,home,Everton,0,1,-1,9,1,0.1111111111111111,0.0,12,5,0.4166666666666667,0.08333333333333333,8,13,0.6153846153846154,0,1,0,0,6,5,-31,0,21,Loss,20.969001000000002
2019-2020,2020-07-01 00:00:00,Norwich,32,away,Arsenal,0,4,-4,8,2,0.25,0.0,13,8,0.6153846153846154,0.3076923076923077,10,10,1.0,4,1,0,0,2,6,-35,0,21,Loss,20.965002
2019-2020,2020-07-04 00:00:00,Norwich,33,home,Brighton,0,1,-1,12,1,0.08333333333333333,0.0,8,2,0.25,0.125,11,13,0.8461538461538461,2,2,0,0,0,2,-36,0,21,Loss,20.964001
2019-2020,2020-07-07 00:00:00,Norwich,34,away,Watford,1,2,-1,12,3,0.25,0.08333333333333333,9,4,0.4444444444444444,0.2222222222222222,15,11,1.3636363636363635,4,2,0,0,3,4,-37,0,21,Loss,20.963003
2019-2020,2020-07-11 00:00:00,Norwich,35,home,West Ham,0,4,-4,11,2,0.18181818181818182,0.0,19,7,0.3684210526315789,0.21052631578947367,9,8,1.125,1,0,0,0,1,6,-41,0,21,Loss,20.959001999999998
2019-2020,2020-07-14 00:00:00,Norwich,36,away,Chelsea,0,1,-1,2,0,0.0,0.0,22,6,0.2727272727272727,0.045454545454545456,9,10,0.9,2,2,0,0,1,8,-42,0,21,Loss,20.958
2019-2020,2020-07-18 00:00:00,Norwich,37,home,Burnley,0,2,-2,6,2,0.3333333333333333,0.0,23,8,0.34782608695652173,0.08695652173913043,9,16,0.5625,0,0,2,0,6,8,-44,0,21,Loss,20.956001999999998
2019-2020,2020-07-26 00:00:00,Norwich,38,away,Man City,0,5,-5,5,4,0.8,0.0,31,10,0.3225806451612903,0.16129032258064516,4,7,0.5714285714285714,1,1,0,0,0,9,-49,0,21,Loss,20.951004
2019-2020,2019-08-10 00:00:00,Sheffield United,1,away,Bournemouth,1,1,0,8,3,0.375,0.125,13,3,0.23076923076923078,0.07692307692307693,19,10,1.9,1,2,0,0,4,3,0,1,1,Draw,1.000003
2019-2020,2019-08-18 00:00:00,Sheffield United,2,home,Crystal Palace,1,0,1,15,3,0.2,0.06666666666666667,6,4,0.6666666666666666,0.0,16,11,1.4545454545454546,3,1,0,0,8,4,1,3,4,Win,4.001003000000001
2019-2020,2019-08-24 00:00:00,Sheffield United,3,home,Leicester,1,2,-1,8,3,0.375,0.125,10,2,0.2,0.2,11,6,1.8333333333333333,1,0,0,0,7,4,0,0,4,Loss,4.000003
2019-2020,2019-08-31 00:00:00,Sheffield United,4,away,Chelsea,2,2,0,8,2,0.25,0.25,13,5,0.38461538461538464,0.15384615384615385,11,6,1.8333333333333333,1,0,0,0,4,3,0,1,5,Draw,5.000002
2019-2020,2019-09-14 00:00:00,Sheffield United,5,home,Southampton,0,1,-1,17,4,0.23529411764705882,0.0,11,7,0.6363636363636364,0.09090909090909091,10,7,1.4285714285714286,1,1,1,0,12,6,-1,0,5,Loss,4.999003999999999
2019-2020,2019-09-21 00:00:00,Sheffield United,6,away,Everton,2,0,2,2,1,0.5,1.0,16,3,0.1875,0.0,9,9,1.0,3,1,0,0,3,12,1,3,8,Win,8.001000999999999
2019-2020,2019-09-28 00:00:00,Sheffield United,7,home,Liverpool,0,1,-1,12,2,0.16666666666666666,0.0,16,4,0.25,0.0625,8,4,2.0,1,1,0,0,6,5,0,0,8,Loss,8.000002
2019-2020,2019-10-05 00:00:00,Sheffield United,8,away,Watford,0,0,0,9,3,0.3333333333333333,0.0,8,2,0.25,0.0,6,7,0.8571428571428571,2,0,0,0,7,7,0,1,9,Draw,9.000003
2019-2020,2019-10-21 00:00:00,Sheffield United,9,home,Arsenal,1,0,1,8,2,0.25,0.125,9,3,0.3333333333333333,0.0,10,12,0.8333333333333334,4,4,0,0,7,12,1,3,12,Win,12.001002
2019-2020,2019-10-26 00:00:00,Sheffield United,10,away,West Ham,1,1,0,10,4,0.4,0.1,12,4,0.3333333333333333,0.08333333333333333,10,7,1.4285714285714286,2,2,0,0,4,10,1,1,13,Draw,13.001004
2019-2020,2019-11-02 00:00:00,Sheffield United,11,home,Burnley,3,0,3,13,6,0.46153846153846156,0.23076923076923078,6,0,0.0,0.0,8,12,0.6666666666666666,1,2,0,0,7,6,4,3,16,Win,16.004006
2019-2020,2019-11-09 00:00:00,Sheffield United,12,away,Tottenham,1,1,0,14,4,0.2857142857142857,0.07142857142857142,17,5,0.29411764705882354,0.058823529411764705,9,6,1.5,2,2,0,0,4,4,4,1,17,Draw,17.004004000000002
2019-2020,2019-11-24 00:00:00,Sheffield United,13,home,Man United,3,3,0,12,8,0.6666666666666666,0.25,11,5,0.45454545454545453,0.2727272727272727,13,10,1.3,1,2,0,0,6,3,4,1,18,Draw,18.004008000000002
2019-2020,2019-12-01 00:00:00,Sheffield United,14,away,Wolves,1,1,0,9,4,0.4444444444444444,0.1111111111111111,13,3,0.23076923076923078,0.07692307692307693,18,12,1.5,4,1,0,0,2,7,4,1,19,Draw,19.004004000000002
2019-2020,2019-12-05 00:00:00,Sheffield United,15,home,Newcastle,0,2,-2,13,6,0.46153846153846156,0.0,6,4,0.6666666666666666,0.3333333333333333,10,6,1.6666666666666667,2,0,0,0,8,1,2,0,19,Loss,19.002005999999998
2019-2020,2019-12-08 00:00:00,Sheffield United,16,away,Norwich,2,1,1,9,3,0.3333333333333333,0.2222222222222222,14,4,0.2857142857142857,0.07142857142857142,12,6,2.0,4,0,0,0,1,9,3,3,22,Win,22.003003
2019-2020,2019-12-14 00:00:00,Sheffield United,17,home,Aston Villa,2,0,2,7,3,0.42857142857142855,0.2857142857142857,8,0,0.0,0.0,10,9,1.1111111111111112,2,2,0,0,3,2,5,3,25,Win,25.005003
2019-2020,2019-12-21 00:00:00,Sheffield United,18,away,Brighton,1,0,1,7,2,0.2857142857142857,0.14285714285714285,9,2,0.2222222222222222,0.0,11,6,1.8333333333333333,3,1,0,0,3,4,6,3,28,Win,28.006002
2019-2020,2019-12-26 00:00:00,Sheffield United,19,home,Watford,1,1,0,16,4,0.25,0.0625,5,2,0.4,0.2,11,8,1.375,1,3,0,0,9,1,6,1,29,Draw,29.006004
2019-2020,2019-12-29 00:00:00,Sheffield United,20,away,Man City,0,2,-2,8,0,0.0,0.0,16,4,0.25,0.125,6,5,1.2,1,1,0,0,5,8,4,0,29,Loss,29.004
2019-2020,2020-01-02 00:00:00,Sheffield United,21,away,Liverpool,0,2,-2,3,2,0.6666666666666666,0.0,19,7,0.3684210526315789,0.10526315789473684,8,5,1.6,0,0,0,0,4,8,2,0,29,Loss,29.002001999999997
2019-2020,2020-01-10 00:00:00,Sheffield United,22,home,West Ham,1,0,1,13,3,0.23076923076923078,0.07692307692307693,7,2,0.2857142857142857,0.0,11,6,1.8333333333333333,1,0,0,0,7,3,3,3,32,Win,32.003003
2019-2020,2020-01-18 00:00:00,Sheffield United,23,away,Arsenal,1,1,0,12,4,0.3333333333333333,0.08333333333333333,11,4,0.36363636363636365,0.09090909090909091,13,9,1.4444444444444444,2,1,0,0,5,4,3,1,33,Draw,33.003004
2019-2020,2020-01-21 00:00:00,Sheffield United,24,home,Man City,0,1,-1,4,1,0.25,0.0,18,5,0.2777777777777778,0.05555555555555555,13,13,1.0,4,3,0,0,5,13,2,0,33,Loss,33.002001
2019-2020,2020-02-01 00:00:00,Sheffield United,25,away,Crystal Palace,1,0,1,10,3,0.3,0.1,13,3,0.23076923076923078,0.0,15,9,1.6666666666666667,2,3,0,0,5,9,3,3,36,Win,36.003003
2019-2020,2020-02-09 00:00:00,Sheffield United,26,home,Bournemouth,2,1,1,16,6,0.375,0.125,10,2,0.2,0.1,10,8,1.25,2,2,0,0,8,4,4,3,39,Win,39.004006
2019-2020,2020-02-22 00:00:00,Sheffield United,27,home,Brighton,1,1,0,14,3,0.21428571428571427,0.07142857142857142,8,2,0.25,0.125,3,6,0.5,0,2,0,0,12,2,4,1,40,Draw,40.004003
2019-2020,2020-03-07 00:00:00,Sheffield United,28,home,Norwich,1,0,1,10,4,0.4,0.1,12,5,0.4166666666666667,0.0,12,8,1.5,0,0,0,0,10,5,5,3,43,Win,43.005004
2019-2020,2020-06-17 00:00:00,Sheffield United,29,away,Aston Villa,0,0,0,5,1,0.2,0.0,14,6,0.42857142857142855,0.0,14,11,1.2727272727272727,1,1,0,0,4,12,5,1,44,Draw,44.005001
2019-2020,2020-06-21 00:00:00,Sheffield United,30,away,Newcastle,0,3,-3,7,1,0.14285714285714285,0.0,12,8,0.6666666666666666,0.25,10,9,1.1111111111111112,0,2,1,0,4,2,2,0,44,Loss,44.002001
2019-2020,2020-06-24 00:00:00,Sheffield United,31,away,Man United,0,3,-3,4,1,0.25,0.0,15,6,0.4,0.2,6,10,0.6,0,1,0,0,5,10,-1,0,44,Loss,43.999001
2019-2020,2020-07-02 00:00:00,Sheffield United,32,home,Tottenham,3,1,2,7,5,0.7142857142857143,0.42857142857142855,9,2,0.2222222222222222,0.1111111111111111,13,13,1.0,2,0,0,0,1,6,1,3,47,Win,47.001005
2019-2020,2020-07-05 00:00:00,Sheffield United,33,away,Burnley,1,1,0,10,3,0.3,0.1,9,4,0.4444444444444444,0.1111111111111111,14,8,1.75,0,0,0,0,9,3,1,1,48,Draw,48.001003
2019-2020,2020-07-08 00:00:00,Sheffield United,34,home,Wolves,1,0,1,7,3,0.42857142857142855,0.14285714285714285,6,1,0.16666666666666666,0.0,5,6,0.8333333333333334,2,0,0,0,6,1,2,3,51,Win,51.002003
2019-2020,2020-07-11 00:00:00,Sheffield United,35,home,Chelsea,3,0,3,9,4,0.4444444444444444,0.3333333333333333,15,4,0.26666666666666666,0.0,8,6,1.3333333333333333,1,0,0,0,4,6,5,3,54,Win,54.005004
2019-2020,2020-07-16 00:00:00,Sheffield United,36,away,Leicester,0,2,-2,5,1,0.2,0.0,15,7,0.4666666666666667,0.13333333333333333,10,12,0.8333333333333334,2,1,0,0,5,9,3,0,54,Loss,54.003001
2019-2020,2020-07-20 00:00:00,Sheffield United,37,home,Everton,0,1,-1,8,0,0.0,0.0,5,2,0.4,0.2,11,19,0.5789473684210527,1,3,0,0,7,1,2,0,54,Loss,54.002
2019-2020,2020-07-26 00:00:00,Sheffield United,38,away,Southampton,1,3,-2,5,3,0.6,0.2,13,4,0.3076923076923077,0.23076923076923078,16,9,1.7777777777777777,1,0,0,0,1,9,0,0,54,Loss,54.000003
2019-2020,2019-08-10 00:00:00,Southampton,1,away,Burnley,0,3,-3,11,3,0.2727272727272727,0.0,10,4,0.4,0.3,12,6,2.0,0,0,0,0,7,2,-3,0,0,Loss,-0.002997
2019-2020,2019-08-17 00:00:00,Southampton,2,home,Liverpool,1,2,-1,14,3,0.21428571428571427,0.07142857142857142,15,6,0.4,0.13333333333333333,10,6,1.6666666666666667,2,1,0,0,5,9,-4,0,0,Loss,-0.003997
2019-2020,2019-08-24 00:00:00,Southampton,3,away,Brighton,2,0,2,12,4,0.3333333333333333,0.16666666666666666,12,3,0.25,0.0,10,9,1.1111111111111112,3,1,0,1,5,8,-2,3,3,Win,2.9980040000000003
2019-2020,2019-08-31 00:00:00,Southampton,4,home,Man United,1,1,0,10,2,0.2,0.1,21,8,0.38095238095238093,0.047619047619047616,17,7,2.4285714285714284,1,2,1,0,2,3,-2,1,4,Draw,3.998002
2019-2020,2019-09-14 00:00:00,Southampton,5,away,Sheffield United,1,0,1,11,7,0.6363636363636364,0.09090909090909091,17,4,0.23529411764705882,0.0,7,10,0.7,1,1,0,1,6,12,-1,3,7,Win,6.999007
2019-2020,2019-09-20 00:00:00,Southampton,6,home,Bournemouth,1,3,-2,25,6,0.24,0.04,6,3,0.5,0.5,8,9,0.8888888888888888,1,3,0,0,4,5,-3,0,7,Loss,6.997006
2019-2020,2019-09-28 00:00:00,Southampton,7,away,Tottenham,1,2,-1,14,6,0.42857142857142855,0.07142857142857142,9,4,0.4444444444444444,0.2222222222222222,16,5,3.2,2,0,0,1,6,6,-4,0,7,Loss,6.996006
2019-2020,2019-10-06 00:00:00,Southampton,8,home,Chelsea,1,4,-3,10,3,0.3,0.1,13,7,0.5384615384615384,0.3076923076923077,8,15,0.5333333333333333,0,1,0,0,3,4,-7,0,7,Loss,6.993003000000001
2019-2020,2019-10-19 00:00:00,Southampton,9,away,Wolves,1,1,0,14,5,0.35714285714285715,0.07142857142857142,4,1,0.25,0.25,17,10,1.7,2,3,0,0,3,1,-7,1,8,Draw,7.993005
2019-2020,2019-10-25 00:00:00,Southampton,10,home,Leicester,0,9,-9,6,3,0.5,0.0,25,15,0.6,0.36,3,12,0.25,0,0,1,0,2,7,-16,0,8,Loss,7.984003
2019-2020,2019-11-02 00:00:00,Southampton,11,away,Man City,1,2,-1,3,3,1.0,0.3333333333333333,26,4,0.15384615384615385,0.07692307692307693,10,11,0.9090909090909091,1,3,0,0,0,17,-17,0,8,Loss,7.983003
2019-2020,2019-11-09 00:00:00,Southampton,12,home,Everton,1,2,-1,4,3,0.75,0.25,24,5,0.20833333333333334,0.08333333333333333,12,12,1.0,1,1,0,0,5,9,-18,0,8,Loss,7.982003000000001
2019-2020,2019-11-23 00:00:00,Southampton,13,away,Arsenal,2,2,0,21,6,0.2857142857142857,0.09523809523809523,12,5,0.4166666666666667,0.16666666666666666,19,13,1.4615384615384615,2,6,0,0,8,6,-18,1,9,Draw,8.982006
2019-2020,2019-11-30 00:00:00,Southampton,14,home,Watford,2,1,1,11,6,0.5454545454545454,0.18181818181818182,6,3,0.5,0.16666666666666666,6,10,0.6,1,0,0,0,6,7,-17,3,12,Win,11.983006000000001
2019-2020,2019-12-04 00:00:00,Southampton,15,home,Norwich,2,1,1,14,5,0.35714285714285715,0.14285714285714285,10,3,0.3,0.1,12,7,1.7142857142857142,1,1,0,0,6,1,-16,3,15,Win,14.984005
2019-2020,2019-12-08 00:00:00,Southampton,16,away,Newcastle,1,2,-1,19,4,0.21052631578947367,0.05263157894736842,12,6,0.5,0.16666666666666666,17,11,1.5454545454545454,3,1,0,0,12,3,-17,0,15,Loss,14.983004000000001
2019-2020,2019-12-14 00:00:00,Southampton,17,home,West Ham,0,1,-1,11,2,0.18181818181818182,0.0,11,4,0.36363636363636365,0.09090909090909091,9,14,0.6428571428571429,1,3,0,0,5,8,-18,0,15,Loss,14.982002
2019-2020,2019-12-21 00:00:00,Southampton,18,away,Aston Villa,3,1,2,17,8,0.47058823529411764,0.17647058823529413,19,6,0.3157894736842105,0.05263157894736842,15,16,0.9375,1,2,0,0,5,7,-16,3,18,Win,17.984008000000003
2019-2020,2019-12-26 00:00:00,Southampton,19,away,Chelsea,2,0,2,5,3,0.6,0.4,10,3,0.3,0.0,9,10,0.9,2,3,0,0,1,8,-14,3,21,Win,20.986003
2019-2020,2019-12-28 00:00:00,Southampton,20,home,Crystal Palace,1,1,0,14,5,0.35714285714285715,0.07142857142857142,5,2,0.4,0.2,13,7,1.8571428571428572,1,2,0,0,12,4,-14,1,22,Draw,21.986005000000002
2019-2020,2020-01-01 00:00:00,Southampton,21,home,Tottenham,1,0,1,12,3,0.25,0.08333333333333333,11,5,0.45454545454545453,0.0,21,8,2.625,3,4,0,0,6,9,-13,3,25,Win,24.987002999999998
2019-2020,2020-01-11 00:00:00,Southampton,22,away,Leicester,2,1,1,16,10,0.625,0.125,5,5,1.0,0.2,17,9,1.8888888888888888,3,0,0,0,4,2,-12,3,28,Win,27.98801
2019-2020,2020-01-18 00:00:00,Southampton,23,home,Wolves,2,3,-1,11,5,0.45454545454545453,0.18181818181818182,8,4,0.5,0.375,13,12,1.0833333333333333,2,1,0,0,1,3,-13,0,28,Loss,27.987005
2019-2020,2020-01-21 00:00:00,Southampton,24,away,Crystal Palace,2,0,2,15,6,0.4,0.13333333333333333,6,0,0.0,0.0,13,12,1.0833333333333333,2,1,0,0,8,0,-11,3,31,Win,30.989006
2019-2020,2020-02-01 00:00:00,Southampton,25,away,Liverpool,0,4,-4,17,4,0.23529411764705882,0.0,16,9,0.5625,0.25,15,9,1.6666666666666667,2,0,0,0,11,6,-15,0,31,Loss,30.985004
2019-2020,2020-02-15 00:00:00,Southampton,26,home,Burnley,1,2,-1,10,2,0.2,0.1,9,6,0.6666666666666666,0.2222222222222222,8,11,0.7272727272727273,2,2,0,0,4,3,-16,0,31,Loss,30.984002
2019-2020,2020-02-22 00:00:00,Southampton,27,home,Aston Villa,2,0,2,28,9,0.32142857142857145,0.07142857142857142,4,1,0.25,0.0,13,17,0.7647058823529411,1,4,0,0,9,6,-14,3,34,Win,33.986008999999996
2019-2020,2020-02-29 00:00:00,Southampton,28,away,West Ham,1,3,-2,10,2,0.2,0.1,14,7,0.5,0.21428571428571427,11,8,1.375,1,1,0,0,9,4,-16,0,34,Loss,33.984002000000004
2019-2020,2020-03-07 00:00:00,Southampton,29,home,Newcastle,0,1,-1,6,3,0.5,0.0,14,7,0.5,0.07142857142857142,14,15,0.9333333333333333,0,3,1,0,5,8,-17,0,34,Loss,33.983003
2019-2020,2020-06-19 00:00:00,Southampton,30,away,Norwich,3,0,3,22,9,0.4090909090909091,0.13636363636363635,9,1,0.1111111111111111,0.0,15,9,1.6666666666666667,1,1,0,0,7,9,-14,3,37,Win,36.986008999999996
2019-2020,2020-06-25 00:00:00,Southampton,31,home,Arsenal,0,2,-2,12,3,0.25,0.0,10,5,0.5,0.2,10,14,0.7142857142857143,0,2,1,0,4,6,-16,0,37,Loss,36.984003
2019-2020,2020-06-28 00:00:00,Southampton,32,away,Watford,3,1,2,11,7,0.6363636363636364,0.2727272727272727,8,0,0.0,0.125,9,18,0.5,0,3,0,0,3,5,-14,3,40,Win,39.986006999999994
2019-2020,2020-07-05 00:00:00,Southampton,33,home,Man City,1,0,1,8,4,0.5,0.125,26,6,0.23076923076923078,0.0,6,7,0.8571428571428571,1,2,0,0,2,13,-13,3,43,Win,42.987004
2019-2020,2020-07-09 00:00:00,Southampton,34,away,Everton,1,1,0,17,4,0.23529411764705882,0.058823529411764705,11,4,0.36363636363636365,0.09090909090909091,14,13,1.0769230769230769,3,3,0,0,5,3,-13,1,44,Draw,43.987004
2019-2020,2020-07-13 00:00:00,Southampton,35,away,Man United,2,2,0,9,5,0.5555555555555556,0.2222222222222222,8,4,0.5,0.25,15,14,1.0714285714285714,3,1,0,0,6,4,-13,1,45,Draw,44.987005
2019-2020,2020-07-16 00:00:00,Southampton,36,home,Brighton,1,1,0,21,6,0.2857142857142857,0.047619047619047616,10,2,0.2,0.1,6,10,0.6,1,0,0,0,8,2,-13,1,46,Draw,45.987006
2019-2020,2020-07-19 00:00:00,Southampton,37,away,Bournemouth,2,0,2,16,8,0.5,0.125,11,3,0.2727272727272727,0.0,11,12,0.9166666666666666,2,2,0,0,6,12,-11,3,49,Win,48.989008
2019-2020,2020-07-26 00:00:00,Southampton,38,home,Sheffield United,3,1,2,13,4,0.3076923076923077,0.23076923076923078,5,3,0.6,0.2,9,16,0.5625,0,1,0,0,9,1,-9,3,52,Win,51.991004
2019-2020,2019-08-10 00:00:00,Tottenham,1,home,Aston Villa,3,1,2,31,7,0.22580645161290322,0.0967741935483871,7,4,0.5714285714285714,0.14285714285714285,13,9,1.4444444444444444,1,0,0,0,14,0,2,3,3,Win,3.002007
2019-2020,2019-08-17 00:00:00,Tottenham,2,away,Man City,2,2,0,3,2,0.6666666666666666,0.6666666666666666,30,10,0.3333333333333333,0.06666666666666667,4,14,0.2857142857142857,0,1,0,0,2,13,2,1,4,Draw,4.002002
2019-2020,2019-08-25 00:00:00,Tottenham,3,home,Newcastle,0,1,-1,17,2,0.11764705882352941,0.0,8,3,0.375,0.125,10,5,2.0,2,2,0,0,6,6,1,0,4,Loss,4.001002000000001
2019-2020,2019-09-01 00:00:00,Tottenham,4,away,Arsenal,2,2,0,13,9,0.6923076923076923,0.15384615384615385,26,8,0.3076923076923077,0.07692307692307693,19,13,1.4615384615384615,5,3,0,0,6,11,1,1,5,Draw,5.001009000000001
2019-2020,2019-09-14 00:00:00,Tottenham,5,home,Crystal Palace,4,0,4,13,5,0.38461538461538464,0.3076923076923077,11,6,0.5454545454545454,0.0,19,11,1.7272727272727273,4,2,0,0,4,3,5,3,8,Win,8.005005
2019-2020,2019-09-21 00:00:00,Tottenham,6,away,Leicester,1,2,-1,11,4,0.36363636363636365,0.09090909090909091,16,7,0.4375,0.125,13,16,0.8125,2,1,0,0,2,8,4,0,8,Loss,8.004004
2019-2020,2019-09-28 00:00:00,Tottenham,7,home,Southampton,2,1,1,9,4,0.4444444444444444,0.2222222222222222,14,6,0.42857142857142855,0.07142857142857142,5,16,0.3125,0,2,1,0,6,6,5,3,11,Win,11.005004000000001
2019-2020,2019-10-05 00:00:00,Tottenham,8,away,Brighton,0,3,-3,8,3,0.375,0.0,17,6,0.35294117647058826,0.17647058823529413,7,11,0.6363636363636364,1,2,0,0,4,4,2,0,11,Loss,11.002003
2019-2020,2019-10-19 00:00:00,Tottenham,9,home,Watford,1,1,0,12,2,0.16666666666666666,0.08333333333333333,7,2,0.2857142857142857,0.14285714285714285,5,9,0.5555555555555556,4,3,0,0,11,2,2,1,12,Draw,12.002002000000001
2019-2020,2019-10-27 00:00:00,Tottenham,10,away,Liverpool,1,2,-1,11,4,0.36363636363636365,0.09090909090909091,21,13,0.6190476190476191,0.09523809523809523,11,9,1.2222222222222223,3,3,0,0,3,8,1,0,12,Loss,12.001004
2019-2020,2019-11-03 00:00:00,Tottenham,11,away,Everton,1,1,0,4,2,0.5,0.25,7,3,0.42857142857142855,0.14285714285714285,8,9,0.8888888888888888,2,1,1,0,2,5,1,1,13,Draw,13.001002
2019-2020,2019-11-09 00:00:00,Tottenham,12,home,Sheffield United,1,1,0,17,5,0.29411764705882354,0.058823529411764705,14,4,0.2857142857142857,0.07142857142857142,6,9,0.6666666666666666,2,2,0,0,4,4,1,1,14,Draw,14.001005
2019-2020,2019-11-23 00:00:00,Tottenham,13,away,West Ham,3,2,1,15,6,0.4,0.2,11,4,0.36363636363636365,0.18181818181818182,14,12,1.1666666666666667,2,3,0,0,7,3,2,3,17,Win,17.002005999999998
2019-2020,2019-11-30 00:00:00,Tottenham,14,home,Bournemouth,3,2,1,15,5,0.3333333333333333,0.2,20,6,0.3,0.1,10,12,0.8333333333333334,0,2,0,0,4,8,3,3,20,Win,20.003005
2019-2020,2019-12-04 00:00:00,Tottenham,15,away,Man United,1,2,-1,8,5,0.625,0.125,12,7,0.5833333333333334,0.16666666666666666,9,9,1.0,1,0,0,0,3,4,2,0,20,Loss,20.002005
2019-2020,2019-12-07 00:00:00,Tottenham,16,home,Burnley,5,0,5,13,7,0.5384615384615384,0.38461538461538464,7,1,0.14285714285714285,0.0,12,8,1.5,1,1,0,0,1,1,7,3,23,Win,23.007007
2019-2020,2019-12-15 00:00:00,Tottenham,17,away,Wolves,2,1,1,9,5,0.5555555555555556,0.2222222222222222,18,5,0.2777777777777778,0.05555555555555555,10,14,0.7142857142857143,4,4,0,0,2,11,8,3,26,Win,26.008005
2019-2020,2019-12-22 00:00:00,Tottenham,18,home,Chelsea,0,2,-2,5,1,0.2,0.0,13,3,0.23076923076923078,0.15384615384615385,9,11,0.8181818181818182,4,3,1,0,3,5,6,0,26,Loss,26.006001
2019-2020,2019-12-26 00:00:00,Tottenham,19,home,Brighton,2,1,1,11,5,0.45454545454545453,0.18181818181818182,11,5,0.45454545454545453,0.09090909090909091,10,9,1.1111111111111112,4,2,0,0,9,2,7,3,29,Win,29.007005000000003
2019-2020,2019-12-28 00:00:00,Tottenham,20,away,Norwich,2,2,0,15,7,0.4666666666666667,0.13333333333333333,5,2,0.4,0.4,10,12,0.8333333333333334,3,3,0,0,6,4,7,1,30,Draw,30.007007
2019-2020,2020-01-01 00:00:00,Tottenham,21,away,Southampton,0,1,-1,11,5,0.45454545454545453,0.0,12,3,0.25,0.08333333333333333,8,21,0.38095238095238093,4,3,0,0,9,6,6,0,30,Loss,30.006005000000002
2019-2020,2020-01-11 00:00:00,Tottenham,22,home,Liverpool,0,1,-1,14,4,0.2857142857142857,0.0,13,7,0.5384615384615384,0.07692307692307693,4,8,0.5,0,2,0,0,4,3,5,0,30,Loss,30.005004
2019-2020,2020-01-18 00:00:00,Tottenham,23,away,Watford,0,0,0,17,5,0.29411764705882354,0.0,15,2,0.13333333333333333,0.0,13,13,1.0,3,2,0,0,3,3,5,1,31,Draw,31.005005
2019-2020,2020-01-22 00:00:00,Tottenham,24,home,Norwich,2,1,1,14,3,0.21428571428571427,0.14285714285714285,12,2,0.16666666666666666,0.08333333333333333,12,7,1.7142857142857142,0,1,0,0,7,3,6,3,34,Win,34.006003
2019-2020,2020-02-02 00:00:00,Tottenham,25,home,Man City,2,0,2,3,3,1.0,0.6666666666666666,18,5,0.2777777777777778,0.0,8,14,0.5714285714285714,2,3,0,1,2,6,8,3,37,Win,37.008003
2019-2020,2020-02-16 00:00:00,Tottenham,26,away,Aston Villa,3,2,1,23,10,0.43478260869565216,0.13043478260869565,18,4,0.2222222222222222,0.1111111111111111,10,12,0.8333333333333334,0,2,0,0,7,12,9,3,40,Win,40.00901
2019-2020,2020-02-22 00:00:00,Tottenham,27,away,Chelsea,1,2,-1,5,3,0.6,0.2,17,7,0.4117647058823529,0.11764705882352941,14,14,1.0,2,1,0,0,5,3,8,0,40,Loss,40.008003
2019-2020,2020-03-01 00:00:00,Tottenham,28,home,Wolves,2,3,-1,13,5,0.38461538461538464,0.15384615384615385,14,4,0.2857142857142857,0.21428571428571427,12,14,0.8571428571428571,3,2,0,0,4,5,7,0,40,Loss,40.007005
2019-2020,2020-03-07 00:00:00,Tottenham,29,away,Burnley,1,1,0,13,2,0.15384615384615385,0.07692307692307693,21,8,0.38095238095238093,0.047619047619047616,11,16,0.6875,4,5,0,0,5,3,7,1,41,Draw,41.007002
2019-2020,2020-06-19 00:00:00,Tottenham,30,home,Man United,1,1,0,10,3,0.3,0.1,12,6,0.5,0.08333333333333333,17,18,0.9444444444444444,0,1,0,0,7,6,7,1,42,Draw,42.007003
2019-2020,2020-06-23 00:00:00,Tottenham,31,home,West Ham,2,0,2,15,4,0.26666666666666666,0.13333333333333333,10,2,0.2,0.0,12,7,1.7142857142857142,2,2,0,0,9,4,9,3,45,Win,45.009004
2019-2020,2020-07-02 00:00:00,Tottenham,32,away,Sheffield United,1,3,-2,9,2,0.2222222222222222,0.1111111111111111,7,5,0.7142857142857143,0.42857142857142855,13,13,1.0,0,2,0,0,6,1,7,0,45,Loss,45.007002
2019-2020,2020-07-06 00:00:00,Tottenham,33,home,Everton,1,0,1,12,2,0.16666666666666666,0.08333333333333333,11,3,0.2727272727272727,0.0,14,18,0.7777777777777778,3,2,0,0,5,6,8,3,48,Win,48.008002000000005
2019-2020,2020-07-09 00:00:00,Tottenham,34,away,Bournemouth,0,0,0,9,0,0.0,0.0,9,2,0.2222222222222222,0.0,14,11,1.2727272727272727,2,3,0,0,12,8,8,1,49,Draw,49.008
2019-2020,2020-07-12 00:00:00,Tottenham,35,home,Arsenal,2,1,1,15,9,0.6,0.13333333333333333,13,4,0.3076923076923077,0.07692307692307693,16,11,1.4545454545454546,5,3,0,0,6,5,9,3,52,Win,52.009009
2019-2020,2020-07-15 00:00:00,Tottenham,36,away,Newcastle,3,1,2,8,5,0.625,0.375,22,6,0.2727272727272727,0.045454545454545456,13,6,2.1666666666666665,3,2,0,0,4,5,11,3,55,Win,55.011005000000004
2019-2020,2020-07-19 00:00:00,Tottenham,37,home,Leicester,3,0,3,7,3,0.42857142857142855,0.42857142857142855,24,6,0.25,0.0,15,10,1.5,2,1,0,0,4,13,14,3,58,Win,58.014003
2019-2020,2020-07-26 00:00:00,Tottenham,38,away,Crystal Palace,1,1,0,7,2,0.2857142857142857,0.14285714285714285,13,2,0.15384615384615385,0.07692307692307693,13,11,1.1818181818181819,2,3,0,0,2,7,14,1,59,Draw,59.014002000000005
2019-2020,2019-08-10 00:00:00,Watford,1,home,Brighton,0,3,-3,11,3,0.2727272727272727,0.0,5,3,0.6,0.6,15,11,1.3636363636363635,0,1,0,0,5,2,-3,0,0,Loss,-0.002997
2019-2020,2019-08-17 00:00:00,Watford,2,away,Everton,0,1,-1,8,2,0.25,0.0,12,2,0.16666666666666666,0.08333333333333333,11,11,1.0,3,2,0,0,7,4,-4,0,0,Loss,-0.003998
2019-2020,2019-08-24 00:00:00,Watford,3,home,West Ham,1,3,-2,23,3,0.13043478260869565,0.043478260869565216,16,10,0.625,0.1875,12,11,1.0909090909090908,1,1,0,0,8,7,-6,0,0,Loss,-0.005997
2019-2020,2019-08-31 00:00:00,Watford,4,away,Newcastle,1,1,0,13,3,0.23076923076923078,0.07692307692307693,13,5,0.38461538461538464,0.07692307692307693,11,5,2.2,3,2,0,0,5,6,-6,1,1,Draw,0.994003
2019-2020,2019-09-15 00:00:00,Watford,5,home,Arsenal,2,2,0,31,7,0.22580645161290322,0.06451612903225806,10,4,0.4,0.2,14,4,3.5,3,3,0,0,7,1,-6,1,2,Draw,1.994007
2019-2020,2019-09-21 00:00:00,Watford,6,away,Man City,0,8,-8,5,4,0.8,0.0,28,11,0.39285714285714285,0.2857142857142857,9,5,1.8,2,2,0,0,4,5,-14,0,2,Loss,1.9860039999999999
2019-2020,2019-09-28 00:00:00,Watford,7,away,Wolves,0,2,-2,14,5,0.35714285714285715,0.0,6,2,0.3333333333333333,0.3333333333333333,6,5,1.2,1,0,0,0,6,1,-16,0,2,Loss,1.984005
2019-2020,2019-10-05 00:00:00,Watford,8,home,Sheffield United,0,0,0,8,2,0.25,0.0,9,3,0.3333333333333333,0.0,7,6,1.1666666666666667,0,2,0,0,7,7,-16,1,3,Draw,2.984002
2019-2020,2019-10-19 00:00:00,Watford,9,away,Tottenham,1,1,0,7,2,0.2857142857142857,0.14285714285714285,12,2,0.16666666666666666,0.08333333333333333,9,5,1.8,3,4,0,0,2,11,-16,1,4,Draw,3.984002
2019-2020,2019-10-26 00:00:00,Watford,10,home,Bournemouth,0,0,0,7,3,0.42857142857142855,0.0,15,5,0.3333333333333333,0.0,14,8,1.75,5,3,0,0,5,10,-16,1,5,Draw,4.984003
2019-2020,2019-11-02 00:00:00,Watford,11,home,Chelsea,1,2,-1,12,3,0.25,0.08333333333333333,16,10,0.625,0.125,8,5,1.6,4,2,0,0,1,6,-17,0,5,Loss,4.983003
2019-2020,2019-11-08 00:00:00,Watford,12,away,Norwich,2,0,2,12,2,0.16666666666666666,0.16666666666666666,17,5,0.29411764705882354,0.0,13,7,1.8571428571428572,2,1,1,0,4,10,-15,3,8,Win,7.985002000000001
2019-2020,2019-11-23 00:00:00,Watford,13,home,Burnley,0,3,-3,15,4,0.26666666666666666,0.0,11,5,0.45454545454545453,0.2727272727272727,14,13,1.0769230769230769,0,3,0,0,7,5,-18,0,8,Loss,7.982004
2019-2020,2019-11-30 00:00:00,Watford,14,away,Southampton,1,2,-1,6,3,0.5,0.16666666666666666,11,6,0.5454545454545454,0.18181818181818182,10,6,1.6666666666666667,0,1,0,0,7,6,-19,0,8,Loss,7.981003
2019-2020,2019-12-04 00:00:00,Watford,15,away,Leicester,0,2,-2,4,1,0.25,0.0,12,6,0.5,0.16666666666666666,16,13,1.2307692307692308,2,3,0,0,2,7,-21,0,8,Loss,7.979001
2019-2020,2019-12-07 00:00:00,Watford,16,home,Crystal Palace,0,0,0,13,3,0.23076923076923078,0.0,3,0,0.0,0.0,15,16,0.9375,4,2,0,0,6,2,-21,1,9,Draw,8.979002999999999
2019-2020,2019-12-14 00:00:00,Watford,17,away,Liverpool,0,2,-2,8,2,0.25,0.0,16,6,0.375,0.125,6,8,0.75,1,2,0,0,3,6,-23,0,9,Loss,8.977002
2019-2020,2019-12-22 00:00:00,Watford,18,home,Man United,2,0,2,11,3,0.2727272727272727,0.18181818181818182,17,8,0.47058823529411764,0.0,16,11,1.4545454545454546,3,1,0,0,3,5,-21,3,12,Win,11.979002999999999
2019-2020,2019-12-26 00:00:00,Watford,19,away,Sheffield United,1,1,0,5,2,0.4,0.2,16,4,0.25,0.0625,8,11,0.7272727272727273,3,1,0,0,1,9,-21,1,13,Draw,12.979002
2019-2020,2019-12-28 00:00:00,Watford,20,home,Aston Villa,3,0,3,20,6,0.3,0.15,11,2,0.18181818181818182,0.0,16,9,1.7777777777777777,3,1,1,0,6,3,-18,3,16,Win,15.982006
2019-2020,2020-01-01 00:00:00,Watford,21,home,Wolves,2,1,1,9,3,0.3333333333333333,0.2222222222222222,16,4,0.25,0.0625,12,6,2.0,3,1,1,0,4,7,-17,3,19,Win,18.983003
2019-2020,2020-01-12 00:00:00,Watford,22,away,Bournemouth,3,0,3,18,6,0.3333333333333333,0.16666666666666666,10,1,0.1,0.0,13,3,4.333333333333333,1,1,0,0,5,5,-14,3,22,Win,21.986006
2019-2020,2020-01-18 00:00:00,Watford,23,home,Tottenham,0,0,0,15,2,0.13333333333333333,0.0,17,5,0.29411764705882354,0.0,13,13,1.0,2,3,0,0,3,3,-14,1,23,Draw,22.986002
2019-2020,2020-01-21 00:00:00,Watford,24,away,Aston Villa,1,2,-1,8,2,0.25,0.125,16,5,0.3125,0.125,18,11,1.6363636363636365,2,2,0,0,3,6,-15,0,23,Loss,22.985001999999998
2019-2020,2020-02-01 00:00:00,Watford,25,home,Everton,2,3,-1,11,2,0.18181818181818182,0.18181818181818182,12,5,0.4166666666666667,0.25,17,14,1.2142857142857142,2,2,0,1,4,4,-16,0,23,Loss,22.984002
2019-2020,2020-02-08 00:00:00,Watford,26,away,Brighton,1,1,0,5,2,0.4,0.2,10,2,0.2,0.1,12,9,1.3333333333333333,2,2,0,0,2,3,-16,1,24,Draw,23.984002
2019-2020,2020-02-23 00:00:00,Watford,27,away,Man United,0,3,-3,7,2,0.2857142857142857,0.0,21,9,0.42857142857142855,0.14285714285714285,15,6,2.5,1,0,0,0,5,3,-19,0,24,Loss,23.981002
2019-2020,2020-02-29 00:00:00,Watford,28,home,Liverpool,3,0,3,14,5,0.35714285714285715,0.21428571428571427,7,1,0.14285714285714285,0.0,4,8,0.5,0,0,0,0,3,5,-16,3,27,Win,26.984005000000003
2019-2020,2020-03-07 00:00:00,Watford,29,away,Crystal Palace,0,1,-1,10,4,0.4,0.0,10,3,0.3,0.1,19,12,1.5833333333333333,4,4,0,0,8,8,-17,0,27,Loss,26.983004
2019-2020,2020-06-20 00:00:00,Watford,30,home,Leicester,1,1,0,8,4,0.5,0.125,15,2,0.13333333333333333,0.06666666666666667,15,12,1.25,0,1,0,0,2,7,-17,1,28,Draw,27.983004
2019-2020,2020-06-25 00:00:00,Watford,31,away,Burnley,0,1,-1,10,4,0.4,0.0,9,5,0.5555555555555556,0.1111111111111111,15,13,1.1538461538461537,0,1,0,0,7,1,-18,0,28,Loss,27.982004
2019-2020,2020-06-28 00:00:00,Watford,32,home,Southampton,1,3,-2,8,0,0.0,0.125,11,7,0.6363636363636364,0.2727272727272727,18,9,2.0,3,0,0,0,5,3,-20,0,28,Loss,27.98
2019-2020,2020-07-04 00:00:00,Watford,33,away,Chelsea,0,3,-3,7,3,0.42857142857142855,0.0,21,9,0.42857142857142855,0.14285714285714285,12,9,1.3333333333333333,2,0,0,0,3,5,-23,0,28,Loss,27.977003
2019-2020,2020-07-07 00:00:00,Watford,34,home,Norwich,2,1,1,9,4,0.4444444444444444,0.2222222222222222,12,3,0.25,0.08333333333333333,11,15,0.7333333333333333,2,4,0,0,4,3,-22,3,31,Win,30.978004000000002
2019-2020,2020-07-11 00:00:00,Watford,35,home,Newcastle,2,1,1,17,5,0.29411764705882354,0.11764705882352941,8,4,0.5,0.125,23,15,1.5333333333333334,1,4,0,0,2,4,-21,3,34,Win,33.979005
2019-2020,2020-07-17 00:00:00,Watford,36,away,West Ham,1,3,-2,14,3,0.21428571428571427,0.07142857142857142,10,4,0.4,0.3,11,11,1.0,2,0,0,0,3,9,-23,0,34,Loss,33.977002999999996
2019-2020,2020-07-21 00:00:00,Watford,37,home,Man City,0,4,-4,2,0,0.0,0.0,26,10,0.38461538461538464,0.15384615384615385,14,11,1.2727272727272727,2,0,0,0,0,8,-27,0,34,Loss,33.973
2019-2020,2020-07-26 00:00:00,Watford,38,away,Arsenal,2,3,-1,19,6,0.3157894736842105,0.10526315789473684,13,5,0.38461538461538464,0.23076923076923078,12,9,1.3333333333333333,3,3,0,0,8,4,-28,0,34,Loss,33.972006
2019-2020,2019-08-10 00:00:00,West Ham,1,home,Man City,0,5,-5,5,3,0.6,0.0,14,9,0.6428571428571429,0.35714285714285715,6,13,0.46153846153846156,2,2,0,0,1,1,-5,0,0,Loss,-0.004997
2019-2020,2019-08-17 00:00:00,West Ham,2,away,Brighton,1,1,0,8,3,0.375,0.125,16,4,0.25,0.0625,10,11,0.9090909090909091,2,0,0,0,6,8,-5,1,1,Draw,0.995003
2019-2020,2019-08-24 00:00:00,West Ham,3,away,Watford,3,1,2,16,10,0.625,0.1875,23,3,0.13043478260869565,0.043478260869565216,11,12,0.9166666666666666,1,1,0,0,7,8,-3,3,4,Win,3.99701
2019-2020,2019-08-31 00:00:00,West Ham,4,home,Norwich,2,0,2,18,8,0.4444444444444444,0.1111111111111111,8,3,0.375,0.0,16,10,1.6,2,1,0,0,8,2,-1,3,7,Win,6.999008
2019-2020,2019-09-16 00:00:00,West Ham,5,away,Aston Villa,0,0,0,13,1,0.07692307692307693,0.0,10,5,0.5,0.0,12,13,0.9230769230769231,1,2,1,0,4,2,-1,1,8,Draw,7.999001
2019-2020,2019-09-22 00:00:00,West Ham,6,home,Man United,2,0,2,8,6,0.75,0.25,9,3,0.3333333333333333,0.0,8,9,0.8888888888888888,2,2,0,0,3,7,1,3,11,Win,11.001006
2019-2020,2019-09-28 00:00:00,West Ham,7,away,Bournemouth,2,2,0,17,6,0.35294117647058826,0.11764705882352941,13,5,0.38461538461538464,0.15384615384615385,8,7,1.1428571428571428,1,3,0,0,6,6,1,1,12,Draw,12.001006
2019-2020,2019-10-05 00:00:00,West Ham,8,home,Crystal Palace,1,2,-1,9,4,0.4444444444444444,0.1111111111111111,7,4,0.5714285714285714,0.2857142857142857,11,7,1.5714285714285714,3,2,0,0,2,2,0,0,12,Loss,12.000004
2019-2020,2019-10-19 00:00:00,West Ham,9,away,Everton,0,2,-2,8,4,0.5,0.0,19,10,0.5263157894736842,0.10526315789473684,15,15,1.0,2,2,0,0,2,11,-2,0,12,Loss,11.998004
2019-2020,2019-10-26 00:00:00,West Ham,10,home,Sheffield United,1,1,0,12,4,0.3333333333333333,0.08333333333333333,10,4,0.4,0.1,7,10,0.7,2,2,0,0,10,4,-2,1,13,Draw,12.998004
2019-2020,2019-11-02 00:00:00,West Ham,11,home,Newcastle,2,3,-1,16,6,0.375,0.125,12,9,0.75,0.25,10,7,1.4285714285714286,2,1,0,0,7,3,-3,0,13,Loss,12.997006
2019-2020,2019-11-09 00:00:00,West Ham,12,away,Burnley,0,3,-3,7,4,0.5714285714285714,0.0,14,12,0.8571428571428571,0.21428571428571427,10,17,0.5882352941176471,1,2,0,0,4,11,-6,0,13,Loss,12.994004
2019-2020,2019-11-23 00:00:00,West Ham,13,home,Tottenham,2,3,-1,11,4,0.36363636363636365,0.18181818181818182,15,6,0.4,0.2,12,14,0.8571428571428571,3,2,0,0,3,7,-7,0,13,Loss,12.993004
2019-2020,2019-11-30 00:00:00,West Ham,14,away,Chelsea,1,0,1,5,4,0.8,0.2,19,6,0.3157894736842105,0.0,16,0,inf,3,0,0,0,3,9,-6,3,16,Win,15.994004
2019-2020,2019-12-04 00:00:00,West Ham,15,away,Wolves,0,2,-2,6,3,0.5,0.0,13,7,0.5384615384615384,0.15384615384615385,9,8,1.125,2,1,0,0,4,5,-8,0,16,Loss,15.992003
2019-2020,2019-12-09 00:00:00,West Ham,16,home,Arsenal,1,3,-2,11,4,0.36363636363636365,0.09090909090909091,10,3,0.3,0.3,12,6,2.0,2,0,0,0,4,3,-10,0,16,Loss,15.990004
2019-2020,2019-12-14 00:00:00,West Ham,17,away,Southampton,1,0,1,11,4,0.36363636363636365,0.09090909090909091,11,2,0.18181818181818182,0.0,14,9,1.5555555555555556,3,1,0,0,8,5,-9,3,19,Win,18.991004
2019-2020,2019-12-26 00:00:00,West Ham,18,away,Crystal Palace,1,2,-1,10,2,0.2,0.1,13,4,0.3076923076923077,0.15384615384615385,10,5,2.0,2,0,0,0,6,7,-10,0,19,Loss,18.990001999999997
2019-2020,2019-12-28 00:00:00,West Ham,19,home,Leicester,1,2,-1,14,4,0.2857142857142857,0.07142857142857142,13,8,0.6153846153846154,0.15384615384615385,16,4,4.0,4,1,0,0,5,5,-11,0,19,Loss,18.989004
2019-2020,2020-01-01 00:00:00,West Ham,20,home,Bournemouth,4,0,4,14,7,0.5,0.2857142857142857,3,2,0.6666666666666666,0.0,3,12,0.25,1,2,0,0,9,2,-7,3,22,Win,21.993007
2019-2020,2020-01-10 00:00:00,West Ham,21,away,Sheffield United,0,1,-1,7,2,0.2857142857142857,0.0,13,3,0.23076923076923078,0.07692307692307693,6,11,0.5454545454545454,0,1,0,0,3,7,-8,0,22,Loss,21.992002
2019-2020,2020-01-18 00:00:00,West Ham,22,home,Everton,1,1,0,12,6,0.5,0.08333333333333333,11,3,0.2727272727272727,0.09090909090909091,11,13,0.8461538461538461,1,0,0,0,7,6,-8,1,23,Draw,22.992006
2019-2020,2020-01-22 00:00:00,West Ham,23,away,Leicester,1,4,-3,6,2,0.3333333333333333,0.16666666666666666,19,8,0.42105263157894735,0.21052631578947367,19,10,1.9,1,1,0,0,8,7,-11,0,23,Loss,22.989002
2019-2020,2020-01-29 00:00:00,West Ham,24,home,Liverpool,0,2,-2,7,4,0.5714285714285714,0.0,13,5,0.38461538461538464,0.15384615384615385,6,6,1.0,2,0,0,0,3,7,-13,0,23,Loss,22.987004
2019-2020,2020-02-01 00:00:00,West Ham,25,home,Brighton,3,3,0,12,6,0.5,0.25,19,6,0.3157894736842105,0.15789473684210525,8,9,0.8888888888888888,1,1,0,0,4,6,-13,1,24,Draw,23.987005999999997
2019-2020,2020-02-19 00:00:00,West Ham,26,away,Man City,0,2,-2,3,0,0.0,0.0,20,7,0.35,0.1,7,5,1.4,1,0,0,0,1,6,-15,0,24,Loss,23.985
2019-2020,2020-02-24 00:00:00,West Ham,27,away,Liverpool,2,3,-1,7,4,0.5714285714285714,0.2857142857142857,25,7,0.28,0.12,10,4,2.5,3,0,0,0,8,16,-16,0,24,Loss,23.984004000000002
2019-2020,2020-02-29 00:00:00,West Ham,28,home,Southampton,3,1,2,14,7,0.5,0.21428571428571427,10,2,0.2,0.1,8,11,0.7272727272727273,1,1,0,0,4,9,-14,3,27,Win,26.986007
2019-2020,2020-03-07 00:00:00,West Ham,29,away,Arsenal,0,1,-1,14,6,0.42857142857142855,0.0,9,2,0.2222222222222222,0.1111111111111111,9,11,0.8181818181818182,2,1,0,0,7,6,-15,0,27,Loss,26.985006
2019-2020,2020-06-20 00:00:00,West Ham,30,home,Wolves,0,2,-2,7,2,0.2857142857142857,0.0,10,6,0.6,0.2,8,7,1.1428571428571428,1,1,0,0,5,7,-17,0,27,Loss,26.983002
2019-2020,2020-06-23 00:00:00,West Ham,31,away,Tottenham,0,2,-2,10,2,0.2,0.0,15,4,0.26666666666666666,0.13333333333333333,7,12,0.5833333333333334,2,2,0,0,4,9,-19,0,27,Loss,26.981002
2019-2020,2020-07-01 00:00:00,West Ham,32,home,Chelsea,3,2,1,10,4,0.4,0.3,17,6,0.35294117647058826,0.11764705882352941,10,9,1.1111111111111112,2,1,0,0,2,3,-18,3,30,Win,29.982004
2019-2020,2020-07-05 00:00:00,West Ham,33,away,Newcastle,2,2,0,17,7,0.4117647058823529,0.11764705882352941,11,4,0.36363636363636365,0.18181818181818182,11,9,1.2222222222222223,0,0,0,0,4,6,-18,1,31,Draw,30.982007
2019-2020,2020-07-08 00:00:00,West Ham,34,home,Burnley,0,1,-1,21,5,0.23809523809523808,0.0,8,4,0.5,0.125,7,7,1.0,1,1,0,0,10,3,-19,0,31,Loss,30.981005000000003
2019-2020,2020-07-11 00:00:00,West Ham,35,away,Norwich,4,0,4,19,7,0.3684210526315789,0.21052631578947367,11,2,0.18181818181818182,0.0,8,9,0.8888888888888888,0,1,0,0,6,1,-15,3,34,Win,33.985006999999996
2019-2020,2020-07-17 00:00:00,West Ham,36,home,Watford,3,1,2,10,4,0.4,0.3,14,3,0.21428571428571427,0.07142857142857142,11,11,1.0,0,2,0,0,9,3,-13,3,37,Win,36.987004
2019-2020,2020-07-22 00:00:00,West Ham,37,away,Man United,1,1,0,12,3,0.25,0.08333333333333333,11,4,0.36363636363636365,0.09090909090909091,9,10,0.9,1,3,0,0,3,2,-13,1,38,Draw,37.987003
2019-2020,2020-07-26 00:00:00,West Ham,38,home,Aston Villa,1,1,0,10,1,0.1,0.1,13,4,0.3076923076923077,0.07692307692307693,16,13,1.2307692307692308,2,1,0,0,0,7,-13,1,39,Draw,38.987001
2019-2020,2019-08-11 00:00:00,Wolves,1,away,Leicester,0,0,0,8,2,0.25,0.0,15,1,0.06666666666666667,0.0,13,3,4.333333333333333,2,0,0,0,3,12,0,1,1,Draw,1.000002
2019-2020,2019-08-19 00:00:00,Wolves,2,home,Man United,1,1,0,6,2,0.3333333333333333,0.16666666666666666,9,2,0.2222222222222222,0.1111111111111111,17,8,2.125,2,2,0,0,4,6,0,1,2,Draw,2.000002
2019-2020,2019-08-25 00:00:00,Wolves,3,home,Burnley,1,1,0,17,2,0.11764705882352941,0.058823529411764705,13,4,0.3076923076923077,0.07692307692307693,9,11,0.8181818181818182,0,2,0,0,4,3,0,1,3,Draw,3.000002
2019-2020,2019-09-01 00:00:00,Wolves,4,away,Everton,2,3,-1,8,5,0.625,0.25,15,6,0.4,0.2,12,12,1.0,4,1,1,0,7,7,-1,0,3,Loss,2.999005
2019-2020,2019-09-14 00:00:00,Wolves,5,home,Chelsea,2,5,-3,11,4,0.36363636363636365,0.18181818181818182,15,6,0.4,0.3333333333333333,8,11,0.7272727272727273,1,2,0,0,7,5,-4,0,3,Loss,2.996004
2019-2020,2019-09-22 00:00:00,Wolves,6,away,Crystal Palace,1,1,0,14,4,0.2857142857142857,0.07142857142857142,13,4,0.3076923076923077,0.07692307692307693,10,7,1.4285714285714286,1,2,1,0,7,6,-4,1,4,Draw,3.996004
2019-2020,2019-09-28 00:00:00,Wolves,7,home,Watford,2,0,2,6,2,0.3333333333333333,0.3333333333333333,14,5,0.35714285714285715,0.0,5,6,0.8333333333333334,0,1,0,0,1,6,-2,3,7,Win,6.9980020000000005
2019-2020,2019-10-06 00:00:00,Wolves,8,away,Man City,2,0,2,7,2,0.2857142857142857,0.2857142857142857,18,2,0.1111111111111111,0.0,14,11,1.2727272727272727,2,5,0,0,1,9,0,3,10,Win,10.000002
2019-2020,2019-10-19 00:00:00,Wolves,9,home,Southampton,1,1,0,4,1,0.25,0.25,14,5,0.35714285714285715,0.07142857142857142,10,17,0.5882352941176471,3,2,0,0,1,3,0,1,11,Draw,11.000001
2019-2020,2019-10-27 00:00:00,Wolves,10,away,Newcastle,1,1,0,13,5,0.38461538461538464,0.07692307692307693,13,2,0.15384615384615385,0.07692307692307693,15,8,1.875,2,2,0,1,6,3,0,1,12,Draw,12.000005
2019-2020,2019-11-02 00:00:00,Wolves,11,away,Arsenal,1,1,0,25,8,0.32,0.04,10,4,0.4,0.1,15,6,2.5,2,0,0,0,9,8,0,1,13,Draw,13.000008
2019-2020,2019-11-10 00:00:00,Wolves,12,home,Aston Villa,2,1,1,17,5,0.29411764705882354,0.11764705882352941,13,4,0.3076923076923077,0.07692307692307693,17,8,2.125,4,3,0,0,6,3,1,3,16,Win,16.001005000000003
2019-2020,2019-11-23 00:00:00,Wolves,13,away,Bournemouth,2,1,1,17,7,0.4117647058823529,0.11764705882352941,9,2,0.2222222222222222,0.1111111111111111,12,10,1.2,1,2,0,1,9,5,2,3,19,Win,19.002007
2019-2020,2019-12-01 00:00:00,Wolves,14,home,Sheffield United,1,1,0,13,3,0.23076923076923078,0.07692307692307693,9,4,0.4444444444444444,0.1111111111111111,12,18,0.6666666666666666,1,4,0,0,7,2,2,1,20,Draw,20.002003
2019-2020,2019-12-04 00:00:00,Wolves,15,home,West Ham,2,0,2,13,7,0.5384615384615384,0.15384615384615385,6,3,0.5,0.0,8,9,0.8888888888888888,1,2,0,0,5,4,4,3,23,Win,23.004007
2019-2020,2019-12-08 00:00:00,Wolves,16,away,Brighton,2,2,0,13,5,0.38461538461538464,0.15384615384615385,13,4,0.3076923076923077,0.15384615384615385,7,10,0.7,0,3,0,0,4,3,4,1,24,Draw,24.004005000000003
2019-2020,2019-12-15 00:00:00,Wolves,17,home,Tottenham,1,2,-1,18,5,0.2777777777777778,0.05555555555555555,9,5,0.5555555555555556,0.2222222222222222,14,10,1.4,4,4,0,0,11,2,3,0,24,Loss,24.003005
2019-2020,2019-12-21 00:00:00,Wolves,18,away,Norwich,2,1,1,14,4,0.2857142857142857,0.14285714285714285,13,7,0.5384615384615384,0.07692307692307693,14,7,2.0,4,2,0,0,11,3,4,3,27,Win,27.004004000000002
2019-2020,2019-12-27 00:00:00,Wolves,19,home,Man City,3,2,1,20,8,0.4,0.15,7,3,0.42857142857142855,0.2857142857142857,7,13,0.5384615384615384,0,1,0,1,3,1,5,3,30,Win,30.005008
2019-2020,2019-12-29 00:00:00,Wolves,20,away,Liverpool,0,1,-1,10,2,0.2,0.0,10,3,0.3,0.1,3,7,0.42857142857142855,0,1,0,0,6,5,4,0,30,Loss,30.004002
2019-2020,2020-01-01 00:00:00,Wolves,21,away,Watford,1,2,-1,16,4,0.25,0.0625,9,3,0.3333333333333333,0.2222222222222222,6,12,0.5,1,3,0,1,7,4,3,0,30,Loss,30.003004
2019-2020,2020-01-11 00:00:00,Wolves,22,home,Newcastle,1,1,0,9,4,0.4444444444444444,0.1111111111111111,5,1,0.2,0.2,13,12,1.0833333333333333,0,3,0,0,5,2,3,1,31,Draw,31.003004
2019-2020,2020-01-18 00:00:00,Wolves,23,away,Southampton,3,2,1,8,4,0.5,0.375,11,5,0.45454545454545453,0.18181818181818182,12,13,0.9230769230769231,1,2,0,0,3,1,4,3,34,Win,34.004003999999995
2019-2020,2020-01-23 00:00:00,Wolves,24,home,Liverpool,1,2,-1,10,3,0.3,0.1,13,6,0.46153846153846156,0.15384615384615385,6,11,0.5454545454545454,0,1,0,0,2,4,3,0,34,Loss,34.003003
2019-2020,2020-02-01 00:00:00,Wolves,25,away,Man United,0,0,0,14,3,0.21428571428571427,0.0,15,5,0.3333333333333333,0.0,15,14,1.0714285714285714,2,3,0,0,6,4,3,1,35,Draw,35.003003
2019-2020,2020-02-14 00:00:00,Wolves,26,home,Leicester,0,0,0,15,3,0.2,0.0,9,3,0.3333333333333333,0.0,13,10,1.3,2,2,0,1,7,0,3,1,36,Draw,36.003003
2019-2020,2020-02-23 00:00:00,Wolves,27,home,Norwich,3,0,3,19,6,0.3157894736842105,0.15789473684210525,6,4,0.6666666666666666,0.0,11,6,1.8333333333333333,2,3,0,0,4,1,6,3,39,Win,39.006006
2019-2020,2020-03-01 00:00:00,Wolves,28,away,Tottenham,3,2,1,14,4,0.2857142857142857,0.21428571428571427,13,5,0.38461538461538464,0.15384615384615385,14,12,1.1666666666666667,2,3,0,0,5,4,7,3,42,Win,42.007003999999995
2019-2020,2020-03-07 00:00:00,Wolves,29,home,Brighton,0,0,0,11,1,0.09090909090909091,0.0,7,1,0.14285714285714285,0.0,4,7,0.5714285714285714,1,3,0,0,2,0,7,1,43,Draw,43.007000999999995
2019-2020,2020-06-20 00:00:00,Wolves,30,away,West Ham,2,0,2,10,6,0.6,0.2,7,2,0.2857142857142857,0.0,7,8,0.875,1,1,0,0,7,5,9,3,46,Win,46.009006
2019-2020,2020-06-24 00:00:00,Wolves,31,home,Bournemouth,1,0,1,10,2,0.2,0.1,4,0,0.0,0.0,11,11,1.0,3,3,0,0,6,4,10,3,49,Win,49.010002
2019-2020,2020-06-27 00:00:00,Wolves,32,away,Aston Villa,1,0,1,9,2,0.2222222222222222,0.1111111111111111,11,1,0.09090909090909091,0.0,16,16,1.0,1,1,0,0,2,2,11,3,52,Win,52.011002000000005
2019-2020,2020-07-04 00:00:00,Wolves,33,home,Arsenal,0,2,-2,10,1,0.1,0.0,8,5,0.625,0.25,6,11,0.5454545454545454,2,4,0,0,3,5,9,0,52,Loss,52.009001
2019-2020,2020-07-08 00:00:00,Wolves,34,away,Sheffield United,0,1,-1,6,1,0.16666666666666666,0.0,7,3,0.42857142857142855,0.14285714285714285,6,5,1.2,0,2,0,0,1,6,8,0,52,Loss,52.008001
2019-2020,2020-07-12 00:00:00,Wolves,35,home,Everton,3,0,3,14,7,0.5,0.21428571428571427,6,2,0.3333333333333333,0.0,9,9,1.0,0,2,0,0,5,2,11,3,55,Win,55.011007
2019-2020,2020-07-15 00:00:00,Wolves,36,away,Burnley,1,1,0,14,5,0.35714285714285715,0.07142857142857142,9,1,0.1111111111111111,0.1111111111111111,8,10,0.8,0,0,0,0,8,3,11,1,56,Draw,56.011005000000004
2019-2020,2020-07-20 00:00:00,Wolves,37,home,Crystal Palace,2,0,2,11,5,0.45454545454545453,0.18181818181818182,7,3,0.42857142857142855,0.0,11,15,0.7333333333333333,2,1,0,0,5,2,13,3,59,Win,59.013005
2019-2020,2020-07-26 00:00:00,Wolves,38,away,Chelsea,0,2,-2,5,1,0.2,0.0,11,3,0.2727272727272727,0.18181818181818182,16,10,1.6,3,2,0,0,3,3,11,0,59,Loss,59.011001
2020-2021,2020-09-12 00:00:00,Arsenal,1,away,Fulham,3,0,3,13,6,0.46153846153846156,0.23076923076923078,5,2,0.4,0.0,12,12,1.0,2,2,0,0,3,2,3,3,3,Win,3.003006
2020-2021,2020-09-19 00:00:00,Arsenal,2,home,West Ham,2,1,1,7,3,0.42857142857142855,0.2857142857142857,14,3,0.21428571428571427,0.07142857142857142,11,13,0.8461538461538461,0,1,0,0,7,5,4,3,6,Win,6.004003
2020-2021,2020-09-28 00:00:00,Arsenal,3,away,Liverpool,1,3,-2,4,3,0.75,0.25,21,8,0.38095238095238093,0.14285714285714285,7,11,0.6363636363636364,2,2,0,0,3,7,2,0,6,Loss,6.002003
2020-2021,2020-10-04 00:00:00,Arsenal,4,home,Sheffield United,2,1,1,6,5,0.8333333333333334,0.3333333333333333,6,2,0.3333333333333333,0.16666666666666666,3,9,0.3333333333333333,0,1,0,0,2,4,3,3,9,Win,9.003005
2020-2021,2020-10-17 00:00:00,Arsenal,5,away,Man City,0,1,-1,11,3,0.2727272727272727,0.0,13,5,0.38461538461538464,0.07692307692307693,10,15,0.6666666666666666,1,4,0,0,6,6,2,0,9,Loss,9.002003
2020-2021,2020-10-25 00:00:00,Arsenal,6,home,Leicester,0,1,-1,12,4,0.3333333333333333,0.0,6,2,0.3333333333333333,0.16666666666666666,13,9,1.4444444444444444,3,5,0,0,9,3,1,0,9,Loss,9.001004
2020-2021,2020-11-01 00:00:00,Arsenal,7,away,Man United,1,0,1,7,2,0.2857142857142857,0.14285714285714285,8,2,0.25,0.0,12,12,1.0,3,3,0,0,3,6,2,3,12,Win,12.002002000000001
2020-2021,2020-11-08 00:00:00,Arsenal,8,home,Aston Villa,0,3,-3,13,2,0.15384615384615385,0.0,15,6,0.4,0.2,11,13,0.8461538461538461,0,0,0,0,3,8,-1,0,12,Loss,11.999002
2020-2021,2020-11-22 00:00:00,Arsenal,9,away,Leeds,0,0,0,9,2,0.2222222222222222,0.0,25,4,0.16,0.0,8,9,0.8888888888888888,0,3,1,0,3,5,-1,1,13,Draw,12.999002
2020-2021,2020-11-29 00:00:00,Arsenal,10,home,Wolves,1,2,-1,13,2,0.15384615384615385,0.07692307692307693,11,5,0.45454545454545453,0.18181818181818182,13,13,1.0,3,4,0,0,8,4,-2,0,13,Loss,12.998002
2020-2021,2020-12-06 00:00:00,Arsenal,11,away,Tottenham,0,2,-2,11,2,0.18181818181818182,0.0,6,3,0.5,0.3333333333333333,12,16,0.75,2,1,0,0,9,3,-4,0,13,Loss,12.996002
2020-2021,2020-12-13 00:00:00,Arsenal,12,home,Burnley,0,1,-1,18,6,0.3333333333333333,0.0,10,2,0.2,0.1,5,11,0.45454545454545453,2,1,1,0,13,4,-5,0,13,Loss,12.995006
2020-2021,2020-12-16 00:00:00,Arsenal,13,home,Southampton,1,1,0,9,4,0.4444444444444444,0.1111111111111111,13,3,0.23076923076923078,0.07692307692307693,13,13,1.0,1,3,1,0,2,7,-5,1,14,Draw,13.995004
2020-2021,2020-12-19 00:00:00,Arsenal,14,away,Everton,1,2,-1,13,2,0.15384615384615385,0.07692307692307693,9,2,0.2222222222222222,0.2222222222222222,9,9,1.0,3,1,0,0,3,4,-6,0,14,Loss,13.994002
2020-2021,2020-12-26 00:00:00,Arsenal,15,home,Chelsea,3,1,2,15,7,0.4666666666666667,0.2,19,3,0.15789473684210525,0.05263157894736842,13,10,1.3,2,1,0,0,7,9,-4,3,17,Win,16.996007
2020-2021,2020-12-29 00:00:00,Arsenal,16,away,Brighton,1,0,1,11,3,0.2727272727272727,0.09090909090909091,13,2,0.15384615384615385,0.0,4,11,0.36363636363636365,0,2,0,0,4,5,-3,3,20,Win,19.997003
2020-2021,2021-01-02 00:00:00,Arsenal,17,away,West Brom,4,0,4,21,12,0.5714285714285714,0.19047619047619047,7,3,0.42857142857142855,0.0,4,7,0.5714285714285714,2,1,0,0,5,3,1,3,23,Win,23.001012000000003
2020-2021,2021-01-14 00:00:00,Arsenal,18,home,Crystal Palace,0,0,0,11,4,0.36363636363636365,0.0,12,2,0.16666666666666666,0.0,10,11,0.9090909090909091,1,1,0,0,7,3,1,1,24,Draw,24.001004000000002
2020-2021,2021-01-18 00:00:00,Arsenal,19,home,Newcastle,3,0,3,20,6,0.3,0.15,4,1,0.25,0.0,9,8,1.125,0,0,0,0,7,2,4,3,27,Win,27.004006
2020-2021,2021-01-26 00:00:00,Arsenal,20,away,Southampton,3,1,2,9,5,0.5555555555555556,0.3333333333333333,13,5,0.38461538461538464,0.07692307692307693,6,11,0.5454545454545454,2,1,0,0,5,4,6,3,30,Win,30.006005000000002
2020-2021,2021-01-30 00:00:00,Arsenal,21,home,Man United,0,0,0,17,3,0.17647058823529413,0.0,14,3,0.21428571428571427,0.0,9,16,0.5625,1,3,0,0,4,7,6,1,31,Draw,31.006003
2020-2021,2021-02-02 00:00:00,Arsenal,22,away,Wolves,1,2,-1,9,3,0.3333333333333333,0.1111111111111111,11,7,0.6363636363636364,0.18181818181818182,8,11,0.7272727272727273,2,3,2,0,6,9,5,0,31,Loss,31.005003
2020-2021,2021-02-06 00:00:00,Arsenal,23,away,Aston Villa,0,1,-1,14,3,0.21428571428571427,0.0,12,8,0.6666666666666666,0.08333333333333333,12,12,1.0,2,3,0,0,7,3,4,0,31,Loss,31.004003
2020-2021,2021-02-14 00:00:00,Arsenal,24,home,Leeds,4,2,2,13,5,0.38461538461538464,0.3076923076923077,9,5,0.5555555555555556,0.2222222222222222,8,17,0.47058823529411764,0,2,0,0,4,5,6,3,34,Win,34.006005
2020-2021,2021-02-21 00:00:00,Arsenal,25,home,Man City,0,1,-1,7,1,0.14285714285714285,0.0,15,3,0.2,0.06666666666666667,11,9,1.2222222222222223,2,2,0,0,1,3,5,0,34,Loss,34.005001
2020-2021,2021-02-28 00:00:00,Arsenal,26,away,Leicester,3,1,2,12,4,0.3333333333333333,0.25,8,3,0.375,0.125,3,15,0.2,1,2,0,0,7,2,7,3,37,Win,37.007003999999995
2020-2021,2021-03-06 00:00:00,Arsenal,27,away,Burnley,1,1,0,15,3,0.2,0.06666666666666667,9,5,0.5555555555555556,0.1111111111111111,12,5,2.4,1,1,0,0,4,2,7,1,38,Draw,38.007003
2020-2021,2021-03-14 00:00:00,Arsenal,28,home,Tottenham,2,1,1,13,3,0.23076923076923078,0.15384615384615385,6,3,0.5,0.16666666666666666,12,14,0.8571428571428571,1,2,0,1,6,3,8,3,41,Win,41.008003
2020-2021,2021-03-21 00:00:00,Arsenal,29,away,West Ham,3,3,0,16,7,0.4375,0.1875,15,5,0.3333333333333333,0.2,8,18,0.4444444444444444,1,3,0,0,5,3,8,1,42,Draw,42.008007
2020-2021,2021-04-03 00:00:00,Arsenal,30,home,Liverpool,0,3,-3,3,2,0.6666666666666666,0.0,16,7,0.4375,0.1875,10,10,1.0,1,1,0,0,1,2,5,0,42,Loss,42.005002000000005
2020-2021,2021-04-11 00:00:00,Arsenal,31,away,Sheffield United,3,0,3,14,5,0.35714285714285715,0.21428571428571427,7,2,0.2857142857142857,0.0,6,9,0.6666666666666666,1,1,0,0,4,2,8,3,45,Win,45.008005000000004
2020-2021,2021-04-18 00:00:00,Arsenal,32,home,Fulham,1,1,0,18,5,0.2777777777777778,0.05555555555555555,3,1,0.3333333333333333,0.3333333333333333,9,11,0.8181818181818182,0,3,0,0,11,1,8,1,46,Draw,46.008005000000004
2020-2021,2021-04-23 00:00:00,Arsenal,33,home,Everton,0,1,-1,14,3,0.21428571428571427,0.0,8,1,0.125,0.125,13,10,1.3,1,3,0,0,7,3,7,0,46,Loss,46.007003
2020-2021,2021-05-02 00:00:00,Arsenal,34,away,Newcastle,2,0,2,19,5,0.2631578947368421,0.10526315789473684,5,1,0.2,0.0,9,10,0.9,1,2,0,1,7,3,9,3,49,Win,49.009005
2020-2021,2021-05-09 00:00:00,Arsenal,35,home,West Brom,3,1,2,15,7,0.4666666666666667,0.2,12,1,0.08333333333333333,0.08333333333333333,7,9,0.7777777777777778,1,2,0,0,6,6,11,3,52,Win,52.011007
2020-2021,2021-05-12 00:00:00,Arsenal,36,away,Chelsea,1,0,1,5,2,0.4,0.2,19,5,0.2631578947368421,0.0,6,7,0.8571428571428571,1,0,0,0,1,9,12,3,55,Win,55.012002
2020-2021,2021-05-19 00:00:00,Arsenal,37,away,Crystal Palace,3,1,2,6,3,0.5,0.5,12,6,0.5,0.08333333333333333,7,7,1.0,1,2,0,0,7,6,14,3,58,Win,58.014003
2020-2021,2021-05-23 00:00:00,Arsenal,38,home,Brighton,2,0,2,16,5,0.3125,0.125,5,1,0.2,0.0,10,8,1.25,0,0,0,0,11,3,16,3,61,Win,61.016005
2020-2021,2020-09-21 00:00:00,Aston Villa,1,home,Sheffield United,1,0,1,18,2,0.1111111111111111,0.05555555555555555,4,1,0.25,0.0,12,13,0.9230769230769231,3,1,0,1,10,4,1,3,3,Win,3.0010019999999997
2020-2021,2020-09-28 00:00:00,Aston Villa,2,away,Fulham,3,0,3,12,5,0.4166666666666667,0.25,16,3,0.1875,0.0,14,18,0.7777777777777778,3,6,0,0,3,5,4,3,6,Win,6.004004999999999
2020-2021,2020-10-04 00:00:00,Aston Villa,3,home,Liverpool,7,2,5,18,11,0.6111111111111112,0.3888888888888889,14,8,0.5714285714285714,0.14285714285714285,7,10,0.7,2,1,0,0,2,7,9,3,9,Win,9.009011000000001
2020-2021,2020-10-18 00:00:00,Aston Villa,4,away,Leicester,1,0,1,10,4,0.4,0.1,11,5,0.45454545454545453,0.0,18,18,1.0,3,4,0,0,7,2,10,3,12,Win,12.010004
2020-2021,2020-10-23 00:00:00,Aston Villa,5,home,Leeds,0,3,-3,12,4,0.3333333333333333,0.0,27,9,0.3333333333333333,0.1111111111111111,14,17,0.8235294117647058,2,2,0,0,6,5,7,0,12,Loss,12.007004
2020-2021,2020-11-01 00:00:00,Aston Villa,6,home,Southampton,3,4,-1,19,10,0.5263157894736842,0.15789473684210525,9,4,0.4444444444444444,0.4444444444444444,12,17,0.7058823529411765,1,2,0,0,11,1,6,0,12,Loss,12.00601
2020-2021,2020-11-08 00:00:00,Aston Villa,7,away,Arsenal,3,0,3,15,6,0.4,0.2,13,2,0.15384615384615385,0.0,13,11,1.1818181818181819,0,0,0,0,8,3,9,3,15,Win,15.009006000000001
2020-2021,2020-11-21 00:00:00,Aston Villa,8,home,Brighton,1,2,-1,15,4,0.26666666666666666,0.06666666666666667,7,3,0.42857142857142855,0.2857142857142857,5,18,0.2777777777777778,2,1,0,1,12,3,8,0,15,Loss,15.008004
2020-2021,2020-11-30 00:00:00,Aston Villa,9,away,West Ham,1,2,-1,16,6,0.375,0.0625,6,2,0.3333333333333333,0.3333333333333333,7,20,0.35,1,1,0,0,7,3,7,0,15,Loss,15.007006
2020-2021,2020-12-12 00:00:00,Aston Villa,10,away,Wolves,1,0,1,13,2,0.15384615384615385,0.07692307692307693,16,7,0.4375,0.0,15,23,0.6521739130434783,5,2,0,0,8,5,8,3,18,Win,18.008001999999998
2020-2021,2020-12-17 00:00:00,Aston Villa,11,home,Burnley,0,0,0,27,7,0.25925925925925924,0.0,6,4,0.6666666666666666,0.0,17,19,0.8947368421052632,1,1,0,0,11,1,8,1,19,Draw,19.008007
2020-2021,2020-12-20 00:00:00,Aston Villa,12,away,West Brom,3,0,3,19,10,0.5263157894736842,0.15789473684210525,1,1,1.0,0.0,8,14,0.5714285714285714,2,1,0,1,7,1,11,3,22,Win,22.01101
2020-2021,2020-12-26 00:00:00,Aston Villa,13,home,Crystal Palace,3,0,3,21,10,0.47619047619047616,0.14285714285714285,13,6,0.46153846153846156,0.0,18,16,1.125,1,4,1,0,4,4,14,3,25,Win,25.01401
2020-2021,2020-12-28 00:00:00,Aston Villa,14,away,Chelsea,1,1,0,10,2,0.2,0.1,16,5,0.3125,0.0625,3,16,0.1875,1,3,0,0,4,11,14,1,26,Draw,26.014001999999998
2020-2021,2021-01-01 00:00:00,Aston Villa,15,away,Man United,1,2,-1,5,5,1.0,0.2,19,9,0.47368421052631576,0.10526315789473684,10,22,0.45454545454545453,0,4,0,0,10,5,13,0,26,Loss,26.013005000000003
2020-2021,2021-01-20 00:00:00,Aston Villa,16,away,Man City,0,2,-2,11,4,0.36363636363636365,0.0,28,9,0.32142857142857145,0.07142857142857142,9,10,0.9,2,0,0,0,2,16,11,0,26,Loss,26.011004
2020-2021,2021-01-23 00:00:00,Aston Villa,17,home,Newcastle,2,0,2,14,5,0.35714285714285715,0.14285714285714285,7,1,0.14285714285714285,0.0,9,18,0.5,0,3,0,0,5,4,13,3,29,Win,29.013005000000003
2020-2021,2021-01-27 00:00:00,Aston Villa,18,away,Burnley,2,3,-1,18,10,0.5555555555555556,0.1111111111111111,10,5,0.5,0.3,7,16,0.4375,0,1,0,0,4,2,12,0,29,Loss,29.01201
2020-2021,2021-01-30 00:00:00,Aston Villa,19,away,Southampton,1,0,1,8,4,0.5,0.125,20,5,0.25,0.0,11,12,0.9166666666666666,0,1,0,0,1,7,13,3,32,Win,32.013003999999995
2020-2021,2021-02-03 00:00:00,Aston Villa,20,home,West Ham,1,3,-2,9,2,0.2222222222222222,0.1111111111111111,20,10,0.5,0.15,11,15,0.7333333333333333,1,1,0,0,7,3,11,0,32,Loss,32.011002000000005
2020-2021,2021-02-06 00:00:00,Aston Villa,21,home,Arsenal,1,0,1,12,8,0.6666666666666666,0.08333333333333333,14,3,0.21428571428571427,0.0,12,12,1.0,3,2,0,0,3,7,12,3,35,Win,35.012008
2020-2021,2021-02-13 00:00:00,Aston Villa,22,away,Brighton,0,0,0,4,1,0.25,0.0,26,9,0.34615384615384615,0.0,12,16,0.75,3,2,0,0,2,9,12,1,36,Draw,36.012001
2020-2021,2021-02-21 00:00:00,Aston Villa,23,home,Leicester,1,2,-1,11,2,0.18181818181818182,0.09090909090909091,16,7,0.4375,0.125,11,12,0.9166666666666666,2,1,0,0,7,8,11,0,36,Loss,36.011002000000005
2020-2021,2021-02-27 00:00:00,Aston Villa,24,away,Leeds,1,0,1,9,4,0.4444444444444444,0.1111111111111111,13,3,0.23076923076923078,0.0,14,14,1.0,2,3,0,0,5,7,12,3,39,Win,39.012004
2020-2021,2021-03-03 00:00:00,Aston Villa,25,away,Sheffield United,0,1,-1,16,4,0.25,0.0,9,2,0.2222222222222222,0.1111111111111111,6,13,0.46153846153846156,0,1,0,1,7,2,11,0,39,Loss,39.011004
2020-2021,2021-03-06 00:00:00,Aston Villa,26,home,Wolves,0,0,0,9,1,0.1111111111111111,0.0,10,2,0.2,0.0,13,13,1.0,1,0,0,0,5,3,11,1,40,Draw,40.011001
2020-2021,2021-03-12 00:00:00,Aston Villa,27,away,Newcastle,1,1,0,15,6,0.4,0.06666666666666667,12,3,0.25,0.08333333333333333,10,10,1.0,3,2,0,0,2,2,11,1,41,Draw,41.011006
2020-2021,2021-03-21 00:00:00,Aston Villa,28,home,Tottenham,0,2,-2,8,1,0.125,0.0,9,3,0.3333333333333333,0.2222222222222222,18,13,1.3846153846153846,3,2,0,0,5,8,9,0,41,Loss,41.009001
2020-2021,2021-04-04 00:00:00,Aston Villa,29,home,Fulham,3,1,2,14,4,0.2857142857142857,0.21428571428571427,15,7,0.4666666666666667,0.06666666666666667,14,20,0.7,1,2,0,0,4,4,11,3,44,Win,44.011004
2020-2021,2021-04-10 00:00:00,Aston Villa,30,away,Liverpool,1,2,-1,9,5,0.5555555555555556,0.1111111111111111,23,10,0.43478260869565216,0.08695652173913043,11,16,0.6875,4,2,0,0,0,7,10,0,44,Loss,44.010005
2020-2021,2021-04-21 00:00:00,Aston Villa,31,home,Man City,1,2,-1,8,3,0.375,0.125,13,3,0.23076923076923078,0.15384615384615385,12,7,1.7142857142857142,0,1,1,1,1,11,9,0,44,Loss,44.009003
2020-2021,2021-04-25 00:00:00,Aston Villa,32,home,West Brom,2,2,0,24,11,0.4583333333333333,0.08333333333333333,10,4,0.4,0.2,14,9,1.5555555555555556,0,2,0,0,11,4,9,1,45,Draw,45.009011
2020-2021,2021-05-01 00:00:00,Aston Villa,33,away,Everton,2,1,1,13,5,0.38461538461538464,0.15384615384615385,16,3,0.1875,0.0625,13,10,1.3,2,0,0,0,6,3,10,3,48,Win,48.010005
2020-2021,2021-05-09 00:00:00,Aston Villa,34,home,Man United,1,3,-2,11,5,0.45454545454545453,0.09090909090909091,18,7,0.3888888888888889,0.16666666666666666,13,18,0.7222222222222222,1,1,1,0,5,6,8,0,48,Loss,48.008005000000004
2020-2021,2021-05-13 00:00:00,Aston Villa,35,home,Everton,0,0,0,13,2,0.15384615384615385,0.0,15,5,0.3333333333333333,0.0,9,12,0.75,2,0,0,0,9,1,8,1,49,Draw,49.008002000000005
2020-2021,2021-05-16 00:00:00,Aston Villa,36,away,Crystal Palace,2,3,-1,19,5,0.2631578947368421,0.10526315789473684,23,8,0.34782608695652173,0.13043478260869565,13,23,0.5652173913043478,2,3,0,0,7,7,7,0,49,Loss,49.007005
2020-2021,2021-05-19 00:00:00,Aston Villa,37,away,Tottenham,2,1,1,20,4,0.2,0.1,10,4,0.4,0.1,13,14,0.9285714285714286,1,1,0,0,5,4,8,3,52,Win,52.008004
2020-2021,2021-05-23 00:00:00,Aston Villa,38,home,Chelsea,2,1,1,6,3,0.5,0.3333333333333333,23,7,0.30434782608695654,0.043478260869565216,11,12,0.9166666666666666,3,3,0,1,2,9,9,3,55,Win,55.009003
2020-2021,2020-09-14 00:00:00,Brighton,1,home,Chelsea,1,3,-2,13,3,0.23076923076923078,0.07692307692307693,10,5,0.5,0.3,8,13,0.6153846153846154,1,0,0,0,4,3,-2,0,0,Loss,-0.001997
2020-2021,2020-09-20 00:00:00,Brighton,2,away,Newcastle,3,0,3,13,6,0.46153846153846156,0.23076923076923078,6,0,0.0,0.0,15,16,0.9375,0,3,1,0,1,7,1,3,3,Win,3.001006
2020-2021,2020-09-26 00:00:00,Brighton,3,home,Man United,2,3,-1,18,5,0.2777777777777778,0.1111111111111111,7,3,0.42857142857142855,0.42857142857142855,18,16,1.125,4,2,0,0,7,1,0,0,3,Loss,3.000005
2020-2021,2020-10-03 00:00:00,Brighton,4,away,Everton,2,4,-2,11,3,0.2727272727272727,0.18181818181818182,11,6,0.5454545454545454,0.36363636363636365,14,13,1.0769230769230769,1,0,0,0,10,3,-2,0,3,Loss,2.998003
2020-2021,2020-10-18 00:00:00,Brighton,5,away,Crystal Palace,1,1,0,20,3,0.15,0.05,1,1,1.0,1.0,12,13,0.9230769230769231,2,3,1,0,5,2,-2,1,4,Draw,3.998003
2020-2021,2020-10-26 00:00:00,Brighton,6,home,West Brom,1,1,0,5,3,0.6,0.2,9,3,0.3333333333333333,0.1111111111111111,14,7,2.0,2,0,0,0,6,2,-2,1,5,Draw,4.998003000000001
2020-2021,2020-11-01 00:00:00,Brighton,7,away,Tottenham,1,2,-1,6,2,0.3333333333333333,0.16666666666666666,9,3,0.3333333333333333,0.2222222222222222,13,14,0.9285714285714286,1,2,0,0,5,4,-3,0,5,Loss,4.997002
2020-2021,2020-11-06 00:00:00,Brighton,8,home,Burnley,0,0,0,19,3,0.15789473684210525,0.0,4,1,0.25,0.0,11,5,2.2,1,0,0,0,5,3,-3,1,6,Draw,5.997003
2020-2021,2020-11-21 00:00:00,Brighton,9,away,Aston Villa,2,1,1,7,3,0.42857142857142855,0.2857142857142857,15,4,0.26666666666666666,0.06666666666666667,18,5,3.6,1,2,1,0,3,12,-2,3,9,Win,8.998002999999999
2020-2021,2020-11-28 00:00:00,Brighton,10,home,Liverpool,1,1,0,11,3,0.2727272727272727,0.09090909090909091,6,2,0.3333333333333333,0.16666666666666666,9,13,0.6923076923076923,2,1,0,0,4,3,-2,1,10,Draw,9.998002999999999
2020-2021,2020-12-07 00:00:00,Brighton,11,home,Southampton,1,2,-1,12,4,0.3333333333333333,0.08333333333333333,10,3,0.3,0.2,12,12,1.0,3,3,0,0,4,3,-3,0,10,Loss,9.997004
2020-2021,2020-12-13 00:00:00,Brighton,12,away,Leicester,0,3,-3,12,4,0.3333333333333333,0.0,15,6,0.4,0.2,11,9,1.2222222222222223,1,2,0,0,5,9,-6,0,10,Loss,9.994004
2020-2021,2020-12-16 00:00:00,Brighton,13,away,Fulham,0,0,0,9,4,0.4444444444444444,0.0,9,4,0.4444444444444444,0.0,11,15,0.7333333333333333,0,1,0,0,8,1,-6,1,11,Draw,10.994004
2020-2021,2020-12-20 00:00:00,Brighton,14,home,Sheffield United,1,1,0,21,5,0.23809523809523808,0.047619047619047616,5,3,0.6,0.2,9,11,0.8181818181818182,1,5,0,1,14,2,-6,1,12,Draw,11.994005
2020-2021,2020-12-27 00:00:00,Brighton,15,away,West Ham,2,2,0,13,4,0.3076923076923077,0.15384615384615385,11,4,0.36363636363636365,0.18181818181818182,8,6,1.3333333333333333,0,0,0,0,4,5,-6,1,13,Draw,12.994004
2020-2021,2020-12-29 00:00:00,Brighton,16,home,Arsenal,0,1,-1,13,2,0.15384615384615385,0.0,11,3,0.2727272727272727,0.09090909090909091,11,4,2.75,2,0,0,0,5,4,-7,0,13,Loss,12.993002
2020-2021,2021-01-02 00:00:00,Brighton,17,home,Wolves,3,3,0,13,4,0.3076923076923077,0.23076923076923078,11,4,0.36363636363636365,0.2727272727272727,13,8,1.625,2,1,0,0,5,8,-7,1,14,Draw,13.993004
2020-2021,2021-01-13 00:00:00,Brighton,18,away,Man City,0,1,-1,5,1,0.2,0.0,16,6,0.375,0.0625,12,4,3.0,2,0,0,0,4,8,-8,0,14,Loss,13.992001
2020-2021,2021-01-16 00:00:00,Brighton,19,away,Leeds,1,0,1,7,2,0.2857142857142857,0.14285714285714285,7,2,0.2857142857142857,0.0,9,8,1.125,1,1,0,0,2,5,-7,3,17,Win,16.993001999999997
2020-2021,2021-01-27 00:00:00,Brighton,20,home,Fulham,0,0,0,16,5,0.3125,0.0,10,3,0.3,0.0,10,14,0.7142857142857143,2,1,0,0,10,0,-7,1,18,Draw,17.993005
2020-2021,2021-01-31 00:00:00,Brighton,21,home,Tottenham,1,0,1,16,5,0.3125,0.0625,8,4,0.5,0.0,11,11,1.0,2,1,0,0,9,2,-6,3,21,Win,20.994005
2020-2021,2021-02-03 00:00:00,Brighton,22,away,Liverpool,1,0,1,13,4,0.3076923076923077,0.07692307692307693,11,1,0.09090909090909091,0.0,6,12,0.5,0,1,0,0,3,6,-5,3,24,Win,23.995004
2020-2021,2021-02-06 00:00:00,Brighton,23,away,Burnley,1,1,0,10,2,0.2,0.1,20,7,0.35,0.05,10,8,1.25,0,2,0,0,7,8,-5,1,25,Draw,24.995002
2020-2021,2021-02-13 00:00:00,Brighton,24,home,Aston Villa,0,0,0,26,9,0.34615384615384615,0.0,4,1,0.25,0.0,16,12,1.3333333333333333,2,3,0,0,9,2,-5,1,26,Draw,25.995009
2020-2021,2021-02-22 00:00:00,Brighton,25,home,Crystal Palace,1,2,-1,25,5,0.2,0.04,3,2,0.6666666666666666,0.6666666666666666,11,6,1.8333333333333333,2,0,0,0,13,0,-6,0,26,Loss,25.994005
2020-2021,2021-02-27 00:00:00,Brighton,26,away,West Brom,0,1,-1,15,6,0.4,0.0,6,2,0.3333333333333333,0.16666666666666666,12,11,1.0909090909090908,0,0,0,0,4,7,-7,0,26,Loss,25.993005999999998
2020-2021,2021-03-06 00:00:00,Brighton,27,home,Leicester,1,2,-1,7,2,0.2857142857142857,0.14285714285714285,8,4,0.5,0.25,14,8,1.75,0,1,0,0,6,6,-8,0,26,Loss,25.992002
2020-2021,2021-03-14 00:00:00,Brighton,28,away,Southampton,2,1,1,8,6,0.75,0.25,9,4,0.4444444444444444,0.1111111111111111,10,11,0.9090909090909091,0,0,0,0,5,4,-7,3,29,Win,28.993005999999998
2020-2021,2021-03-20 00:00:00,Brighton,29,home,Newcastle,3,0,3,11,6,0.5454545454545454,0.2727272727272727,3,1,0.3333333333333333,0.0,12,5,2.4,0,1,0,0,3,1,-4,3,32,Win,31.996005999999998
2020-2021,2021-04-04 00:00:00,Brighton,30,away,Man United,1,2,-1,5,3,0.6,0.2,15,7,0.4666666666666667,0.13333333333333333,7,14,0.5,2,2,0,0,6,5,-5,0,32,Loss,31.995003
2020-2021,2021-04-12 00:00:00,Brighton,31,home,Everton,0,0,0,23,3,0.13043478260869565,0.0,8,1,0.125,0.0,12,7,1.7142857142857142,1,2,0,0,10,3,-5,1,33,Draw,32.995003
2020-2021,2021-04-20 00:00:00,Brighton,32,away,Chelsea,0,0,0,11,2,0.18181818181818182,0.0,7,4,0.5714285714285714,0.0,9,8,1.125,0,2,1,0,3,0,-5,1,34,Draw,33.995002
2020-2021,2021-04-24 00:00:00,Brighton,33,away,Sheffield United,0,1,-1,17,4,0.23529411764705882,0.0,7,3,0.42857142857142855,0.14285714285714285,7,13,0.5384615384615384,0,3,0,0,12,2,-6,0,34,Loss,33.994004
2020-2021,2021-05-01 00:00:00,Brighton,34,home,Leeds,2,0,2,17,5,0.29411764705882354,0.11764705882352941,11,2,0.18181818181818182,0.0,17,6,2.8333333333333335,1,1,0,0,2,9,-4,3,37,Win,36.996005000000004
2020-2021,2021-05-09 00:00:00,Brighton,35,away,Wolves,1,2,-1,5,3,0.6,0.2,16,6,0.375,0.125,7,12,0.5833333333333334,2,2,2,0,5,10,-5,0,37,Loss,36.995003
2020-2021,2021-05-15 00:00:00,Brighton,36,home,West Ham,1,1,0,10,2,0.2,0.1,15,3,0.2,0.06666666666666667,7,5,1.4,1,1,0,0,3,3,-5,1,38,Draw,37.995002
2020-2021,2021-05-18 00:00:00,Brighton,37,home,Man City,3,2,1,19,6,0.3157894736842105,0.15789473684210525,8,4,0.5,0.25,13,11,1.1818181818181819,3,3,0,1,5,3,-4,3,41,Win,40.996006
2020-2021,2021-05-23 00:00:00,Brighton,38,away,Arsenal,0,2,-2,5,1,0.2,0.0,16,5,0.3125,0.125,8,10,0.8,0,0,0,0,3,11,-6,0,41,Loss,40.994001
2020-2021,2020-09-20 00:00:00,Burnley,1,away,Leicester,2,4,-2,16,5,0.3125,0.125,14,6,0.42857142857142855,0.2857142857142857,13,11,1.1818181818181819,2,1,0,0,4,15,-2,0,0,Loss,-0.0019950000000000002
2020-2021,2020-09-26 00:00:00,Burnley,2,home,Southampton,0,1,-1,10,2,0.2,0.0,5,1,0.2,0.2,8,10,0.8,1,0,0,0,8,2,-3,0,0,Loss,-0.0029980000000000002
2020-2021,2020-10-03 00:00:00,Burnley,3,away,Newcastle,1,3,-2,7,3,0.42857142857142855,0.14285714285714285,10,5,0.5,0.3,17,13,1.3076923076923077,3,2,0,0,4,3,-5,0,0,Loss,-0.004997
2020-2021,2020-10-19 00:00:00,Burnley,4,away,West Brom,0,0,0,9,4,0.4444444444444444,0.0,13,6,0.46153846153846156,0.0,17,15,1.1333333333333333,2,2,0,0,2,8,-5,1,1,Draw,0.995004
2020-2021,2020-10-26 00:00:00,Burnley,5,home,Tottenham,0,1,-1,13,4,0.3076923076923077,0.0,9,3,0.3333333333333333,0.1111111111111111,9,7,1.2857142857142858,2,0,0,0,4,5,-6,0,1,Loss,0.994004
2020-2021,2020-10-31 00:00:00,Burnley,6,home,Chelsea,0,3,-3,5,0,0.0,0.0,14,9,0.6428571428571429,0.21428571428571427,10,15,0.6666666666666666,1,0,0,0,3,4,-9,0,1,Loss,0.991
2020-2021,2020-11-06 00:00:00,Burnley,7,away,Brighton,0,0,0,4,1,0.25,0.0,19,3,0.15789473684210525,0.0,5,11,0.45454545454545453,0,1,0,0,3,5,-9,1,2,Draw,1.991001
2020-2021,2020-11-23 00:00:00,Burnley,8,home,Crystal Palace,1,0,1,10,4,0.4,0.1,15,5,0.3333333333333333,0.0,13,9,1.4444444444444444,2,0,0,0,4,7,-8,3,5,Win,4.992004
2020-2021,2020-11-28 00:00:00,Burnley,9,away,Man City,0,5,-5,9,1,0.1111111111111111,0.0,19,6,0.3157894736842105,0.2631578947368421,4,12,0.3333333333333333,0,0,0,0,4,6,-13,0,5,Loss,4.987001
2020-2021,2020-12-05 00:00:00,Burnley,10,home,Everton,1,1,0,8,3,0.375,0.125,13,6,0.46153846153846156,0.07692307692307693,6,9,0.6666666666666666,0,0,0,0,8,4,-13,1,6,Draw,5.9870030000000005
2020-2021,2020-12-13 00:00:00,Burnley,11,away,Arsenal,1,0,1,10,2,0.2,0.1,18,6,0.3333333333333333,0.0,11,5,2.2,1,2,0,1,4,13,-12,3,9,Win,8.988002
2020-2021,2020-12-17 00:00:00,Burnley,12,away,Aston Villa,0,0,0,6,4,0.6666666666666666,0.0,27,7,0.25925925925925924,0.0,19,17,1.1176470588235294,1,1,0,0,1,11,-12,1,10,Draw,9.988004
2020-2021,2020-12-21 00:00:00,Burnley,13,home,Wolves,2,1,1,10,4,0.4,0.2,15,3,0.2,0.06666666666666667,11,15,0.7333333333333333,2,1,0,0,1,7,-11,3,13,Win,12.989004000000001
2020-2021,2020-12-27 00:00:00,Burnley,14,away,Leeds,0,1,-1,14,6,0.42857142857142855,0.0,11,4,0.36363636363636365,0.09090909090909091,14,8,1.75,3,0,0,0,12,4,-12,0,13,Loss,12.988006
2020-2021,2020-12-29 00:00:00,Burnley,15,home,Sheffield United,1,0,1,5,3,0.6,0.2,7,3,0.42857142857142855,0.0,13,17,0.7647058823529411,1,2,0,0,3,5,-11,3,16,Win,15.989003
2020-2021,2021-01-12 00:00:00,Burnley,16,home,Man United,0,1,-1,11,0,0.0,0.0,13,7,0.5384615384615384,0.07692307692307693,15,13,1.1538461538461537,1,2,0,0,3,4,-12,0,16,Loss,15.988
2020-2021,2021-01-16 00:00:00,Burnley,17,away,West Ham,0,1,-1,10,2,0.2,0.0,15,4,0.26666666666666666,0.06666666666666667,9,12,0.75,1,2,0,0,4,7,-13,0,16,Loss,15.987002
2020-2021,2021-01-21 00:00:00,Burnley,18,away,Liverpool,1,0,1,6,4,0.6666666666666666,0.16666666666666666,27,6,0.2222222222222222,0.0,8,11,0.7272727272727273,1,2,0,0,0,12,-12,3,19,Win,18.988004
2020-2021,2021-01-27 00:00:00,Burnley,19,home,Aston Villa,3,2,1,10,5,0.5,0.3,18,10,0.5555555555555556,0.1111111111111111,16,7,2.2857142857142856,1,0,0,0,2,4,-11,3,22,Win,21.989005000000002
2020-2021,2021-01-31 00:00:00,Burnley,20,away,Chelsea,0,2,-2,1,0,0.0,0.0,19,8,0.42105263157894735,0.10526315789473684,9,7,1.2857142857142858,1,0,0,0,2,4,-13,0,22,Loss,21.987
2020-2021,2021-02-03 00:00:00,Burnley,21,home,Man City,0,2,-2,2,0,0.0,0.0,17,6,0.35294117647058826,0.11764705882352941,8,5,1.6,2,1,0,0,1,3,-15,0,22,Loss,21.985
2020-2021,2021-02-06 00:00:00,Burnley,22,home,Brighton,1,1,0,20,7,0.35,0.05,10,2,0.2,0.1,8,10,0.8,2,0,0,0,8,7,-15,1,23,Draw,22.985007
2020-2021,2021-02-13 00:00:00,Burnley,23,away,Crystal Palace,3,0,3,16,4,0.25,0.1875,13,3,0.23076923076923078,0.0,14,15,0.9333333333333333,0,0,0,0,4,7,-12,3,26,Win,25.988004
2020-2021,2021-02-17 00:00:00,Burnley,24,home,Fulham,1,1,0,8,3,0.375,0.125,8,3,0.375,0.125,7,13,0.5384615384615384,1,1,0,0,5,5,-12,1,27,Draw,26.988003
2020-2021,2021-02-20 00:00:00,Burnley,25,home,West Brom,0,0,0,6,1,0.16666666666666666,0.0,10,3,0.3,0.0,16,10,1.6,3,0,0,1,5,5,-12,1,28,Draw,27.988001
2020-2021,2021-02-28 00:00:00,Burnley,26,away,Tottenham,0,4,-4,10,3,0.3,0.0,16,7,0.4375,0.25,10,6,1.6666666666666667,0,0,0,0,4,3,-16,0,28,Loss,27.984003
2020-2021,2021-03-03 00:00:00,Burnley,27,home,Leicester,1,1,0,12,7,0.5833333333333334,0.08333333333333333,15,4,0.26666666666666666,0.06666666666666667,6,12,0.5,0,2,0,0,5,8,-16,1,29,Draw,28.984007000000002
2020-2021,2021-03-06 00:00:00,Burnley,28,home,Arsenal,1,1,0,9,5,0.5555555555555556,0.1111111111111111,15,3,0.2,0.06666666666666667,5,12,0.4166666666666667,1,1,0,0,2,4,-16,1,30,Draw,29.984005000000003
2020-2021,2021-03-13 00:00:00,Burnley,29,away,Everton,2,1,1,14,5,0.35714285714285715,0.14285714285714285,14,4,0.2857142857142857,0.07142857142857142,6,9,0.6666666666666666,4,0,0,0,4,7,-15,3,33,Win,32.985005
2020-2021,2021-04-04 00:00:00,Burnley,30,away,Southampton,2,3,-1,7,5,0.7142857142857143,0.2857142857142857,24,9,0.375,0.125,10,11,0.9090909090909091,0,0,0,0,7,6,-16,0,33,Loss,32.984005
2020-2021,2021-04-11 00:00:00,Burnley,31,home,Newcastle,1,2,-1,24,4,0.16666666666666666,0.041666666666666664,10,5,0.5,0.2,11,12,0.9166666666666666,1,0,0,0,13,3,-17,0,33,Loss,32.983003999999994
2020-2021,2021-04-18 00:00:00,Burnley,32,away,Man United,1,3,-2,10,3,0.3,0.1,17,9,0.5294117647058824,0.17647058823529413,12,9,1.3333333333333333,2,1,0,0,3,8,-19,0,33,Loss,32.981003
2020-2021,2021-04-25 00:00:00,Burnley,33,away,Wolves,4,0,4,14,7,0.5,0.2857142857142857,12,2,0.16666666666666666,0.0,9,8,1.125,2,1,0,0,5,8,-15,3,36,Win,35.985006999999996
2020-2021,2021-05-03 00:00:00,Burnley,34,home,West Ham,1,2,-1,8,3,0.375,0.125,22,4,0.18181818181818182,0.09090909090909091,4,8,0.5,2,1,0,0,5,4,-16,0,36,Loss,35.984003
2020-2021,2021-05-10 00:00:00,Burnley,35,away,Fulham,2,0,2,14,5,0.35714285714285715,0.14285714285714285,21,3,0.14285714285714285,0.0,10,11,0.9090909090909091,0,2,0,0,4,8,-14,3,39,Win,38.986005
2020-2021,2021-05-15 00:00:00,Burnley,36,home,Leeds,0,4,-4,16,4,0.25,0.0,16,6,0.375,0.25,10,10,1.0,1,1,0,0,6,8,-18,0,39,Loss,38.982003999999996
2020-2021,2021-05-19 00:00:00,Burnley,37,home,Liverpool,0,3,-3,10,4,0.4,0.0,20,3,0.15,0.15,10,7,1.4285714285714286,0,0,0,0,6,7,-21,0,39,Loss,38.979003999999996
2020-2021,2021-05-23 00:00:00,Burnley,38,away,Sheffield United,0,1,-1,10,3,0.3,0.0,12,3,0.25,0.08333333333333333,1,11,0.09090909090909091,1,3,0,0,9,8,-22,0,39,Loss,38.978003
2020-2021,2020-09-14 00:00:00,Chelsea,1,away,Brighton,3,1,2,10,5,0.5,0.3,13,3,0.23076923076923078,0.07692307692307693,13,8,1.625,0,1,0,0,3,4,2,3,3,Win,3.0020049999999996
2020-2021,2020-09-20 00:00:00,Chelsea,2,home,Liverpool,0,2,-2,5,3,0.6,0.0,18,6,0.3333333333333333,0.1111111111111111,10,6,1.6666666666666667,0,0,1,0,1,11,0,0,3,Loss,3.000003
2020-2021,2020-09-26 00:00:00,Chelsea,3,away,West Brom,3,3,0,22,10,0.45454545454545453,0.13636363636363635,9,3,0.3333333333333333,0.3333333333333333,16,8,2.0,3,1,0,0,9,3,0,1,4,Draw,4.00001
2020-2021,2020-10-03 00:00:00,Chelsea,4,home,Crystal Palace,4,0,4,17,6,0.35294117647058826,0.23529411764705882,4,0,0.0,0.0,17,13,1.3076923076923077,2,0,0,0,8,5,4,3,7,Win,7.0040059999999995
2020-2021,2020-10-17 00:00:00,Chelsea,5,home,Southampton,3,3,0,11,5,0.45454545454545453,0.2727272727272727,13,6,0.46153846153846156,0.23076923076923078,11,9,1.2222222222222223,1,1,0,0,6,2,4,1,8,Draw,8.004005
2020-2021,2020-10-24 00:00:00,Chelsea,6,away,Man United,0,0,0,6,1,0.16666666666666666,0.0,14,4,0.2857142857142857,0.0,6,8,0.75,1,3,0,0,6,9,4,1,9,Draw,9.004000999999999
2020-2021,2020-10-31 00:00:00,Chelsea,7,away,Burnley,3,0,3,14,9,0.6428571428571429,0.21428571428571427,5,0,0.0,0.0,15,10,1.5,0,1,0,0,4,3,7,3,12,Win,12.007009
2020-2021,2020-11-07 00:00:00,Chelsea,8,home,Sheffield United,4,1,3,20,9,0.45,0.2,6,3,0.5,0.16666666666666666,5,14,0.35714285714285715,0,2,0,0,6,7,10,3,15,Win,15.010009
2020-2021,2020-11-21 00:00:00,Chelsea,9,away,Newcastle,2,0,2,14,3,0.21428571428571427,0.14285714285714285,8,1,0.125,0.0,12,11,1.0909090909090908,0,2,0,0,4,7,12,3,18,Win,18.012003
2020-2021,2020-11-29 00:00:00,Chelsea,10,home,Tottenham,0,0,0,13,3,0.23076923076923078,0.0,5,1,0.2,0.0,20,9,2.2222222222222223,4,2,0,0,3,3,12,1,19,Draw,19.012003
2020-2021,2020-12-05 00:00:00,Chelsea,11,home,Leeds,3,1,2,23,11,0.4782608695652174,0.13043478260869565,8,3,0.375,0.125,12,9,1.3333333333333333,0,2,0,0,8,4,14,3,22,Win,22.014011
2020-2021,2020-12-12 00:00:00,Chelsea,12,away,Everton,0,1,-1,10,3,0.3,0.0,9,4,0.4444444444444444,0.1111111111111111,11,10,1.1,3,2,0,0,6,6,13,0,22,Loss,22.013003
2020-2021,2020-12-15 00:00:00,Chelsea,13,away,Wolves,1,2,-1,13,3,0.23076923076923078,0.07692307692307693,12,4,0.3333333333333333,0.16666666666666666,12,12,1.0,2,2,0,0,6,5,12,0,22,Loss,22.012003
2020-2021,2020-12-21 00:00:00,Chelsea,14,home,West Ham,3,0,3,11,7,0.6363636363636364,0.2727272727272727,6,0,0.0,0.0,11,6,1.8333333333333333,0,0,0,0,5,4,15,3,25,Win,25.015007
2020-2021,2020-12-26 00:00:00,Chelsea,15,away,Arsenal,1,3,-2,19,3,0.15789473684210525,0.05263157894736842,15,7,0.4666666666666667,0.2,10,13,0.7692307692307693,1,2,0,0,9,7,13,0,25,Loss,25.013003
2020-2021,2020-12-28 00:00:00,Chelsea,16,home,Aston Villa,1,1,0,16,5,0.3125,0.0625,10,2,0.2,0.1,16,3,5.333333333333333,3,1,0,0,11,4,13,1,26,Draw,26.013005000000003
2020-2021,2021-01-03 00:00:00,Chelsea,17,home,Man City,1,3,-2,9,2,0.2222222222222222,0.1111111111111111,18,6,0.3333333333333333,0.16666666666666666,11,10,1.1,3,1,0,0,5,3,11,0,26,Loss,26.011001999999998
2020-2021,2021-01-16 00:00:00,Chelsea,18,away,Fulham,1,0,1,21,6,0.2857142857142857,0.047619047619047616,10,3,0.3,0.0,10,11,0.9090909090909091,3,2,0,1,12,1,12,3,29,Win,29.012006
2020-2021,2021-01-19 00:00:00,Chelsea,19,away,Leicester,0,2,-2,9,5,0.5555555555555556,0.0,8,6,0.75,0.25,16,7,2.2857142857142856,3,1,0,0,3,6,10,0,29,Loss,29.010005000000003
2020-2021,2021-01-27 00:00:00,Chelsea,20,home,Wolves,0,0,0,14,5,0.35714285714285715,0.0,4,0,0.0,0.0,14,7,2.0,1,1,0,0,13,1,10,1,30,Draw,30.010005000000003
2020-2021,2021-01-31 00:00:00,Chelsea,21,home,Burnley,2,0,2,19,8,0.42105263157894735,0.10526315789473684,1,0,0.0,0.0,7,9,0.7777777777777778,0,1,0,0,4,2,12,3,33,Win,33.012008
2020-2021,2021-02-04 00:00:00,Chelsea,22,away,Tottenham,1,0,1,18,2,0.1111111111111111,0.05555555555555555,7,2,0.2857142857142857,0.0,14,20,0.7,3,2,0,0,7,2,13,3,36,Win,36.013002
2020-2021,2021-02-07 00:00:00,Chelsea,23,away,Sheffield United,2,1,1,9,3,0.3333333333333333,0.2222222222222222,8,3,0.375,0.125,8,8,1.0,0,1,0,0,8,1,14,3,39,Win,39.014003
2020-2021,2021-02-15 00:00:00,Chelsea,24,home,Newcastle,2,0,2,18,5,0.2777777777777778,0.1111111111111111,10,4,0.4,0.0,9,13,0.6923076923076923,0,0,0,0,10,5,16,3,42,Win,42.016005
2020-2021,2021-02-20 00:00:00,Chelsea,25,away,Southampton,1,1,0,9,3,0.3333333333333333,0.1111111111111111,4,1,0.25,0.25,10,10,1.0,1,1,0,0,6,3,16,1,43,Draw,43.016003
2020-2021,2021-02-28 00:00:00,Chelsea,26,home,Man United,0,0,0,18,6,0.3333333333333333,0.0,11,4,0.36363636363636365,0.0,11,12,0.9166666666666666,1,2,0,0,3,4,16,1,44,Draw,44.016006
2020-2021,2021-03-04 00:00:00,Chelsea,27,away,Liverpool,1,0,1,11,5,0.45454545454545453,0.09090909090909091,7,1,0.14285714285714285,0.0,8,9,0.8888888888888888,0,0,0,0,2,5,17,3,47,Win,47.017005000000005
2020-2021,2021-03-08 00:00:00,Chelsea,28,home,Everton,2,0,2,19,9,0.47368421052631576,0.10526315789473684,7,1,0.14285714285714285,0.0,11,12,0.9166666666666666,0,3,0,0,7,3,19,3,50,Win,50.019009
2020-2021,2021-03-13 00:00:00,Chelsea,29,away,Leeds,0,0,0,15,8,0.5333333333333333,0.0,7,4,0.5714285714285714,0.0,6,16,0.375,0,3,0,0,5,8,19,1,51,Draw,51.019008
2020-2021,2021-04-03 00:00:00,Chelsea,30,home,West Brom,2,5,-3,18,8,0.4444444444444444,0.1111111111111111,14,7,0.5,0.35714285714285715,11,6,1.8333333333333333,1,1,1,0,10,3,16,0,51,Loss,51.016008
2020-2021,2021-04-10 00:00:00,Chelsea,31,away,Crystal Palace,4,1,3,23,10,0.43478260869565216,0.17391304347826086,1,1,1.0,1.0,12,7,1.7142857142857142,0,1,0,0,8,0,19,3,54,Win,54.01901
2020-2021,2021-04-20 00:00:00,Chelsea,32,home,Brighton,0,0,0,7,4,0.5714285714285714,0.0,11,2,0.18181818181818182,0.0,8,9,0.8888888888888888,2,0,0,1,0,3,19,1,55,Draw,55.019003999999995
2020-2021,2021-04-24 00:00:00,Chelsea,33,away,West Ham,1,0,1,17,6,0.35294117647058826,0.058823529411764705,9,2,0.2222222222222222,0.0,11,9,1.2222222222222223,4,0,0,1,2,4,20,3,58,Win,58.020006
2020-2021,2021-05-01 00:00:00,Chelsea,34,home,Fulham,2,0,2,9,5,0.5555555555555556,0.2222222222222222,10,3,0.3,0.0,15,8,1.875,1,1,0,0,1,8,22,3,61,Win,61.022005
2020-2021,2021-05-08 00:00:00,Chelsea,35,away,Man City,2,1,1,12,5,0.4166666666666667,0.16666666666666666,16,4,0.25,0.0625,10,12,0.8333333333333334,0,2,0,0,2,6,23,3,64,Win,64.023005
2020-2021,2021-05-12 00:00:00,Chelsea,36,home,Arsenal,0,1,-1,19,5,0.2631578947368421,0.0,5,2,0.4,0.2,7,6,1.1666666666666667,0,1,0,0,9,1,22,0,64,Loss,64.02200500000001
2020-2021,2021-05-18 00:00:00,Chelsea,37,home,Leicester,2,1,1,17,6,0.35294117647058826,0.11764705882352941,7,3,0.42857142857142855,0.14285714285714285,15,16,0.9375,2,4,0,0,6,5,23,3,67,Win,67.023006
2020-2021,2021-05-23 00:00:00,Chelsea,38,away,Aston Villa,1,2,-1,23,7,0.30434782608695654,0.043478260869565216,6,3,0.5,0.3333333333333333,12,11,1.0909090909090908,3,3,1,0,9,2,22,0,67,Loss,67.022007
2020-2021,2020-09-12 00:00:00,Crystal Palace,1,home,Southampton,1,0,1,5,3,0.6,0.2,9,5,0.5555555555555556,0.0,14,11,1.2727272727272727,2,1,0,0,7,3,1,3,3,Win,3.001003
2020-2021,2020-09-19 00:00:00,Crystal Palace,2,away,Man United,3,1,2,14,5,0.35714285714285715,0.21428571428571427,13,4,0.3076923076923077,0.07692307692307693,10,13,0.7692307692307693,1,2,0,0,3,9,3,3,6,Win,6.003005
2020-2021,2020-09-26 00:00:00,Crystal Palace,3,home,Everton,1,2,-1,8,1,0.125,0.125,10,5,0.5,0.2,16,15,1.0666666666666667,3,1,0,0,7,6,2,0,6,Loss,6.002001
2020-2021,2020-10-03 00:00:00,Crystal Palace,4,away,Chelsea,0,4,-4,4,0,0.0,0.0,17,6,0.35294117647058826,0.23529411764705882,13,17,0.7647058823529411,0,2,0,0,5,8,-2,0,6,Loss,5.998
2020-2021,2020-10-18 00:00:00,Crystal Palace,5,home,Brighton,1,1,0,1,1,1.0,1.0,20,3,0.15,0.05,13,12,1.0833333333333333,3,2,0,1,2,5,-2,1,7,Draw,6.998001
2020-2021,2020-10-24 00:00:00,Crystal Palace,6,away,Fulham,2,1,1,14,10,0.7142857142857143,0.14285714285714285,16,3,0.1875,0.0625,11,11,1.0,1,0,0,1,4,4,-1,3,10,Win,9.99901
2020-2021,2020-10-30 00:00:00,Crystal Palace,7,away,Wolves,0,2,-2,11,2,0.18181818181818182,0.0,15,5,0.3333333333333333,0.13333333333333333,4,13,0.3076923076923077,2,0,1,0,6,7,-3,0,10,Loss,9.997002
2020-2021,2020-11-07 00:00:00,Crystal Palace,8,home,Leeds,4,1,3,10,6,0.6,0.4,9,3,0.3333333333333333,0.1111111111111111,9,1,9.0,0,2,0,0,3,6,0,3,13,Win,13.000006
2020-2021,2020-11-23 00:00:00,Crystal Palace,9,away,Burnley,0,1,-1,15,5,0.3333333333333333,0.0,10,4,0.4,0.1,9,13,0.6923076923076923,0,2,0,0,7,4,-1,0,13,Loss,12.999005
2020-2021,2020-11-27 00:00:00,Crystal Palace,10,home,Newcastle,0,2,-2,12,3,0.25,0.0,14,7,0.5,0.14285714285714285,9,10,0.9,2,2,0,0,7,3,-3,0,13,Loss,12.997003
2020-2021,2020-12-06 00:00:00,Crystal Palace,11,away,West Brom,5,1,4,18,6,0.3333333333333333,0.2777777777777778,9,4,0.4444444444444444,0.1111111111111111,16,10,1.6,2,2,0,1,6,4,1,3,16,Win,16.001006
2020-2021,2020-12-13 00:00:00,Crystal Palace,12,home,Tottenham,1,1,0,16,5,0.3125,0.0625,14,6,0.42857142857142855,0.07142857142857142,15,11,1.3636363636363635,1,1,0,0,4,7,1,1,17,Draw,17.001005000000003
2020-2021,2020-12-16 00:00:00,Crystal Palace,13,away,West Ham,1,1,0,8,2,0.25,0.125,9,2,0.2222222222222222,0.1111111111111111,12,8,1.5,1,0,1,0,3,5,1,1,18,Draw,18.001002
2020-2021,2020-12-19 00:00:00,Crystal Palace,14,home,Liverpool,0,7,-7,5,3,0.6,0.0,14,8,0.5714285714285714,0.5,5,11,0.45454545454545453,1,0,0,0,5,4,-6,0,18,Loss,17.994003
2020-2021,2020-12-26 00:00:00,Crystal Palace,15,away,Aston Villa,0,3,-3,13,6,0.46153846153846156,0.0,21,10,0.47619047619047616,0.14285714285714285,16,18,0.8888888888888888,4,1,0,1,4,4,-9,0,18,Loss,17.991006
2020-2021,2020-12-28 00:00:00,Crystal Palace,16,home,Leicester,1,1,0,4,1,0.25,0.25,17,3,0.17647058823529413,0.058823529411764705,10,7,1.4285714285714286,0,1,0,0,2,5,-9,1,19,Draw,18.991001
2020-2021,2021-01-02 00:00:00,Crystal Palace,17,home,Sheffield United,2,0,2,9,4,0.4444444444444444,0.2222222222222222,7,2,0.2857142857142857,0.0,8,18,0.4444444444444444,1,3,0,0,3,6,-7,3,22,Win,21.993004
2020-2021,2021-01-14 00:00:00,Crystal Palace,18,away,Arsenal,0,0,0,12,2,0.16666666666666666,0.0,11,4,0.36363636363636365,0.0,11,10,1.1,1,1,0,0,3,7,-7,1,23,Draw,22.993001999999997
2020-2021,2021-01-17 00:00:00,Crystal Palace,19,away,Man City,0,4,-4,2,0,0.0,0.0,13,6,0.46153846153846156,0.3076923076923077,8,9,0.8888888888888888,0,0,0,0,1,11,-11,0,23,Loss,22.989
2020-2021,2021-01-26 00:00:00,Crystal Palace,20,home,West Ham,2,3,-1,6,3,0.5,0.3333333333333333,17,7,0.4117647058823529,0.17647058823529413,9,8,1.125,0,0,0,0,3,4,-12,0,23,Loss,22.988003
2020-2021,2021-01-30 00:00:00,Crystal Palace,21,home,Wolves,1,0,1,11,2,0.18181818181818182,0.09090909090909091,6,4,0.6666666666666666,0.0,7,10,0.7,1,2,0,0,1,6,-11,3,26,Win,25.989002
2020-2021,2021-02-02 00:00:00,Crystal Palace,22,away,Newcastle,2,1,1,6,3,0.5,0.3333333333333333,21,5,0.23809523809523808,0.047619047619047616,11,14,0.7857142857142857,3,1,0,0,1,9,-10,3,29,Win,28.990002999999998
2020-2021,2021-02-08 00:00:00,Crystal Palace,23,away,Leeds,0,2,-2,8,3,0.375,0.0,17,7,0.4117647058823529,0.11764705882352941,8,7,1.1428571428571428,2,0,0,0,3,5,-12,0,29,Loss,28.988003
2020-2021,2021-02-13 00:00:00,Crystal Palace,24,home,Burnley,0,3,-3,13,3,0.23076923076923078,0.0,16,4,0.25,0.1875,15,14,1.0714285714285714,0,0,0,0,7,4,-15,0,29,Loss,28.985003
2020-2021,2021-02-22 00:00:00,Crystal Palace,25,away,Brighton,2,1,1,3,2,0.6666666666666666,0.6666666666666666,25,5,0.2,0.04,6,11,0.5454545454545454,0,2,0,0,0,13,-14,3,32,Win,31.986002
2020-2021,2021-02-28 00:00:00,Crystal Palace,26,home,Fulham,0,0,0,3,0,0.0,0.0,16,4,0.25,0.0,10,14,0.7142857142857143,1,1,0,0,1,3,-14,1,33,Draw,32.986
2020-2021,2021-03-03 00:00:00,Crystal Palace,27,home,Man United,0,0,0,8,2,0.25,0.0,11,1,0.09090909090909091,0.0,4,13,0.3076923076923077,1,0,0,0,4,6,-14,1,34,Draw,33.986002
2020-2021,2021-03-07 00:00:00,Crystal Palace,28,away,Tottenham,1,4,-3,5,1,0.2,0.2,12,5,0.4166666666666667,0.3333333333333333,17,8,2.125,3,2,0,0,5,1,-17,0,34,Loss,33.983000999999994
2020-2021,2021-03-13 00:00:00,Crystal Palace,29,home,West Brom,1,0,1,6,4,0.6666666666666666,0.16666666666666666,12,1,0.08333333333333333,0.0,16,15,1.0666666666666667,3,1,0,0,3,2,-16,3,37,Win,36.984004
2020-2021,2021-04-05 00:00:00,Crystal Palace,30,away,Everton,1,1,0,13,6,0.46153846153846156,0.07692307692307693,15,7,0.4666666666666667,0.06666666666666667,10,10,1.0,0,2,0,0,4,3,-16,1,38,Draw,37.984006
2020-2021,2021-04-10 00:00:00,Crystal Palace,31,home,Chelsea,1,4,-3,1,1,1.0,1.0,23,10,0.43478260869565216,0.17391304347826086,7,12,0.5833333333333334,1,0,0,0,0,8,-19,0,38,Loss,37.981001
2020-2021,2021-04-26 00:00:00,Crystal Palace,32,away,Leicester,1,2,-1,4,2,0.5,0.25,13,5,0.38461538461538464,0.15384615384615385,12,13,0.9230769230769231,1,0,0,0,2,7,-20,0,38,Loss,37.980002
2020-2021,2021-05-01 00:00:00,Crystal Palace,33,home,Man City,0,2,-2,9,4,0.4444444444444444,0.0,20,3,0.15,0.1,9,10,0.9,2,0,0,0,2,6,-22,0,38,Loss,37.978004
2020-2021,2021-05-08 00:00:00,Crystal Palace,34,away,Sheffield United,2,0,2,21,8,0.38095238095238093,0.09523809523809523,7,0,0.0,0.0,8,11,0.7272727272727273,1,1,0,0,11,5,-20,3,41,Win,40.980008
2020-2021,2021-05-11 00:00:00,Crystal Palace,35,away,Southampton,1,3,-2,11,4,0.36363636363636365,0.09090909090909091,13,6,0.46153846153846156,0.23076923076923078,13,20,0.65,3,2,0,0,8,12,-22,0,41,Loss,40.978004
2020-2021,2021-05-16 00:00:00,Crystal Palace,36,home,Aston Villa,3,2,1,23,8,0.34782608695652173,0.13043478260869565,19,5,0.2631578947368421,0.10526315789473684,23,13,1.7692307692307692,3,2,0,0,7,7,-21,3,44,Win,43.979008
2020-2021,2021-05-19 00:00:00,Crystal Palace,37,home,Arsenal,1,3,-2,12,6,0.5,0.08333333333333333,6,3,0.5,0.5,7,7,1.0,2,1,0,0,6,7,-23,0,44,Loss,43.977005999999996
2020-2021,2021-05-23 00:00:00,Crystal Palace,38,away,Liverpool,0,2,-2,5,4,0.8,0.0,19,5,0.2631578947368421,0.10526315789473684,8,10,0.8,2,2,0,0,1,14,-25,0,44,Loss,43.975004
2020-2021,2020-09-13 00:00:00,Everton,1,away,Tottenham,1,0,1,15,4,0.26666666666666666,0.06666666666666667,9,5,0.5555555555555556,0.0,7,15,0.4666666666666667,0,1,0,0,3,5,1,3,3,Win,3.001004
2020-2021,2020-09-19 00:00:00,Everton,2,home,West Brom,5,2,3,17,7,0.4117647058823529,0.29411764705882354,6,4,0.6666666666666666,0.3333333333333333,9,11,0.8181818181818182,1,0,0,1,11,1,4,3,6,Win,6.004007
2020-2021,2020-09-26 00:00:00,Everton,3,away,Crystal Palace,2,1,1,10,5,0.5,0.2,8,1,0.125,0.125,15,16,0.9375,1,3,0,0,6,7,5,3,9,Win,9.005005
2020-2021,2020-10-03 00:00:00,Everton,4,home,Brighton,4,2,2,11,6,0.5454545454545454,0.36363636363636365,11,3,0.2727272727272727,0.18181818181818182,13,14,0.9285714285714286,0,1,0,0,3,10,7,3,12,Win,12.007006
2020-2021,2020-10-17 00:00:00,Everton,5,home,Liverpool,2,2,0,11,5,0.45454545454545453,0.18181818181818182,22,8,0.36363636363636365,0.09090909090909091,15,9,1.6666666666666667,3,2,1,0,2,5,7,1,13,Draw,13.007005
2020-2021,2020-10-25 00:00:00,Everton,6,away,Southampton,0,2,-2,6,2,0.3333333333333333,0.0,12,6,0.5,0.16666666666666666,11,11,1.0,2,1,1,0,5,4,5,0,13,Loss,13.005002000000001
2020-2021,2020-11-01 00:00:00,Everton,7,away,Newcastle,1,2,-1,15,4,0.26666666666666666,0.06666666666666667,11,4,0.36363636363636365,0.18181818181818182,10,9,1.1111111111111112,4,2,0,0,4,5,4,0,13,Loss,13.004004
2020-2021,2020-11-07 00:00:00,Everton,8,home,Man United,1,3,-2,7,1,0.14285714285714285,0.14285714285714285,13,5,0.38461538461538464,0.23076923076923078,12,19,0.631578947368421,4,2,0,0,5,2,2,0,13,Loss,13.002001
2020-2021,2020-11-22 00:00:00,Everton,9,away,Fulham,3,2,1,9,7,0.7777777777777778,0.3333333333333333,14,6,0.42857142857142855,0.14285714285714285,10,14,0.7142857142857143,0,2,0,0,5,2,3,3,16,Win,16.003007
2020-2021,2020-11-28 00:00:00,Everton,10,home,Leeds,0,1,-1,15,8,0.5333333333333333,0.0,23,7,0.30434782608695654,0.043478260869565216,8,14,0.5714285714285714,1,2,0,0,4,2,2,0,16,Loss,16.002008
2020-2021,2020-12-05 00:00:00,Everton,11,away,Burnley,1,1,0,13,6,0.46153846153846156,0.07692307692307693,8,3,0.375,0.125,9,6,1.5,0,0,0,0,4,8,2,1,17,Draw,17.002005999999998
2020-2021,2020-12-12 00:00:00,Everton,12,home,Chelsea,1,0,1,9,4,0.4444444444444444,0.1111111111111111,10,3,0.3,0.0,10,11,0.9090909090909091,2,3,0,0,6,6,3,3,20,Win,20.003004
2020-2021,2020-12-16 00:00:00,Everton,13,away,Leicester,2,0,2,11,6,0.5454545454545454,0.18181818181818182,14,2,0.14285714285714285,0.0,9,12,0.75,3,2,0,0,6,4,5,3,23,Win,23.005005999999998
2020-2021,2020-12-19 00:00:00,Everton,14,home,Arsenal,2,1,1,9,2,0.2222222222222222,0.2222222222222222,13,2,0.15384615384615385,0.07692307692307693,9,9,1.0,1,3,0,0,4,3,6,3,26,Win,26.006002
2020-2021,2020-12-26 00:00:00,Everton,15,away,Sheffield United,1,0,1,7,3,0.42857142857142855,0.14285714285714285,10,2,0.2,0.0,10,11,0.9090909090909091,4,2,0,0,3,6,7,3,29,Win,29.007003
2020-2021,2021-01-01 00:00:00,Everton,16,home,West Ham,0,1,-1,10,2,0.2,0.0,11,5,0.45454545454545453,0.09090909090909091,9,7,1.2857142857142858,2,0,0,0,5,4,6,0,29,Loss,29.006002
2020-2021,2021-01-12 00:00:00,Everton,17,away,Wolves,2,1,1,5,3,0.6,0.4,12,3,0.25,0.08333333333333333,11,6,1.8333333333333333,2,2,0,0,5,6,7,3,32,Win,32.007003
2020-2021,2021-01-27 00:00:00,Everton,18,home,Leicester,1,1,0,8,2,0.25,0.125,19,6,0.3157894736842105,0.05263157894736842,12,10,1.2,1,1,0,0,5,11,7,1,33,Draw,33.007002
2020-2021,2021-01-30 00:00:00,Everton,19,home,Newcastle,0,2,-2,11,3,0.2727272727272727,0.0,13,3,0.23076923076923078,0.15384615384615385,13,6,2.1666666666666665,3,4,0,0,7,12,5,0,33,Loss,33.005003
2020-2021,2021-02-03 00:00:00,Everton,20,away,Leeds,2,1,1,10,6,0.6,0.2,16,7,0.4375,0.0625,12,12,1.0,3,2,0,0,1,7,6,3,36,Win,36.006006
2020-2021,2021-02-06 00:00:00,Everton,21,away,Man United,3,3,0,6,3,0.5,0.5,14,5,0.35714285714285715,0.21428571428571427,10,14,0.7142857142857143,1,2,0,0,1,5,6,1,37,Draw,37.006003
2020-2021,2021-02-14 00:00:00,Everton,22,home,Fulham,0,2,-2,7,2,0.2857142857142857,0.0,12,3,0.25,0.16666666666666666,7,16,0.4375,1,1,0,0,5,4,4,0,37,Loss,37.004002
2020-2021,2021-02-17 00:00:00,Everton,23,home,Man City,1,3,-2,3,2,0.6666666666666666,0.3333333333333333,16,7,0.4375,0.1875,8,8,1.0,2,1,0,0,0,10,2,0,37,Loss,37.002002000000005
2020-2021,2021-02-20 00:00:00,Everton,24,away,Liverpool,2,0,2,9,6,0.6666666666666666,0.2222222222222222,15,6,0.4,0.0,10,10,1.0,1,2,0,0,2,7,4,3,40,Win,40.004006
2020-2021,2021-03-01 00:00:00,Everton,25,home,Southampton,1,0,1,7,1,0.14285714285714285,0.14285714285714285,9,1,0.1111111111111111,0.0,13,9,1.4444444444444444,0,2,0,0,4,10,5,3,43,Win,43.005001
2020-2021,2021-03-04 00:00:00,Everton,26,away,West Brom,1,0,1,11,3,0.2727272727272727,0.09090909090909091,11,3,0.2727272727272727,0.0,7,9,0.7777777777777778,1,3,0,0,3,3,6,3,46,Win,46.006003
2020-2021,2021-03-08 00:00:00,Everton,27,away,Chelsea,0,2,-2,7,1,0.14285714285714285,0.0,19,9,0.47368421052631576,0.10526315789473684,12,11,1.0909090909090908,3,0,0,0,3,7,4,0,46,Loss,46.004000999999995
2020-2021,2021-03-13 00:00:00,Everton,28,home,Burnley,1,2,-1,14,4,0.2857142857142857,0.07142857142857142,14,5,0.35714285714285715,0.14285714285714285,9,6,1.5,0,4,0,0,7,4,3,0,46,Loss,46.003004
2020-2021,2021-04-05 00:00:00,Everton,29,home,Crystal Palace,1,1,0,15,7,0.4666666666666667,0.06666666666666667,13,6,0.46153846153846156,0.07692307692307693,10,10,1.0,2,0,0,0,3,4,3,1,47,Draw,47.003007
2020-2021,2021-04-12 00:00:00,Everton,30,away,Brighton,0,0,0,8,1,0.125,0.0,23,3,0.13043478260869565,0.0,7,12,0.5833333333333334,2,1,0,0,3,10,3,1,48,Draw,48.003001
2020-2021,2021-04-16 00:00:00,Everton,31,home,Tottenham,2,2,0,18,7,0.3888888888888889,0.1111111111111111,12,3,0.25,0.16666666666666666,8,8,1.0,1,1,0,0,6,3,3,1,49,Draw,49.003007
2020-2021,2021-04-23 00:00:00,Everton,32,away,Arsenal,1,0,1,8,1,0.125,0.125,14,3,0.21428571428571427,0.0,10,13,0.7692307692307693,3,1,0,0,3,7,4,3,52,Win,52.004000999999995
2020-2021,2021-05-01 00:00:00,Everton,33,home,Aston Villa,1,2,-1,16,3,0.1875,0.0625,13,5,0.38461538461538464,0.15384615384615385,10,13,0.7692307692307693,0,2,0,0,3,6,3,0,52,Loss,52.003003
2020-2021,2021-05-09 00:00:00,Everton,34,away,West Ham,1,0,1,9,3,0.3333333333333333,0.1111111111111111,11,0,0.0,0.0,10,8,1.25,1,2,0,0,6,5,4,3,55,Win,55.004003
2020-2021,2021-05-13 00:00:00,Everton,35,away,Aston Villa,0,0,0,15,5,0.3333333333333333,0.0,13,2,0.15384615384615385,0.0,12,9,1.3333333333333333,0,2,0,0,1,9,4,1,56,Draw,56.004005
2020-2021,2021-05-16 00:00:00,Everton,36,home,Sheffield United,0,1,-1,16,6,0.375,0.0,10,3,0.3,0.1,8,12,0.6666666666666666,1,3,0,0,11,4,3,0,56,Loss,56.003006
2020-2021,2021-05-19 00:00:00,Everton,37,home,Wolves,1,0,1,14,4,0.2857142857142857,0.07142857142857142,9,3,0.3333333333333333,0.0,11,11,1.0,0,2,0,0,7,12,4,3,59,Win,59.004003999999995
2020-2021,2021-05-23 00:00:00,Everton,38,away,Man City,0,5,-5,8,3,0.375,0.0,21,11,0.5238095238095238,0.23809523809523808,10,8,1.25,2,2,0,0,5,7,-1,0,59,Loss,58.999003
2020-2021,2020-09-12 00:00:00,Fulham,1,home,Arsenal,0,3,-3,5,2,0.4,0.0,13,6,0.46153846153846156,0.23076923076923078,12,12,1.0,2,2,0,0,2,3,-3,0,0,Loss,-0.0029980000000000002
2020-2021,2020-09-19 00:00:00,Fulham,2,away,Leeds,3,4,-1,14,6,0.42857142857142855,0.21428571428571427,10,7,0.7,0.4,18,13,1.3846153846153846,2,1,0,0,3,5,-4,0,0,Loss,-0.003994
2020-2021,2020-09-28 00:00:00,Fulham,3,home,Aston Villa,0,3,-3,16,3,0.1875,0.0,12,5,0.4166666666666667,0.25,18,14,1.2857142857142858,6,3,0,0,5,3,-7,0,0,Loss,-0.006997
2020-2021,2020-10-04 00:00:00,Fulham,4,away,Wolves,0,1,-1,10,2,0.2,0.0,14,5,0.35714285714285715,0.07142857142857142,8,15,0.5333333333333333,1,1,0,0,2,6,-8,0,0,Loss,-0.007998
2020-2021,2020-10-18 00:00:00,Fulham,5,away,Sheffield United,1,1,0,15,6,0.4,0.06666666666666667,10,6,0.6,0.1,9,5,1.8,2,0,0,0,5,2,-8,1,1,Draw,0.9920059999999999
2020-2021,2020-10-24 00:00:00,Fulham,6,home,Crystal Palace,1,2,-1,16,3,0.1875,0.0625,14,10,0.7142857142857143,0.14285714285714285,11,11,1.0,0,1,1,0,4,4,-9,0,1,Loss,0.991003
2020-2021,2020-11-02 00:00:00,Fulham,7,home,West Brom,2,0,2,13,6,0.46153846153846156,0.15384615384615385,10,1,0.1,0.0,13,11,1.1818181818181819,3,2,0,0,5,2,-7,3,4,Win,3.993006
2020-2021,2020-11-07 00:00:00,Fulham,8,away,West Ham,0,1,-1,13,3,0.23076923076923078,0.0,16,7,0.4375,0.0625,9,10,0.9,2,2,0,0,5,9,-8,0,4,Loss,3.992003
2020-2021,2020-11-22 00:00:00,Fulham,9,home,Everton,2,3,-1,14,6,0.42857142857142855,0.14285714285714285,9,7,0.7777777777777778,0.3333333333333333,14,10,1.4,2,0,0,0,2,5,-9,0,4,Loss,3.991006
2020-2021,2020-11-30 00:00:00,Fulham,10,away,Leicester,2,1,1,10,5,0.5,0.2,16,3,0.1875,0.0625,21,9,2.3333333333333335,2,0,0,0,5,6,-8,3,7,Win,6.992005
2020-2021,2020-12-05 00:00:00,Fulham,11,away,Man City,0,2,-2,6,1,0.16666666666666666,0.0,16,6,0.375,0.125,6,7,0.8571428571428571,0,0,0,0,3,9,-10,0,7,Loss,6.990001
2020-2021,2020-12-13 00:00:00,Fulham,12,home,Liverpool,1,1,0,10,5,0.5,0.1,12,6,0.5,0.08333333333333333,9,5,1.8,3,1,0,0,6,8,-10,1,8,Draw,7.990005
2020-2021,2020-12-16 00:00:00,Fulham,13,home,Brighton,0,0,0,9,4,0.4444444444444444,0.0,9,4,0.4444444444444444,0.0,15,11,1.3636363636363635,1,0,0,0,1,8,-10,1,9,Draw,8.990004
2020-2021,2020-12-19 00:00:00,Fulham,14,away,Newcastle,1,1,0,11,4,0.36363636363636365,0.09090909090909091,12,5,0.4166666666666667,0.08333333333333333,17,7,2.4285714285714284,2,1,1,0,9,2,-10,1,10,Draw,9.990004
2020-2021,2020-12-26 00:00:00,Fulham,15,home,Southampton,0,0,0,10,1,0.1,0.0,3,2,0.6666666666666666,0.0,15,12,1.25,2,0,0,0,6,3,-10,1,11,Draw,10.990001
2020-2021,2021-01-13 00:00:00,Fulham,16,away,Tottenham,1,1,0,15,4,0.26666666666666666,0.06666666666666667,15,6,0.4,0.06666666666666667,15,13,1.1538461538461537,2,1,0,0,5,6,-10,1,12,Draw,11.990004
2020-2021,2021-01-16 00:00:00,Fulham,17,home,Chelsea,0,1,-1,10,3,0.3,0.0,21,6,0.2857142857142857,0.047619047619047616,11,10,1.1,2,3,1,0,1,12,-11,0,12,Loss,11.989003
2020-2021,2021-01-20 00:00:00,Fulham,18,home,Man United,1,2,-1,12,5,0.4166666666666667,0.08333333333333333,15,5,0.3333333333333333,0.13333333333333333,6,10,0.6,3,1,0,0,2,8,-12,0,12,Loss,11.988005
2020-2021,2021-01-27 00:00:00,Fulham,19,away,Brighton,0,0,0,10,3,0.3,0.0,16,5,0.3125,0.0,14,10,1.4,1,2,0,0,0,10,-12,1,13,Draw,12.988002999999999
2020-2021,2021-01-30 00:00:00,Fulham,20,away,West Brom,2,2,0,12,7,0.5833333333333334,0.16666666666666666,5,3,0.6,0.4,10,9,1.1111111111111112,0,1,0,0,3,2,-12,1,14,Draw,13.988007
2020-2021,2021-02-03 00:00:00,Fulham,21,home,Leicester,0,2,-2,8,1,0.125,0.0,9,5,0.5555555555555556,0.2222222222222222,17,10,1.7,3,1,0,0,5,2,-14,0,14,Loss,13.986001
2020-2021,2021-02-06 00:00:00,Fulham,22,home,West Ham,0,0,0,20,2,0.1,0.0,8,1,0.125,0.0,11,10,1.1,1,2,0,1,7,3,-14,1,15,Draw,14.986002000000001
2020-2021,2021-02-14 00:00:00,Fulham,23,away,Everton,2,0,2,12,3,0.25,0.16666666666666666,7,2,0.2857142857142857,0.0,16,7,2.2857142857142856,1,1,0,0,4,5,-12,3,18,Win,17.988003
2020-2021,2021-02-17 00:00:00,Fulham,24,away,Burnley,1,1,0,8,3,0.375,0.125,8,3,0.375,0.125,13,7,1.8571428571428572,1,1,0,0,5,5,-12,1,19,Draw,18.988003
2020-2021,2021-02-20 00:00:00,Fulham,25,home,Sheffield United,1,0,1,15,7,0.4666666666666667,0.06666666666666667,4,2,0.5,0.0,11,14,0.7857142857142857,1,2,0,0,6,4,-11,3,22,Win,21.989007
2020-2021,2021-02-28 00:00:00,Fulham,26,away,Crystal Palace,0,0,0,16,4,0.25,0.0,3,0,0.0,0.0,14,10,1.4,1,1,0,0,3,1,-11,1,23,Draw,22.989004
2020-2021,2021-03-04 00:00:00,Fulham,27,home,Tottenham,0,1,-1,11,3,0.2727272727272727,0.0,9,2,0.2222222222222222,0.1111111111111111,13,9,1.4444444444444444,2,1,0,0,4,1,-12,0,23,Loss,22.988003
2020-2021,2021-03-07 00:00:00,Fulham,28,away,Liverpool,1,0,1,10,3,0.3,0.1,16,3,0.1875,0.0,8,10,0.8,3,2,0,0,4,9,-11,3,26,Win,25.989003
2020-2021,2021-03-13 00:00:00,Fulham,29,home,Man City,0,3,-3,3,0,0.0,0.0,8,7,0.875,0.375,14,13,1.0769230769230769,0,0,0,0,4,2,-14,0,26,Loss,25.986
2020-2021,2021-03-19 00:00:00,Fulham,30,home,Leeds,1,2,-1,13,6,0.46153846153846156,0.07692307692307693,13,4,0.3076923076923077,0.15384615384615385,13,12,1.0833333333333333,2,2,0,0,13,7,-15,0,26,Loss,25.985006
2020-2021,2021-04-04 00:00:00,Fulham,31,away,Aston Villa,1,3,-2,15,7,0.4666666666666667,0.06666666666666667,14,4,0.2857142857142857,0.21428571428571427,20,14,1.4285714285714286,2,1,0,0,4,4,-17,0,26,Loss,25.983007
2020-2021,2021-04-09 00:00:00,Fulham,32,home,Wolves,0,1,-1,14,3,0.21428571428571427,0.0,7,3,0.42857142857142855,0.14285714285714285,11,8,1.375,0,0,0,0,3,4,-18,0,26,Loss,25.982003
2020-2021,2021-04-18 00:00:00,Fulham,33,away,Arsenal,1,1,0,3,1,0.3333333333333333,0.3333333333333333,18,5,0.2777777777777778,0.05555555555555555,11,9,1.2222222222222223,3,0,0,0,1,11,-18,1,27,Draw,26.982001
2020-2021,2021-05-01 00:00:00,Fulham,34,away,Chelsea,0,2,-2,10,3,0.3,0.0,9,5,0.5555555555555556,0.2222222222222222,8,15,0.5333333333333333,1,1,0,0,8,1,-20,0,27,Loss,26.980003
2020-2021,2021-05-10 00:00:00,Fulham,35,home,Burnley,0,2,-2,21,3,0.14285714285714285,0.0,14,5,0.35714285714285715,0.14285714285714285,11,10,1.1,2,0,0,0,8,4,-22,0,27,Loss,26.978003
2020-2021,2021-05-15 00:00:00,Fulham,36,away,Southampton,1,3,-2,10,3,0.3,0.1,11,7,0.6363636363636364,0.2727272727272727,15,9,1.6666666666666667,1,0,0,0,5,6,-24,0,27,Loss,26.976003
2020-2021,2021-05-18 00:00:00,Fulham,37,away,Man United,1,1,0,8,5,0.625,0.125,13,6,0.46153846153846156,0.07692307692307693,15,10,1.5,3,2,0,0,1,6,-24,1,28,Draw,27.976005
2020-2021,2021-05-23 00:00:00,Fulham,38,home,Newcastle,0,2,-2,14,0,0.0,0.0,10,4,0.4,0.2,12,6,2.0,1,0,0,0,5,4,-26,0,28,Loss,27.974
2020-2021,2020-09-12 00:00:00,Leeds,1,away,Liverpool,3,4,-1,6,3,0.5,0.5,22,6,0.2727272727272727,0.18181818181818182,6,9,0.6666666666666666,0,1,0,0,0,9,-1,0,0,Loss,-0.000997
2020-2021,2020-09-19 00:00:00,Leeds,2,home,Fulham,4,3,1,10,7,0.7,0.4,14,6,0.42857142857142855,0.21428571428571427,13,18,0.7222222222222222,1,2,0,0,5,3,0,3,3,Win,3.000007
2020-2021,2020-09-27 00:00:00,Leeds,3,away,Sheffield United,1,0,1,17,9,0.5294117647058824,0.058823529411764705,14,4,0.2857142857142857,0.0,4,18,0.2222222222222222,1,2,0,0,7,5,1,3,6,Win,6.001009000000001
2020-2021,2020-10-03 00:00:00,Leeds,4,home,Man City,1,1,0,12,7,0.5833333333333334,0.08333333333333333,23,2,0.08695652173913043,0.043478260869565216,11,12,0.9166666666666666,2,1,0,0,7,10,1,1,7,Draw,7.001007
2020-2021,2020-10-19 00:00:00,Leeds,5,home,Wolves,0,1,-1,13,2,0.15384615384615385,0.0,7,3,0.42857142857142855,0.14285714285714285,13,12,1.0833333333333333,2,1,0,0,8,3,0,0,7,Loss,7.000002
2020-2021,2020-10-23 00:00:00,Leeds,6,away,Aston Villa,3,0,3,27,9,0.3333333333333333,0.1111111111111111,12,4,0.3333333333333333,0.0,17,14,1.2142857142857142,2,2,0,0,5,6,3,3,10,Win,10.003009
2020-2021,2020-11-02 00:00:00,Leeds,7,home,Leicester,1,4,-3,11,4,0.36363636363636365,0.09090909090909091,10,8,0.8,0.4,9,5,1.8,1,1,0,0,10,3,0,0,10,Loss,10.000004
2020-2021,2020-11-07 00:00:00,Leeds,8,away,Crystal Palace,1,4,-3,9,3,0.3333333333333333,0.1111111111111111,10,6,0.6,0.4,1,9,0.1111111111111111,2,0,0,0,6,3,-3,0,10,Loss,9.997003
2020-2021,2020-11-22 00:00:00,Leeds,9,home,Arsenal,0,0,0,25,4,0.16,0.0,9,2,0.2222222222222222,0.0,9,8,1.125,3,0,0,1,5,3,-3,1,11,Draw,10.997004
2020-2021,2020-11-28 00:00:00,Leeds,10,away,Everton,1,0,1,23,7,0.30434782608695654,0.043478260869565216,15,8,0.5333333333333333,0.0,14,8,1.75,2,1,0,0,2,4,-2,3,14,Win,13.998007
2020-2021,2020-12-05 00:00:00,Leeds,11,away,Chelsea,1,3,-2,8,3,0.375,0.125,23,11,0.4782608695652174,0.13043478260869565,9,12,0.75,2,0,0,0,4,8,-4,0,14,Loss,13.996003
2020-2021,2020-12-11 00:00:00,Leeds,12,home,West Ham,1,2,-1,13,7,0.5384615384615384,0.07692307692307693,19,8,0.42105263157894735,0.10526315789473684,12,10,1.2,1,2,0,0,5,6,-5,0,14,Loss,13.995007
2020-2021,2020-12-16 00:00:00,Leeds,13,home,Newcastle,5,2,3,25,10,0.4,0.2,10,4,0.4,0.2,10,13,0.7692307692307693,3,1,0,0,7,4,-2,3,17,Win,16.99801
2020-2021,2020-12-20 00:00:00,Leeds,14,away,Man United,2,6,-4,17,3,0.17647058823529413,0.11764705882352941,26,14,0.5384615384615384,0.23076923076923078,6,6,1.0,0,1,0,0,13,11,-6,0,17,Loss,16.994003
2020-2021,2020-12-27 00:00:00,Leeds,15,home,Burnley,1,0,1,11,4,0.36363636363636365,0.09090909090909091,14,6,0.42857142857142855,0.0,8,14,0.5714285714285714,0,3,0,0,4,12,-5,3,20,Win,19.995004
2020-2021,2020-12-29 00:00:00,Leeds,16,away,West Brom,5,0,5,14,6,0.42857142857142855,0.35714285714285715,4,1,0.25,0.0,10,7,1.4285714285714286,1,0,0,0,10,3,0,3,23,Win,23.000006
2020-2021,2021-01-02 00:00:00,Leeds,17,away,Tottenham,0,3,-3,18,5,0.2777777777777778,0.0,20,7,0.35,0.15,13,15,0.8666666666666667,1,2,0,1,5,3,-3,0,23,Loss,22.997005
2020-2021,2021-01-16 00:00:00,Leeds,18,home,Brighton,0,1,-1,7,2,0.2857142857142857,0.0,7,2,0.2857142857142857,0.14285714285714285,8,9,0.8888888888888888,1,1,0,0,5,2,-4,0,23,Loss,22.996001999999997
2020-2021,2021-01-26 00:00:00,Leeds,19,away,Newcastle,2,1,1,9,2,0.2222222222222222,0.2222222222222222,22,5,0.22727272727272727,0.045454545454545456,15,10,1.5,3,1,0,0,5,9,-3,3,26,Win,25.997002
2020-2021,2021-01-31 00:00:00,Leeds,20,away,Leicester,3,1,2,8,7,0.875,0.375,18,8,0.4444444444444444,0.05555555555555555,16,17,0.9411764705882353,3,0,0,0,4,6,-1,3,29,Win,28.999007
2020-2021,2021-02-03 00:00:00,Leeds,21,home,Everton,1,2,-1,16,7,0.4375,0.0625,10,6,0.6,0.2,12,12,1.0,2,3,0,0,7,1,-2,0,29,Loss,28.998007
2020-2021,2021-02-08 00:00:00,Leeds,22,home,Crystal Palace,2,0,2,17,7,0.4117647058823529,0.11764705882352941,8,3,0.375,0.0,7,8,0.875,0,2,0,0,5,3,0,3,32,Win,32.000007
2020-2021,2021-02-14 00:00:00,Leeds,23,away,Arsenal,2,4,-2,9,5,0.5555555555555556,0.2222222222222222,13,5,0.38461538461538464,0.3076923076923077,17,8,2.125,2,0,0,0,5,4,-2,0,32,Loss,31.998005000000003
2020-2021,2021-02-19 00:00:00,Leeds,24,away,Wolves,0,1,-1,18,7,0.3888888888888889,0.0,15,5,0.3333333333333333,0.06666666666666667,8,13,0.6153846153846154,0,1,0,0,9,7,-3,0,32,Loss,31.997007
2020-2021,2021-02-23 00:00:00,Leeds,25,home,Southampton,3,0,3,11,7,0.6363636363636364,0.2727272727272727,13,5,0.38461538461538464,0.0,11,13,0.8461538461538461,1,2,0,0,2,4,0,3,35,Win,35.000007
2020-2021,2021-02-27 00:00:00,Leeds,26,home,Aston Villa,0,1,-1,13,3,0.23076923076923078,0.0,9,4,0.4444444444444444,0.1111111111111111,14,14,1.0,3,2,0,0,7,5,-1,0,35,Loss,34.999003
2020-2021,2021-03-08 00:00:00,Leeds,27,away,West Ham,0,2,-2,17,2,0.11764705882352941,0.0,16,5,0.3125,0.125,9,9,1.0,1,1,0,0,6,6,-3,0,35,Loss,34.997002
2020-2021,2021-03-13 00:00:00,Leeds,28,home,Chelsea,0,0,0,7,4,0.5714285714285714,0.0,15,8,0.5333333333333333,0.0,16,6,2.6666666666666665,3,0,0,0,8,5,-3,1,36,Draw,35.997004
2020-2021,2021-03-19 00:00:00,Leeds,29,away,Fulham,2,1,1,13,4,0.3076923076923077,0.15384615384615385,13,6,0.46153846153846156,0.07692307692307693,12,13,0.9230769230769231,2,2,0,0,7,13,-2,3,39,Win,38.998003999999995
2020-2021,2021-04-03 00:00:00,Leeds,30,home,Sheffield United,2,1,1,23,8,0.34782608695652173,0.08695652173913043,9,1,0.1111111111111111,0.1111111111111111,12,13,0.9230769230769231,1,2,0,0,5,7,-1,3,42,Win,41.999008
2020-2021,2021-04-10 00:00:00,Leeds,31,away,Man City,2,1,1,2,2,1.0,1.0,29,7,0.2413793103448276,0.034482758620689655,15,12,1.25,1,3,1,0,3,9,0,3,45,Win,45.000002
2020-2021,2021-04-19 00:00:00,Leeds,32,home,Liverpool,1,1,0,12,5,0.4166666666666667,0.08333333333333333,17,7,0.4117647058823529,0.058823529411764705,17,15,1.1333333333333333,2,1,0,0,10,8,0,1,46,Draw,46.000005
2020-2021,2021-04-25 00:00:00,Leeds,33,home,Man United,0,0,0,6,3,0.5,0.0,16,4,0.25,0.0,21,11,1.9090909090909092,4,1,0,0,2,6,0,1,47,Draw,47.000003
2020-2021,2021-05-01 00:00:00,Leeds,34,away,Brighton,0,2,-2,11,2,0.18181818181818182,0.0,17,5,0.29411764705882354,0.11764705882352941,6,17,0.35294117647058826,1,1,0,0,9,2,-2,0,47,Loss,46.998002
2020-2021,2021-05-08 00:00:00,Leeds,35,home,Tottenham,3,1,2,16,7,0.4375,0.1875,11,3,0.2727272727272727,0.09090909090909091,12,10,1.2,1,2,0,0,8,6,0,3,50,Win,50.000007
2020-2021,2021-05-15 00:00:00,Leeds,36,away,Burnley,4,0,4,16,6,0.375,0.25,16,4,0.25,0.0,10,10,1.0,1,1,0,0,8,6,4,3,53,Win,53.004006
2020-2021,2021-05-18 00:00:00,Leeds,37,away,Southampton,2,0,2,15,7,0.4666666666666667,0.13333333333333333,18,3,0.16666666666666666,0.0,12,10,1.2,3,0,0,0,5,4,6,3,56,Win,56.006007
2020-2021,2021-05-23 00:00:00,Leeds,38,home,West Brom,3,1,2,17,9,0.5294117647058824,0.17647058823529413,14,5,0.35714285714285715,0.07142857142857142,12,12,1.0,2,1,0,0,8,3,8,3,59,Win,59.008009
2020-2021,2020-09-13 00:00:00,Leicester,1,away,West Brom,3,0,3,13,7,0.5384615384615384,0.23076923076923078,7,1,0.14285714285714285,0.0,9,12,0.75,1,1,0,0,5,2,3,3,3,Win,3.003007
2020-2021,2020-09-20 00:00:00,Leicester,2,home,Burnley,4,2,2,14,6,0.42857142857142855,0.2857142857142857,16,5,0.3125,0.125,11,13,0.8461538461538461,1,2,0,0,15,4,5,3,6,Win,6.005006
2020-2021,2020-09-27 00:00:00,Leicester,3,away,Man City,5,2,3,7,7,1.0,0.7142857142857143,16,5,0.3125,0.125,8,13,0.6153846153846154,3,1,0,0,4,3,8,3,9,Win,9.008007
2020-2021,2020-10-04 00:00:00,Leicester,4,home,West Ham,0,3,-3,4,0,0.0,0.0,14,6,0.42857142857142855,0.21428571428571427,11,8,1.375,2,2,0,0,6,4,5,0,9,Loss,9.005
2020-2021,2020-10-18 00:00:00,Leicester,5,home,Aston Villa,0,1,-1,11,5,0.45454545454545453,0.0,10,4,0.4,0.1,18,18,1.0,4,3,0,0,2,7,4,0,9,Loss,9.004005
2020-2021,2020-10-25 00:00:00,Leicester,6,away,Arsenal,1,0,1,6,2,0.3333333333333333,0.16666666666666666,12,4,0.3333333333333333,0.0,9,13,0.6923076923076923,5,3,0,0,3,9,5,3,12,Win,12.005002000000001
2020-2021,2020-11-02 00:00:00,Leicester,7,away,Leeds,4,1,3,10,8,0.8,0.4,11,4,0.36363636363636365,0.09090909090909091,5,9,0.5555555555555556,1,1,0,0,3,10,8,3,15,Win,15.008007999999998
2020-2021,2020-11-08 00:00:00,Leicester,8,home,Wolves,1,0,1,10,3,0.3,0.1,7,2,0.2857142857142857,0.0,12,8,1.5,2,3,0,0,6,3,9,3,18,Win,18.009003
2020-2021,2020-11-22 00:00:00,Leicester,9,away,Liverpool,0,3,-3,11,4,0.36363636363636365,0.0,24,13,0.5416666666666666,0.125,6,15,0.4,2,0,0,0,3,10,6,0,18,Loss,18.006004
2020-2021,2020-11-30 00:00:00,Leicester,10,home,Fulham,1,2,-1,16,3,0.1875,0.0625,10,5,0.5,0.2,9,21,0.42857142857142855,0,2,0,0,6,5,5,0,18,Loss,18.005003
2020-2021,2020-12-06 00:00:00,Leicester,11,away,Sheffield United,2,1,1,13,4,0.3076923076923077,0.15384615384615385,4,1,0.25,0.25,6,13,0.46153846153846156,3,1,0,0,5,6,6,3,21,Win,21.006004
2020-2021,2020-12-13 00:00:00,Leicester,12,home,Brighton,3,0,3,15,6,0.4,0.2,12,4,0.3333333333333333,0.0,9,11,0.8181818181818182,2,1,0,0,9,5,9,3,24,Win,24.009006
2020-2021,2020-12-16 00:00:00,Leicester,13,home,Everton,0,2,-2,14,2,0.14285714285714285,0.0,11,6,0.5454545454545454,0.18181818181818182,12,9,1.3333333333333333,2,3,0,0,4,6,7,0,24,Loss,24.007002
2020-2021,2020-12-20 00:00:00,Leicester,14,away,Tottenham,2,0,2,17,4,0.23529411764705882,0.11764705882352941,8,3,0.375,0.0,14,15,0.9333333333333333,2,2,0,0,3,5,9,3,27,Win,27.009004
2020-2021,2020-12-26 00:00:00,Leicester,15,home,Man United,2,2,0,10,2,0.2,0.2,9,4,0.4444444444444444,0.2222222222222222,10,17,0.5882352941176471,2,1,0,0,5,0,9,1,28,Draw,28.009002
2020-2021,2020-12-28 00:00:00,Leicester,16,away,Crystal Palace,1,1,0,17,3,0.17647058823529413,0.058823529411764705,4,1,0.25,0.25,7,10,0.7,1,0,0,0,5,2,9,1,29,Draw,29.009003
2020-2021,2021-01-03 00:00:00,Leicester,17,away,Newcastle,2,1,1,9,3,0.3333333333333333,0.2222222222222222,8,2,0.25,0.125,11,10,1.1,2,0,0,0,6,3,10,3,32,Win,32.010003
2020-2021,2021-01-16 00:00:00,Leicester,18,home,Southampton,2,0,2,16,5,0.3125,0.125,8,3,0.375,0.0,10,11,0.9090909090909091,2,2,0,0,2,5,12,3,35,Win,35.012005
2020-2021,2021-01-19 00:00:00,Leicester,19,home,Chelsea,2,0,2,8,6,0.75,0.25,9,5,0.5555555555555556,0.0,7,16,0.4375,1,3,0,0,6,3,14,3,38,Win,38.014006
2020-2021,2021-01-27 00:00:00,Leicester,20,away,Everton,1,1,0,19,6,0.3157894736842105,0.05263157894736842,8,2,0.25,0.125,10,12,0.8333333333333334,1,1,0,0,11,5,14,1,39,Draw,39.014006
2020-2021,2021-01-31 00:00:00,Leicester,21,home,Leeds,1,3,-2,18,8,0.4444444444444444,0.05555555555555555,8,7,0.875,0.375,17,16,1.0625,0,3,0,0,6,4,12,0,39,Loss,39.012008
2020-2021,2021-02-03 00:00:00,Leicester,22,away,Fulham,2,0,2,9,5,0.5555555555555556,0.2222222222222222,8,1,0.125,0.0,10,17,0.5882352941176471,1,3,0,0,2,5,14,3,42,Win,42.014005000000004
2020-2021,2021-02-07 00:00:00,Leicester,23,away,Wolves,0,0,0,13,3,0.23076923076923078,0.0,13,1,0.07692307692307693,0.0,15,11,1.3636363636363635,3,1,0,0,2,8,14,1,43,Draw,43.014003
2020-2021,2021-02-13 00:00:00,Leicester,24,home,Liverpool,3,1,2,11,6,0.5454545454545454,0.2727272727272727,15,4,0.26666666666666666,0.06666666666666667,9,6,1.5,1,2,0,0,2,12,16,3,46,Win,46.016006
2020-2021,2021-02-21 00:00:00,Leicester,25,away,Aston Villa,2,1,1,16,7,0.4375,0.125,11,2,0.18181818181818182,0.09090909090909091,12,11,1.0909090909090908,1,2,0,0,8,7,17,3,49,Win,49.017007
2020-2021,2021-02-28 00:00:00,Leicester,26,home,Arsenal,1,3,-2,8,3,0.375,0.125,12,4,0.3333333333333333,0.25,15,3,5.0,2,1,0,0,2,7,15,0,49,Loss,49.015003
2020-2021,2021-03-03 00:00:00,Leicester,27,away,Burnley,1,1,0,15,4,0.26666666666666666,0.06666666666666667,12,7,0.5833333333333334,0.08333333333333333,12,6,2.0,2,0,0,0,8,5,15,1,50,Draw,50.015004
2020-2021,2021-03-06 00:00:00,Leicester,28,away,Brighton,2,1,1,8,4,0.5,0.25,7,2,0.2857142857142857,0.14285714285714285,8,14,0.5714285714285714,1,0,0,0,6,6,16,3,53,Win,53.016003999999995
2020-2021,2021-03-14 00:00:00,Leicester,29,home,Sheffield United,5,0,5,19,10,0.5263157894736842,0.2631578947368421,1,0,0.0,0.0,10,9,1.1111111111111112,0,2,0,0,9,1,21,3,56,Win,56.021010000000004
2020-2021,2021-04-03 00:00:00,Leicester,30,home,Man City,0,2,-2,5,2,0.4,0.0,11,4,0.36363636363636365,0.18181818181818182,13,12,1.0833333333333333,2,3,0,0,1,1,19,0,56,Loss,56.019002
2020-2021,2021-04-11 00:00:00,Leicester,31,away,West Ham,2,3,-1,15,5,0.3333333333333333,0.13333333333333333,4,4,1.0,0.75,13,7,1.8571428571428572,3,3,0,0,9,1,18,0,56,Loss,56.018005
2020-2021,2021-04-22 00:00:00,Leicester,32,home,West Brom,3,0,3,17,7,0.4117647058823529,0.17647058823529413,4,1,0.25,0.0,13,12,1.0833333333333333,0,2,0,0,7,3,21,3,59,Win,59.021007
2020-2021,2021-04-26 00:00:00,Leicester,33,home,Crystal Palace,2,1,1,13,5,0.38461538461538464,0.15384615384615385,4,2,0.5,0.25,13,12,1.0833333333333333,0,1,0,0,7,2,22,3,62,Win,62.022005
2020-2021,2021-04-30 00:00:00,Leicester,34,away,Southampton,1,1,0,23,9,0.391304347826087,0.043478260869565216,5,3,0.6,0.2,13,9,1.4444444444444444,0,1,0,1,10,0,22,1,63,Draw,63.022009
2020-2021,2021-05-07 00:00:00,Leicester,35,home,Newcastle,2,4,-2,25,9,0.36,0.08,14,6,0.42857142857142855,0.2857142857142857,12,9,1.3333333333333333,1,1,0,0,9,6,20,0,63,Loss,63.020009
2020-2021,2021-05-11 00:00:00,Leicester,36,away,Man United,2,1,1,12,3,0.25,0.16666666666666666,4,1,0.25,0.25,12,9,1.3333333333333333,0,0,0,0,4,3,21,3,66,Win,66.02100300000001
2020-2021,2021-05-18 00:00:00,Leicester,37,away,Chelsea,1,2,-1,7,3,0.42857142857142855,0.14285714285714285,17,6,0.35294117647058826,0.11764705882352941,16,15,1.0666666666666667,4,2,0,0,5,6,20,0,66,Loss,66.020003
2020-2021,2021-05-23 00:00:00,Leicester,38,home,Tottenham,2,4,-2,10,6,0.6,0.2,11,4,0.36363636363636365,0.36363636363636365,9,8,1.125,0,2,0,0,8,7,18,0,66,Loss,66.018006
2020-2021,2020-09-12 00:00:00,Liverpool,1,home,Leeds,4,3,1,22,6,0.2727272727272727,0.18181818181818182,6,3,0.5,0.5,9,6,1.5,1,0,0,0,9,0,1,3,3,Win,3.001006
2020-2021,2020-09-20 00:00:00,Liverpool,2,away,Chelsea,2,0,2,18,6,0.3333333333333333,0.1111111111111111,5,3,0.6,0.0,6,10,0.6,0,0,0,1,11,1,3,3,6,Win,6.003006
2020-2021,2020-09-28 00:00:00,Liverpool,3,home,Arsenal,3,1,2,21,8,0.38095238095238093,0.14285714285714285,4,3,0.75,0.25,11,7,1.5714285714285714,2,2,0,0,7,3,5,3,9,Win,9.005008
2020-2021,2020-10-04 00:00:00,Liverpool,4,away,Aston Villa,2,7,-5,14,8,0.5714285714285714,0.14285714285714285,18,11,0.6111111111111112,0.3888888888888889,10,7,1.4285714285714286,1,2,0,0,7,2,0,0,9,Loss,9.000008
2020-2021,2020-10-17 00:00:00,Liverpool,5,away,Everton,2,2,0,22,8,0.36363636363636365,0.09090909090909091,11,5,0.45454545454545453,0.18181818181818182,9,15,0.6,2,3,0,1,5,2,0,1,10,Draw,10.000008
2020-2021,2020-10-24 00:00:00,Liverpool,6,home,Sheffield United,2,1,1,17,5,0.29411764705882354,0.11764705882352941,13,2,0.15384615384615385,0.07692307692307693,7,15,0.4666666666666667,0,3,0,0,7,3,1,3,13,Win,13.001005
2020-2021,2020-10-31 00:00:00,Liverpool,7,home,West Ham,2,1,1,9,5,0.5555555555555556,0.2222222222222222,4,3,0.75,0.25,13,14,0.9285714285714286,0,1,0,0,1,2,2,3,16,Win,16.002005
2020-2021,2020-11-08 00:00:00,Liverpool,8,away,Man City,1,1,0,10,3,0.3,0.1,7,2,0.2857142857142857,0.14285714285714285,11,19,0.5789473684210527,1,3,0,0,2,1,2,1,17,Draw,17.002003
2020-2021,2020-11-22 00:00:00,Liverpool,9,home,Leicester,3,0,3,24,13,0.5416666666666666,0.125,11,4,0.36363636363636365,0.0,15,6,2.5,0,2,0,0,10,3,5,3,20,Win,20.005012999999998
2020-2021,2020-11-28 00:00:00,Liverpool,10,away,Brighton,1,1,0,6,2,0.3333333333333333,0.16666666666666666,11,3,0.2727272727272727,0.09090909090909091,13,9,1.4444444444444444,1,2,0,0,3,4,5,1,21,Draw,21.005001999999998
2020-2021,2020-12-06 00:00:00,Liverpool,11,home,Wolves,4,0,4,11,6,0.5454545454545454,0.36363636363636365,9,3,0.3333333333333333,0.0,8,14,0.5714285714285714,1,1,0,0,4,6,9,3,24,Win,24.009006
2020-2021,2020-12-13 00:00:00,Liverpool,12,away,Fulham,1,1,0,12,6,0.5,0.08333333333333333,10,5,0.5,0.1,5,9,0.5555555555555556,1,3,0,0,8,6,9,1,25,Draw,25.009006
2020-2021,2020-12-16 00:00:00,Liverpool,13,home,Tottenham,2,1,1,17,11,0.6470588235294118,0.11764705882352941,8,2,0.25,0.125,8,9,0.8888888888888888,0,2,0,0,7,4,10,3,28,Win,28.010011000000002
2020-2021,2020-12-19 00:00:00,Liverpool,14,away,Crystal Palace,7,0,7,14,8,0.5714285714285714,0.5,5,3,0.6,0.0,11,5,2.2,0,1,0,0,4,5,17,3,31,Win,31.017008
2020-2021,2020-12-27 00:00:00,Liverpool,15,home,West Brom,1,1,0,17,2,0.11764705882352941,0.058823529411764705,5,3,0.6,0.2,8,5,1.6,0,1,0,0,8,3,17,1,32,Draw,32.017002000000005
2020-2021,2020-12-30 00:00:00,Liverpool,16,away,Newcastle,0,0,0,11,4,0.36363636363636365,0.0,8,2,0.25,0.0,13,9,1.4444444444444444,3,2,0,0,12,5,17,1,33,Draw,33.017004
2020-2021,2021-01-04 00:00:00,Liverpool,17,away,Southampton,0,1,-1,17,1,0.058823529411764705,0.0,7,3,0.42857142857142855,0.14285714285714285,12,5,2.4,3,1,0,0,10,1,16,0,33,Loss,33.016000999999996
2020-2021,2021-01-17 00:00:00,Liverpool,18,home,Man United,0,0,0,17,3,0.17647058823529413,0.0,8,4,0.5,0.0,15,6,2.5,2,1,0,0,7,3,16,1,34,Draw,34.016003
2020-2021,2021-01-21 00:00:00,Liverpool,19,home,Burnley,0,1,-1,27,6,0.2222222222222222,0.0,6,4,0.6666666666666666,0.16666666666666666,11,8,1.375,2,1,0,0,12,0,15,0,34,Loss,34.015006
2020-2021,2021-01-28 00:00:00,Liverpool,20,away,Tottenham,3,1,2,14,7,0.5,0.21428571428571427,3,2,0.6666666666666666,0.3333333333333333,11,9,1.2222222222222223,2,1,0,0,2,1,17,3,37,Win,37.017007
2020-2021,2021-01-31 00:00:00,Liverpool,21,away,West Ham,3,1,2,14,5,0.35714285714285715,0.21428571428571427,8,2,0.25,0.125,8,7,1.1428571428571428,0,2,0,0,5,6,19,3,40,Win,40.019005
2020-2021,2021-02-03 00:00:00,Liverpool,22,home,Brighton,0,1,-1,11,1,0.09090909090909091,0.0,13,4,0.3076923076923077,0.07692307692307693,12,6,2.0,1,0,0,0,6,3,18,0,40,Loss,40.018001
2020-2021,2021-02-07 00:00:00,Liverpool,23,home,Man City,1,4,-3,8,3,0.375,0.125,8,5,0.625,0.5,13,8,1.625,2,1,0,0,6,1,15,0,40,Loss,40.015003
2020-2021,2021-02-13 00:00:00,Liverpool,24,away,Leicester,1,3,-2,15,4,0.26666666666666666,0.06666666666666667,11,6,0.5454545454545454,0.2727272727272727,6,9,0.6666666666666666,2,1,0,0,12,2,13,0,40,Loss,40.013003999999995
2020-2021,2021-02-20 00:00:00,Liverpool,25,home,Everton,0,2,-2,15,6,0.4,0.0,9,6,0.6666666666666666,0.2222222222222222,10,10,1.0,2,1,0,0,7,2,11,0,40,Loss,40.011006
2020-2021,2021-02-28 00:00:00,Liverpool,26,away,Sheffield United,2,0,2,16,8,0.5,0.125,8,2,0.25,0.0,9,9,1.0,0,0,0,0,3,4,13,3,43,Win,43.013008
2020-2021,2021-03-04 00:00:00,Liverpool,27,home,Chelsea,0,1,-1,7,1,0.14285714285714285,0.0,11,5,0.45454545454545453,0.09090909090909091,9,8,1.125,0,0,0,0,5,2,12,0,43,Loss,43.012001
2020-2021,2021-03-07 00:00:00,Liverpool,28,home,Fulham,0,1,-1,16,3,0.1875,0.0,10,3,0.3,0.1,10,8,1.25,2,3,0,0,9,4,11,0,43,Loss,43.011003
2020-2021,2021-03-15 00:00:00,Liverpool,29,away,Wolves,1,0,1,12,4,0.3333333333333333,0.08333333333333333,10,5,0.5,0.0,10,17,0.5882352941176471,1,2,0,0,2,3,12,3,46,Win,46.012004
2020-2021,2021-04-03 00:00:00,Liverpool,30,away,Arsenal,3,0,3,16,7,0.4375,0.1875,3,2,0.6666666666666666,0.0,10,10,1.0,1,1,0,0,2,1,15,3,49,Win,49.015007
2020-2021,2021-04-10 00:00:00,Liverpool,31,home,Aston Villa,2,1,1,23,10,0.43478260869565216,0.08695652173913043,9,5,0.5555555555555556,0.1111111111111111,16,11,1.4545454545454546,2,4,0,0,7,0,16,3,52,Win,52.01601
2020-2021,2021-04-19 00:00:00,Liverpool,32,away,Leeds,1,1,0,17,7,0.4117647058823529,0.058823529411764705,12,5,0.4166666666666667,0.08333333333333333,15,17,0.8823529411764706,1,2,0,0,8,10,16,1,53,Draw,53.016006999999995
2020-2021,2021-04-24 00:00:00,Liverpool,33,home,Newcastle,1,1,0,22,9,0.4090909090909091,0.045454545454545456,7,4,0.5714285714285714,0.14285714285714285,9,7,1.2857142857142858,2,1,0,0,6,3,16,1,54,Draw,54.016009
2020-2021,2021-05-08 00:00:00,Liverpool,34,home,Southampton,2,0,2,14,6,0.42857142857142855,0.14285714285714285,12,6,0.5,0.0,10,6,1.6666666666666667,0,1,0,0,8,4,18,3,57,Win,57.018006
2020-2021,2021-05-13 00:00:00,Liverpool,35,away,Man United,4,2,2,17,8,0.47058823529411764,0.23529411764705882,18,3,0.16666666666666666,0.1111111111111111,12,10,1.2,0,3,0,0,4,6,20,3,60,Win,60.020008000000004
2020-2021,2021-05-16 00:00:00,Liverpool,36,away,West Brom,2,1,1,26,6,0.23076923076923078,0.07692307692307693,10,3,0.3,0.1,14,7,2.0,0,0,0,0,13,9,21,3,63,Win,63.021006
2020-2021,2021-05-19 00:00:00,Liverpool,37,away,Burnley,3,0,3,20,3,0.15,0.15,10,4,0.4,0.0,7,10,0.7,0,0,0,0,7,6,24,3,66,Win,66.02400300000001
2020-2021,2021-05-23 00:00:00,Liverpool,38,home,Crystal Palace,2,0,2,19,5,0.2631578947368421,0.10526315789473684,5,4,0.8,0.0,10,8,1.25,2,2,0,0,14,1,26,3,69,Win,69.026005
2020-2021,2020-09-21 00:00:00,Man City,1,away,Wolves,3,1,2,14,9,0.6428571428571429,0.21428571428571427,10,1,0.1,0.1,8,6,1.3333333333333333,3,0,0,0,6,4,2,3,3,Win,3.0020089999999997
2020-2021,2020-09-27 00:00:00,Man City,2,home,Leicester,2,5,-3,16,5,0.3125,0.125,7,7,1.0,0.7142857142857143,13,8,1.625,1,3,0,0,3,4,-1,0,3,Loss,2.999005
2020-2021,2020-10-03 00:00:00,Man City,3,away,Leeds,1,1,0,23,2,0.08695652173913043,0.043478260869565216,12,7,0.5833333333333334,0.08333333333333333,12,11,1.0909090909090908,1,2,0,0,10,7,-1,1,4,Draw,3.999002
2020-2021,2020-10-17 00:00:00,Man City,4,home,Arsenal,1,0,1,13,5,0.38461538461538464,0.07692307692307693,11,3,0.2727272727272727,0.0,15,10,1.5,4,1,0,0,6,6,0,3,7,Win,7.000005
2020-2021,2020-10-24 00:00:00,Man City,5,away,West Ham,1,1,0,14,7,0.5,0.07142857142857142,6,2,0.3333333333333333,0.16666666666666666,6,14,0.42857142857142855,0,2,0,0,10,2,0,1,8,Draw,8.000007
2020-2021,2020-10-31 00:00:00,Man City,6,away,Sheffield United,1,0,1,16,8,0.5,0.0625,5,1,0.2,0.0,6,14,0.42857142857142855,0,0,0,0,5,2,1,3,11,Win,11.001007999999999
2020-2021,2020-11-08 00:00:00,Man City,7,home,Liverpool,1,1,0,7,2,0.2857142857142857,0.14285714285714285,10,3,0.3,0.1,19,11,1.7272727272727273,3,1,0,0,1,2,1,1,12,Draw,12.001002
2020-2021,2020-11-21 00:00:00,Man City,8,away,Tottenham,0,2,-2,22,5,0.22727272727272727,0.0,4,2,0.5,0.5,19,13,1.4615384615384615,2,2,0,0,10,0,-1,0,12,Loss,11.999005
2020-2021,2020-11-28 00:00:00,Man City,9,home,Burnley,5,0,5,19,6,0.3157894736842105,0.2631578947368421,9,1,0.1111111111111111,0.0,12,4,3.0,0,0,0,0,6,4,4,3,15,Win,15.004006
2020-2021,2020-12-05 00:00:00,Man City,10,home,Fulham,2,0,2,16,6,0.375,0.125,6,1,0.16666666666666666,0.0,7,6,1.1666666666666667,0,0,0,0,9,3,6,3,18,Win,18.006006
2020-2021,2020-12-12 00:00:00,Man City,11,away,Man United,0,0,0,9,2,0.2222222222222222,0.0,11,2,0.18181818181818182,0.0,6,13,0.46153846153846156,1,1,0,0,3,4,6,1,19,Draw,19.006002
2020-2021,2020-12-15 00:00:00,Man City,12,home,West Brom,1,1,0,26,7,0.2692307692307692,0.038461538461538464,5,1,0.2,0.2,5,8,0.625,2,3,0,0,13,2,6,1,20,Draw,20.006007
2020-2021,2020-12-19 00:00:00,Man City,13,away,Southampton,1,0,1,11,5,0.45454545454545453,0.09090909090909091,9,3,0.3333333333333333,0.0,11,9,1.2222222222222223,2,2,0,0,6,6,7,3,23,Win,23.007005000000003
2020-2021,2020-12-26 00:00:00,Man City,14,home,Newcastle,2,0,2,11,6,0.5454545454545454,0.18181818181818182,7,2,0.2857142857142857,0.0,5,12,0.4166666666666667,2,2,0,0,7,3,9,3,26,Win,26.009006
2020-2021,2021-01-03 00:00:00,Man City,15,away,Chelsea,3,1,2,18,6,0.3333333333333333,0.16666666666666666,9,2,0.2222222222222222,0.1111111111111111,10,11,0.9090909090909091,1,3,0,0,3,5,11,3,29,Win,29.011006
2020-2021,2021-01-13 00:00:00,Man City,16,home,Brighton,1,0,1,16,6,0.375,0.0625,5,1,0.2,0.0,4,12,0.3333333333333333,0,2,0,0,8,4,12,3,32,Win,32.012006
2020-2021,2021-01-17 00:00:00,Man City,17,home,Crystal Palace,4,0,4,13,6,0.46153846153846156,0.3076923076923077,2,0,0.0,0.0,9,8,1.125,0,0,0,0,11,1,16,3,35,Win,35.016006
2020-2021,2021-01-20 00:00:00,Man City,18,home,Aston Villa,2,0,2,28,9,0.32142857142857145,0.07142857142857142,11,4,0.36363636363636365,0.0,10,9,1.1111111111111112,0,2,0,0,16,2,18,3,38,Win,38.018009
2020-2021,2021-01-26 00:00:00,Man City,19,away,West Brom,5,0,5,18,7,0.3888888888888889,0.2777777777777778,4,1,0.25,0.0,8,8,1.0,0,2,0,0,8,3,23,3,41,Win,41.023007
2020-2021,2021-01-30 00:00:00,Man City,20,home,Sheffield United,1,0,1,10,5,0.5,0.1,4,1,0.25,0.0,7,10,0.7,0,3,0,0,10,0,24,3,44,Win,44.024005
2020-2021,2021-02-03 00:00:00,Man City,21,away,Burnley,2,0,2,17,6,0.35294117647058826,0.11764705882352941,2,0,0.0,0.0,5,8,0.625,1,2,0,0,3,1,26,3,47,Win,47.026006
2020-2021,2021-02-07 00:00:00,Man City,22,away,Liverpool,4,1,3,8,5,0.625,0.5,8,3,0.375,0.125,8,13,0.6153846153846154,1,2,0,0,1,6,29,3,50,Win,50.029005000000005
2020-2021,2021-02-13 00:00:00,Man City,23,home,Tottenham,3,0,3,15,6,0.4,0.2,7,3,0.42857142857142855,0.0,12,13,0.9230769230769231,1,3,0,0,4,2,32,3,53,Win,53.032005999999996
2020-2021,2021-02-17 00:00:00,Man City,24,away,Everton,3,1,2,16,7,0.4375,0.1875,3,2,0.6666666666666666,0.3333333333333333,8,8,1.0,1,2,0,0,10,0,34,3,56,Win,56.034006999999995
2020-2021,2021-02-21 00:00:00,Man City,25,away,Arsenal,1,0,1,15,3,0.2,0.06666666666666667,7,1,0.14285714285714285,0.0,9,11,0.8181818181818182,2,2,0,0,3,1,35,3,59,Win,59.035002999999996
2020-2021,2021-02-27 00:00:00,Man City,26,home,West Ham,2,1,1,10,3,0.3,0.2,9,3,0.3333333333333333,0.1111111111111111,8,11,0.7272727272727273,1,1,0,0,4,2,36,3,62,Win,62.036003
2020-2021,2021-03-02 00:00:00,Man City,27,home,Wolves,4,1,3,22,10,0.45454545454545453,0.18181818181818182,6,1,0.16666666666666666,0.16666666666666666,9,5,1.8,0,1,0,0,10,2,39,3,65,Win,65.03901
2020-2021,2021-03-07 00:00:00,Man City,28,home,Man United,0,2,-2,23,6,0.2608695652173913,0.0,8,6,0.75,0.25,9,12,0.75,0,3,0,0,6,2,37,0,65,Loss,65.037006
2020-2021,2021-03-10 00:00:00,Man City,29,home,Southampton,5,2,3,17,10,0.5882352941176471,0.29411764705882354,11,6,0.5454545454545454,0.18181818181818182,6,4,1.5,1,0,0,0,5,5,40,3,68,Win,68.04001000000001
2020-2021,2021-03-13 00:00:00,Man City,30,away,Fulham,3,0,3,8,7,0.875,0.375,3,0,0.0,0.0,13,14,0.9285714285714286,0,0,0,0,2,4,43,3,71,Win,71.043007
2020-2021,2021-04-03 00:00:00,Man City,31,away,Leicester,2,0,2,11,4,0.36363636363636365,0.18181818181818182,5,2,0.4,0.0,12,13,0.9230769230769231,3,2,0,0,1,1,45,3,74,Win,74.045004
2020-2021,2021-04-10 00:00:00,Man City,32,home,Leeds,1,2,-1,29,7,0.2413793103448276,0.034482758620689655,2,2,1.0,1.0,12,15,0.8,3,1,0,1,9,3,44,0,74,Loss,74.044007
2020-2021,2021-04-21 00:00:00,Man City,33,away,Aston Villa,2,1,1,13,3,0.23076923076923078,0.15384615384615385,8,3,0.375,0.125,7,12,0.5833333333333334,1,0,1,1,11,1,45,3,77,Win,77.04500300000001
2020-2021,2021-05-01 00:00:00,Man City,34,away,Crystal Palace,2,0,2,20,3,0.15,0.1,9,4,0.4444444444444444,0.0,10,9,1.1111111111111112,0,2,0,0,6,2,47,3,80,Win,80.047003
2020-2021,2021-05-08 00:00:00,Man City,35,home,Chelsea,1,2,-1,16,4,0.25,0.0625,12,5,0.4166666666666667,0.16666666666666666,12,10,1.2,2,0,0,0,6,2,46,0,80,Loss,80.04600400000001
2020-2021,2021-05-14 00:00:00,Man City,36,away,Newcastle,4,3,1,15,6,0.4,0.26666666666666666,11,5,0.45454545454545453,0.2727272727272727,10,11,0.9090909090909091,2,2,0,0,5,4,47,3,83,Win,83.047006
2020-2021,2021-05-18 00:00:00,Man City,37,away,Brighton,2,3,-1,8,4,0.5,0.25,19,6,0.3157894736842105,0.15789473684210525,11,13,0.8461538461538461,3,3,1,0,3,5,46,0,83,Loss,83.04600400000001
2020-2021,2021-05-23 00:00:00,Man City,38,home,Everton,5,0,5,21,11,0.5238095238095238,0.23809523809523808,8,3,0.375,0.0,8,10,0.8,2,2,0,0,7,5,51,3,86,Win,86.051011
2020-2021,2020-09-19 00:00:00,Man United,1,home,Crystal Palace,1,3,-2,13,4,0.3076923076923077,0.07692307692307693,14,5,0.35714285714285715,0.21428571428571427,13,10,1.3,2,1,0,0,9,3,-2,0,0,Loss,-0.001996
2020-2021,2020-09-26 00:00:00,Man United,2,away,Brighton,3,2,1,7,3,0.42857142857142855,0.42857142857142855,18,5,0.2777777777777778,0.1111111111111111,16,18,0.8888888888888888,2,4,0,0,1,7,-1,3,3,Win,2.999003
2020-2021,2020-10-04 00:00:00,Man United,3,home,Tottenham,1,6,-5,5,2,0.4,0.2,22,8,0.36363636363636365,0.2727272727272727,14,10,1.4,2,1,1,0,2,4,-6,0,3,Loss,2.994002
2020-2021,2020-10-17 00:00:00,Man United,4,away,Newcastle,4,1,3,28,14,0.5,0.14285714285714285,7,4,0.5714285714285714,0.14285714285714285,12,9,1.3333333333333333,1,1,0,0,7,0,-3,3,6,Win,5.997014
2020-2021,2020-10-24 00:00:00,Man United,5,home,Chelsea,0,0,0,14,4,0.2857142857142857,0.0,6,1,0.16666666666666666,0.0,8,6,1.3333333333333333,3,1,0,0,9,6,-3,1,7,Draw,6.997004
2020-2021,2020-11-01 00:00:00,Man United,6,home,Arsenal,0,1,-1,8,2,0.25,0.0,7,2,0.2857142857142857,0.14285714285714285,12,12,1.0,3,3,0,0,6,3,-4,0,7,Loss,6.996002000000001
2020-2021,2020-11-07 00:00:00,Man United,7,away,Everton,3,1,2,13,5,0.38461538461538464,0.23076923076923078,7,1,0.14285714285714285,0.14285714285714285,19,12,1.5833333333333333,2,4,0,0,2,5,-2,3,10,Win,9.998005
2020-2021,2020-11-21 00:00:00,Man United,8,home,West Brom,1,0,1,17,7,0.4117647058823529,0.058823529411764705,7,2,0.2857142857142857,0.0,12,17,0.7058823529411765,1,1,0,0,8,2,-1,3,13,Win,12.999007
2020-2021,2020-11-29 00:00:00,Man United,9,away,Southampton,3,2,1,15,6,0.4,0.2,10,5,0.5,0.2,12,12,1.0,0,1,0,0,9,5,0,3,16,Win,16.000006
2020-2021,2020-12-05 00:00:00,Man United,10,away,West Ham,3,1,2,15,6,0.4,0.2,19,6,0.3157894736842105,0.05263157894736842,10,9,1.1111111111111112,0,0,0,0,4,5,2,3,19,Win,19.002005999999998
2020-2021,2020-12-12 00:00:00,Man United,11,home,Man City,0,0,0,11,2,0.18181818181818182,0.0,9,2,0.2222222222222222,0.0,13,6,2.1666666666666665,1,1,0,0,4,3,2,1,20,Draw,20.002001999999997
2020-2021,2020-12-17 00:00:00,Man United,12,away,Sheffield United,3,2,1,14,8,0.5714285714285714,0.21428571428571427,12,6,0.5,0.16666666666666666,8,17,0.47058823529411764,2,3,0,0,3,6,3,3,23,Win,23.003008
2020-2021,2020-12-20 00:00:00,Man United,13,home,Leeds,6,2,4,26,14,0.5384615384615384,0.23076923076923078,17,3,0.17647058823529413,0.11764705882352941,6,6,1.0,1,0,0,0,11,13,7,3,26,Win,26.007014
2020-2021,2020-12-26 00:00:00,Man United,14,away,Leicester,2,2,0,9,4,0.4444444444444444,0.2222222222222222,10,2,0.2,0.2,17,10,1.7,1,2,0,0,0,5,7,1,27,Draw,27.007004000000002
2020-2021,2020-12-29 00:00:00,Man United,15,home,Wolves,1,0,1,11,3,0.2727272727272727,0.09090909090909091,9,5,0.5555555555555556,0.0,11,7,1.5714285714285714,1,1,0,0,2,2,8,3,30,Win,30.008003
2020-2021,2021-01-01 00:00:00,Man United,16,home,Aston Villa,2,1,1,19,9,0.47368421052631576,0.10526315789473684,5,5,1.0,0.2,22,10,2.2,4,0,0,0,5,10,9,3,33,Win,33.009009
2020-2021,2021-01-12 00:00:00,Man United,17,away,Burnley,1,0,1,13,7,0.5384615384615384,0.07692307692307693,11,0,0.0,0.0,13,15,0.8666666666666667,2,1,0,0,4,3,10,3,36,Win,36.010006999999995
2020-2021,2021-01-17 00:00:00,Man United,18,away,Liverpool,0,0,0,8,4,0.5,0.0,17,3,0.17647058823529413,0.0,6,15,0.4,1,2,0,0,3,7,10,1,37,Draw,37.010003999999995
2020-2021,2021-01-20 00:00:00,Man United,19,away,Fulham,2,1,1,15,5,0.3333333333333333,0.13333333333333333,12,5,0.4166666666666667,0.08333333333333333,10,6,1.6666666666666667,1,3,0,0,8,2,11,3,40,Win,40.011005000000004
2020-2021,2021-01-27 00:00:00,Man United,20,home,Sheffield United,1,2,-1,16,4,0.25,0.0625,5,3,0.6,0.4,10,12,0.8333333333333334,1,1,0,0,7,2,10,0,40,Loss,40.010003999999995
2020-2021,2021-01-30 00:00:00,Man United,21,away,Arsenal,0,0,0,14,3,0.21428571428571427,0.0,17,3,0.17647058823529413,0.0,16,9,1.7777777777777777,3,1,0,0,7,4,10,1,41,Draw,41.010003
2020-2021,2021-02-02 00:00:00,Man United,22,home,Southampton,9,0,9,24,14,0.5833333333333334,0.375,3,1,0.3333333333333333,0.0,11,6,1.8333333333333333,2,3,0,2,5,3,19,3,44,Win,44.019014
2020-2021,2021-02-06 00:00:00,Man United,23,home,Everton,3,3,0,14,5,0.35714285714285715,0.21428571428571427,6,3,0.5,0.5,14,10,1.4,2,1,0,0,5,1,19,1,45,Draw,45.019005
2020-2021,2021-02-14 00:00:00,Man United,24,away,West Brom,1,1,0,10,7,0.7,0.1,7,3,0.42857142857142855,0.14285714285714285,10,13,0.7692307692307693,0,5,0,0,5,4,19,1,46,Draw,46.019006999999995
2020-2021,2021-02-21 00:00:00,Man United,25,home,Newcastle,3,1,2,15,7,0.4666666666666667,0.2,10,6,0.6,0.1,9,11,0.8181818181818182,1,2,0,0,6,4,21,3,49,Win,49.021007
2020-2021,2021-02-28 00:00:00,Man United,26,away,Chelsea,0,0,0,11,4,0.36363636363636365,0.0,18,6,0.3333333333333333,0.0,12,11,1.0909090909090908,2,1,0,0,4,3,21,1,50,Draw,50.021004
2020-2021,2021-03-03 00:00:00,Man United,27,away,Crystal Palace,0,0,0,11,1,0.09090909090909091,0.0,8,2,0.25,0.0,13,4,3.25,0,1,0,0,6,4,21,1,51,Draw,51.021001
2020-2021,2021-03-07 00:00:00,Man United,28,away,Man City,2,0,2,8,6,0.75,0.25,23,6,0.2608695652173913,0.0,12,9,1.3333333333333333,3,0,0,0,2,6,23,3,54,Win,54.023006
2020-2021,2021-03-14 00:00:00,Man United,29,home,West Ham,1,0,1,15,4,0.26666666666666666,0.06666666666666667,7,0,0.0,0.0,12,2,6.0,4,0,0,0,6,3,24,3,57,Win,57.024004
2020-2021,2021-04-04 00:00:00,Man United,30,home,Brighton,2,1,1,15,7,0.4666666666666667,0.13333333333333333,5,3,0.6,0.2,14,7,2.0,2,2,0,0,5,6,25,3,60,Win,60.025006999999995
2020-2021,2021-04-11 00:00:00,Man United,31,away,Tottenham,3,1,2,12,7,0.5833333333333334,0.25,12,3,0.25,0.08333333333333333,15,11,1.3636363636363635,5,1,0,0,5,7,27,3,63,Win,63.027007
2020-2021,2021-04-18 00:00:00,Man United,32,home,Burnley,3,1,2,17,9,0.5294117647058824,0.17647058823529413,10,3,0.3,0.1,9,12,0.75,1,2,0,0,8,3,29,3,66,Win,66.029009
2020-2021,2021-04-25 00:00:00,Man United,33,away,Leeds,0,0,0,16,4,0.25,0.0,6,3,0.5,0.0,11,21,0.5238095238095238,1,4,0,0,6,2,29,1,67,Draw,67.029004
2020-2021,2021-05-09 00:00:00,Man United,34,away,Aston Villa,3,1,2,18,7,0.3888888888888889,0.16666666666666666,11,5,0.45454545454545453,0.09090909090909091,18,13,1.3846153846153846,1,1,0,1,6,5,31,3,70,Win,70.031007
2020-2021,2021-05-11 00:00:00,Man United,35,home,Leicester,1,2,-1,4,1,0.25,0.25,12,3,0.25,0.16666666666666666,9,12,0.75,0,0,0,0,3,4,30,0,70,Loss,70.030001
2020-2021,2021-05-13 00:00:00,Man United,36,home,Liverpool,2,4,-2,18,3,0.16666666666666666,0.1111111111111111,17,8,0.47058823529411764,0.23529411764705882,10,12,0.8333333333333334,3,0,0,0,6,4,28,0,70,Loss,70.02800300000001
2020-2021,2021-05-18 00:00:00,Man United,37,home,Fulham,1,1,0,13,6,0.46153846153846156,0.07692307692307693,8,5,0.625,0.125,10,15,0.6666666666666666,2,3,0,0,6,1,28,1,71,Draw,71.028006
2020-2021,2021-05-23 00:00:00,Man United,38,away,Wolves,2,1,1,9,4,0.4444444444444444,0.2222222222222222,14,4,0.2857142857142857,0.07142857142857142,3,14,0.21428571428571427,1,4,0,0,2,6,29,3,74,Win,74.029004
2020-2021,2020-09-12 00:00:00,Newcastle,1,away,West Ham,2,0,2,15,2,0.13333333333333333,0.13333333333333333,15,3,0.2,0.0,7,13,0.5384615384615384,2,2,0,0,7,8,2,3,3,Win,3.0020019999999996
2020-2021,2020-09-20 00:00:00,Newcastle,2,home,Brighton,0,3,-3,6,0,0.0,0.0,13,6,0.46153846153846156,0.23076923076923078,16,15,1.0666666666666667,3,0,0,1,7,1,-1,0,3,Loss,2.999
2020-2021,2020-09-27 00:00:00,Newcastle,3,away,Tottenham,1,1,0,6,1,0.16666666666666666,0.16666666666666666,23,12,0.5217391304347826,0.043478260869565216,9,15,0.6,4,1,0,0,4,10,-1,1,4,Draw,3.9990010000000002
2020-2021,2020-10-03 00:00:00,Newcastle,4,home,Burnley,3,1,2,10,5,0.5,0.3,7,3,0.42857142857142855,0.14285714285714285,13,17,0.7647058823529411,2,3,0,0,3,4,1,3,7,Win,7.001005
2020-2021,2020-10-17 00:00:00,Newcastle,5,home,Man United,1,4,-3,7,4,0.5714285714285714,0.14285714285714285,28,14,0.5,0.14285714285714285,9,12,0.75,1,1,0,0,0,7,-2,0,7,Loss,6.998004
2020-2021,2020-10-25 00:00:00,Newcastle,6,away,Wolves,1,1,0,5,2,0.4,0.2,16,3,0.1875,0.0625,10,10,1.0,1,0,0,0,3,2,-2,1,8,Draw,7.9980020000000005
2020-2021,2020-11-01 00:00:00,Newcastle,7,home,Everton,2,1,1,11,4,0.36363636363636365,0.18181818181818182,15,4,0.26666666666666666,0.06666666666666667,9,10,0.9,2,4,0,0,5,4,-1,3,11,Win,10.999004000000001
2020-2021,2020-11-06 00:00:00,Newcastle,8,away,Southampton,0,2,-2,4,2,0.5,0.0,15,8,0.5333333333333333,0.13333333333333333,11,12,0.9166666666666666,2,1,0,0,3,8,-3,0,11,Loss,10.997002
2020-2021,2020-11-21 00:00:00,Newcastle,9,home,Chelsea,0,2,-2,8,1,0.125,0.0,14,3,0.21428571428571427,0.14285714285714285,11,12,0.9166666666666666,2,0,0,0,7,4,-5,0,11,Loss,10.995000999999998
2020-2021,2020-11-27 00:00:00,Newcastle,10,away,Crystal Palace,2,0,2,14,7,0.5,0.14285714285714285,12,3,0.25,0.0,10,9,1.1111111111111112,2,2,0,0,3,7,-3,3,14,Win,13.997007
2020-2021,2020-12-12 00:00:00,Newcastle,11,home,West Brom,2,1,1,12,7,0.5833333333333334,0.16666666666666666,13,3,0.23076923076923078,0.07692307692307693,9,12,0.75,2,3,0,0,4,3,-2,3,17,Win,16.998007
2020-2021,2020-12-16 00:00:00,Newcastle,12,away,Leeds,2,5,-3,10,4,0.4,0.2,25,10,0.4,0.2,13,10,1.3,1,3,0,0,4,7,-5,0,17,Loss,16.995004
2020-2021,2020-12-19 00:00:00,Newcastle,13,home,Fulham,1,1,0,12,5,0.4166666666666667,0.08333333333333333,11,4,0.36363636363636365,0.09090909090909091,7,17,0.4117647058823529,1,2,0,1,2,9,-5,1,18,Draw,17.995005000000003
2020-2021,2020-12-26 00:00:00,Newcastle,14,away,Man City,0,2,-2,7,2,0.2857142857142857,0.0,11,6,0.5454545454545454,0.18181818181818182,12,5,2.4,2,2,0,0,3,7,-7,0,18,Loss,17.993001999999997
2020-2021,2020-12-30 00:00:00,Newcastle,15,home,Liverpool,0,0,0,8,2,0.25,0.0,11,4,0.36363636363636365,0.0,9,13,0.6923076923076923,2,3,0,0,5,12,-7,1,19,Draw,18.993001999999997
2020-2021,2021-01-03 00:00:00,Newcastle,16,home,Leicester,1,2,-1,8,2,0.25,0.125,9,3,0.3333333333333333,0.2222222222222222,10,11,0.9090909090909091,0,2,0,0,3,6,-8,0,19,Loss,18.992002
2020-2021,2021-01-12 00:00:00,Newcastle,17,away,Sheffield United,0,1,-1,7,3,0.42857142857142855,0.0,17,4,0.23529411764705882,0.058823529411764705,12,13,0.9230769230769231,3,2,1,0,2,5,-9,0,19,Loss,18.991003
2020-2021,2021-01-18 00:00:00,Newcastle,18,away,Arsenal,0,3,-3,4,1,0.25,0.0,20,6,0.3,0.15,8,9,0.8888888888888888,0,0,0,0,2,7,-12,0,19,Loss,18.988001
2020-2021,2021-01-23 00:00:00,Newcastle,19,away,Aston Villa,0,2,-2,7,1,0.14285714285714285,0.0,14,5,0.35714285714285715,0.14285714285714285,18,9,2.0,3,0,0,0,4,5,-14,0,19,Loss,18.986001
2020-2021,2021-01-26 00:00:00,Newcastle,20,home,Leeds,1,2,-1,22,5,0.22727272727272727,0.045454545454545456,9,2,0.2222222222222222,0.2222222222222222,10,15,0.6666666666666666,1,3,0,0,9,5,-15,0,19,Loss,18.985005
2020-2021,2021-01-30 00:00:00,Newcastle,21,away,Everton,2,0,2,13,3,0.23076923076923078,0.15384615384615385,11,3,0.2727272727272727,0.0,6,13,0.46153846153846156,4,3,0,0,12,7,-13,3,22,Win,21.987002999999998
2020-2021,2021-02-02 00:00:00,Newcastle,22,home,Crystal Palace,1,2,-1,21,5,0.23809523809523808,0.047619047619047616,6,3,0.5,0.3333333333333333,14,11,1.2727272727272727,1,3,0,0,9,1,-14,0,22,Loss,21.986005000000002
2020-2021,2021-02-06 00:00:00,Newcastle,23,home,Southampton,3,2,1,6,4,0.6666666666666666,0.5,14,5,0.35714285714285715,0.14285714285714285,11,14,0.7857142857142857,2,1,1,0,0,7,-13,3,25,Win,24.987004
2020-2021,2021-02-15 00:00:00,Newcastle,24,away,Chelsea,0,2,-2,10,4,0.4,0.0,18,5,0.2777777777777778,0.1111111111111111,13,9,1.4444444444444444,0,0,0,0,5,10,-15,0,25,Loss,24.985004
2020-2021,2021-02-21 00:00:00,Newcastle,25,away,Man United,1,3,-2,10,6,0.6,0.1,15,7,0.4666666666666667,0.2,11,9,1.2222222222222223,2,1,0,0,4,6,-17,0,25,Loss,24.983006
2020-2021,2021-02-27 00:00:00,Newcastle,26,home,Wolves,1,1,0,19,7,0.3684210526315789,0.05263157894736842,14,4,0.2857142857142857,0.07142857142857142,11,13,0.8461538461538461,2,0,0,0,3,5,-17,1,26,Draw,25.983007
2020-2021,2021-03-07 00:00:00,Newcastle,27,away,West Brom,0,0,0,9,5,0.5555555555555556,0.0,13,3,0.23076923076923078,0.0,10,11,0.9090909090909091,0,0,0,0,7,9,-17,1,27,Draw,26.983005000000002
2020-2021,2021-03-12 00:00:00,Newcastle,28,home,Aston Villa,1,1,0,12,3,0.25,0.08333333333333333,15,6,0.4,0.06666666666666667,10,10,1.0,2,3,0,0,2,2,-17,1,28,Draw,27.983003
2020-2021,2021-03-20 00:00:00,Newcastle,29,away,Brighton,0,3,-3,3,1,0.3333333333333333,0.0,11,6,0.5454545454545454,0.2727272727272727,5,12,0.4166666666666667,1,0,0,0,1,3,-20,0,28,Loss,27.980001
2020-2021,2021-04-04 00:00:00,Newcastle,30,home,Tottenham,2,2,0,22,6,0.2727272727272727,0.09090909090909091,11,5,0.45454545454545453,0.18181818181818182,13,14,0.9285714285714286,3,2,0,0,7,3,-20,1,29,Draw,28.980006
2020-2021,2021-04-11 00:00:00,Newcastle,31,away,Burnley,2,1,1,10,5,0.5,0.2,24,4,0.16666666666666666,0.041666666666666664,12,11,1.0909090909090908,0,1,0,0,3,13,-19,3,32,Win,31.981005000000003
2020-2021,2021-04-17 00:00:00,Newcastle,32,home,West Ham,3,2,1,16,8,0.5,0.1875,16,6,0.375,0.125,9,7,1.2857142857142858,2,0,0,1,3,8,-18,3,35,Win,34.982008
2020-2021,2021-04-24 00:00:00,Newcastle,33,away,Liverpool,1,1,0,7,4,0.5714285714285714,0.14285714285714285,22,9,0.4090909090909091,0.045454545454545456,7,9,0.7777777777777778,1,2,0,0,3,6,-18,1,36,Draw,35.982003999999996
2020-2021,2021-05-02 00:00:00,Newcastle,34,home,Arsenal,0,2,-2,5,1,0.2,0.0,19,5,0.2631578947368421,0.10526315789473684,10,9,1.1111111111111112,2,1,1,0,3,7,-20,0,36,Loss,35.980000999999994
2020-2021,2021-05-07 00:00:00,Newcastle,35,away,Leicester,4,2,2,14,6,0.42857142857142855,0.2857142857142857,25,9,0.36,0.08,9,12,0.75,1,1,0,0,6,9,-18,3,39,Win,38.982006
2020-2021,2021-05-14 00:00:00,Newcastle,36,home,Man City,3,4,-1,11,5,0.45454545454545453,0.2727272727272727,15,6,0.4,0.26666666666666666,11,10,1.1,2,2,0,0,4,5,-19,0,39,Loss,38.981005
2020-2021,2021-05-19 00:00:00,Newcastle,37,home,Sheffield United,1,0,1,16,5,0.3125,0.0625,11,1,0.09090909090909091,0.0,7,7,1.0,0,2,0,0,5,2,-18,3,42,Win,41.982005
2020-2021,2021-05-23 00:00:00,Newcastle,38,away,Fulham,2,0,2,10,4,0.4,0.2,14,0,0.0,0.0,6,12,0.5,0,1,0,0,4,5,-16,3,45,Win,44.984004
2020-2021,2020-09-14 00:00:00,Sheffield United,1,home,Wolves,0,2,-2,9,2,0.2222222222222222,0.0,11,4,0.36363636363636365,0.18181818181818182,13,7,1.8571428571428572,2,1,0,0,12,5,-2,0,0,Loss,-0.001998
2020-2021,2020-09-21 00:00:00,Sheffield United,2,away,Aston Villa,0,1,-1,4,1,0.25,0.0,18,2,0.1111111111111111,0.05555555555555555,13,12,1.0833333333333333,1,3,1,0,4,10,-3,0,0,Loss,-0.002999
2020-2021,2020-09-27 00:00:00,Sheffield United,3,home,Leeds,0,1,-1,14,4,0.2857142857142857,0.0,17,9,0.5294117647058824,0.058823529411764705,18,4,4.5,2,1,0,0,5,7,-4,0,0,Loss,-0.003996
2020-2021,2020-10-04 00:00:00,Sheffield United,4,away,Arsenal,1,2,-1,6,2,0.3333333333333333,0.16666666666666666,6,5,0.8333333333333334,0.3333333333333333,9,3,3.0,1,0,0,0,4,2,-5,0,0,Loss,-0.004998
2020-2021,2020-10-18 00:00:00,Sheffield United,5,home,Fulham,1,1,0,10,6,0.6,0.1,15,6,0.4,0.06666666666666667,5,9,0.5555555555555556,0,2,0,0,2,5,-5,1,1,Draw,0.995006
2020-2021,2020-10-24 00:00:00,Sheffield United,6,away,Liverpool,1,2,-1,13,2,0.15384615384615385,0.07692307692307693,17,5,0.29411764705882354,0.11764705882352941,15,7,2.142857142857143,3,0,0,0,3,7,-6,0,1,Loss,0.9940019999999999
2020-2021,2020-10-31 00:00:00,Sheffield United,7,home,Man City,0,1,-1,5,1,0.2,0.0,16,8,0.5,0.0625,14,6,2.3333333333333335,0,0,0,0,2,5,-7,0,1,Loss,0.993001
2020-2021,2020-11-07 00:00:00,Sheffield United,8,away,Chelsea,1,4,-3,6,3,0.5,0.16666666666666666,20,9,0.45,0.2,14,5,2.8,2,0,0,0,7,6,-10,0,1,Loss,0.990003
2020-2021,2020-11-22 00:00:00,Sheffield United,9,home,West Ham,0,1,-1,9,5,0.5555555555555556,0.0,15,3,0.2,0.06666666666666667,7,6,1.1666666666666667,0,0,0,0,2,6,-11,0,1,Loss,0.989005
2020-2021,2020-11-28 00:00:00,Sheffield United,10,away,West Brom,0,1,-1,21,5,0.23809523809523808,0.0,17,6,0.35294117647058826,0.058823529411764705,9,10,0.9,3,2,0,0,9,14,-12,0,1,Loss,0.988005
2020-2021,2020-12-06 00:00:00,Sheffield United,11,home,Leicester,1,2,-1,4,1,0.25,0.25,13,4,0.3076923076923077,0.15384615384615385,13,6,2.1666666666666665,1,3,0,0,6,5,-13,0,1,Loss,0.987001
2020-2021,2020-12-13 00:00:00,Sheffield United,12,away,Southampton,0,3,-3,3,0,0.0,0.0,16,6,0.375,0.1875,14,8,1.75,1,0,0,0,4,8,-16,0,1,Loss,0.984
2020-2021,2020-12-17 00:00:00,Sheffield United,13,home,Man United,2,3,-1,12,6,0.5,0.16666666666666666,14,8,0.5714285714285714,0.21428571428571427,17,8,2.125,3,2,0,0,6,3,-17,0,1,Loss,0.9830059999999999
2020-2021,2020-12-20 00:00:00,Sheffield United,14,away,Brighton,1,1,0,5,3,0.6,0.2,21,5,0.23809523809523808,0.047619047619047616,11,9,1.2222222222222223,5,1,1,0,2,14,-17,1,2,Draw,1.983003
2020-2021,2020-12-26 00:00:00,Sheffield United,15,home,Everton,0,1,-1,10,2,0.2,0.0,7,3,0.42857142857142855,0.14285714285714285,11,10,1.1,2,4,0,0,6,3,-18,0,2,Loss,1.982002
2020-2021,2020-12-29 00:00:00,Sheffield United,16,away,Burnley,0,1,-1,7,3,0.42857142857142855,0.0,5,3,0.6,0.2,17,13,1.3076923076923077,2,1,0,0,5,3,-19,0,2,Loss,1.981003
2020-2021,2021-01-02 00:00:00,Sheffield United,17,away,Crystal Palace,0,2,-2,7,2,0.2857142857142857,0.0,9,4,0.4444444444444444,0.2222222222222222,18,8,2.25,3,1,0,0,6,3,-21,0,2,Loss,1.9790020000000001
2020-2021,2021-01-12 00:00:00,Sheffield United,18,home,Newcastle,1,0,1,17,4,0.23529411764705882,0.058823529411764705,7,3,0.42857142857142855,0.0,13,12,1.0833333333333333,2,3,0,1,5,2,-20,3,5,Win,4.980004
2020-2021,2021-01-17 00:00:00,Sheffield United,19,home,Tottenham,1,3,-2,15,5,0.3333333333333333,0.06666666666666667,14,5,0.35714285714285715,0.21428571428571427,13,4,3.25,4,0,0,0,5,7,-22,0,5,Loss,4.978005
2020-2021,2021-01-27 00:00:00,Sheffield United,20,away,Man United,2,1,1,5,3,0.6,0.4,16,4,0.25,0.0625,12,10,1.2,1,1,0,0,2,7,-21,3,8,Win,7.9790030000000005
2020-2021,2021-01-30 00:00:00,Sheffield United,21,away,Man City,0,1,-1,4,1,0.25,0.0,10,5,0.5,0.1,10,7,1.4285714285714286,3,0,0,0,0,10,-22,0,8,Loss,7.978001
2020-2021,2021-02-02 00:00:00,Sheffield United,22,home,West Brom,2,1,1,14,6,0.42857142857142855,0.14285714285714285,8,4,0.5,0.125,11,9,1.2222222222222223,2,1,0,0,9,2,-21,3,11,Win,10.979006
2020-2021,2021-02-07 00:00:00,Sheffield United,23,home,Chelsea,1,2,-1,8,3,0.375,0.125,9,3,0.3333333333333333,0.2222222222222222,8,8,1.0,1,0,0,0,1,8,-22,0,11,Loss,10.978003
2020-2021,2021-02-15 00:00:00,Sheffield United,24,away,West Ham,0,3,-3,8,5,0.625,0.0,13,9,0.6923076923076923,0.23076923076923078,12,11,1.0909090909090908,2,0,0,0,7,7,-25,0,11,Loss,10.975005
2020-2021,2021-02-20 00:00:00,Sheffield United,25,away,Fulham,0,1,-1,4,2,0.5,0.0,15,7,0.4666666666666667,0.06666666666666667,14,11,1.2727272727272727,2,1,0,0,4,6,-26,0,11,Loss,10.974002
2020-2021,2021-02-28 00:00:00,Sheffield United,26,home,Liverpool,0,2,-2,8,2,0.25,0.0,16,8,0.5,0.125,9,9,1.0,0,0,0,0,4,3,-28,0,11,Loss,10.972002
2020-2021,2021-03-03 00:00:00,Sheffield United,27,home,Aston Villa,1,0,1,9,2,0.2222222222222222,0.1111111111111111,16,4,0.25,0.0,13,6,2.1666666666666665,1,0,1,0,2,7,-27,3,14,Win,13.973002000000001
2020-2021,2021-03-06 00:00:00,Sheffield United,28,home,Southampton,0,2,-2,8,2,0.25,0.0,15,5,0.3333333333333333,0.13333333333333333,17,11,1.5454545454545454,4,3,0,0,7,3,-29,0,14,Loss,13.971002
2020-2021,2021-03-14 00:00:00,Sheffield United,29,away,Leicester,0,5,-5,1,0,0.0,0.0,19,10,0.5263157894736842,0.2631578947368421,9,10,0.9,2,0,0,0,1,9,-34,0,14,Loss,13.966
2020-2021,2021-04-03 00:00:00,Sheffield United,30,away,Leeds,1,2,-1,9,1,0.1111111111111111,0.1111111111111111,23,8,0.34782608695652173,0.08695652173913043,13,12,1.0833333333333333,2,1,0,0,7,5,-35,0,14,Loss,13.965000999999999
2020-2021,2021-04-11 00:00:00,Sheffield United,31,home,Arsenal,0,3,-3,7,2,0.2857142857142857,0.0,14,5,0.35714285714285715,0.21428571428571427,9,6,1.5,1,1,0,0,2,4,-38,0,14,Loss,13.962002
2020-2021,2021-04-17 00:00:00,Sheffield United,32,away,Wolves,0,1,-1,8,2,0.25,0.0,10,5,0.5,0.1,15,8,1.875,2,1,0,0,3,3,-39,0,14,Loss,13.961002
2020-2021,2021-04-24 00:00:00,Sheffield United,33,home,Brighton,1,0,1,7,3,0.42857142857142855,0.14285714285714285,17,4,0.23529411764705882,0.0,13,7,1.8571428571428572,3,0,0,0,2,12,-38,3,17,Win,16.962003
2020-2021,2021-05-02 00:00:00,Sheffield United,34,away,Tottenham,0,4,-4,8,1,0.125,0.0,20,11,0.55,0.2,9,8,1.125,1,1,0,0,6,6,-42,0,17,Loss,16.958001
2020-2021,2021-05-08 00:00:00,Sheffield United,35,home,Crystal Palace,0,2,-2,7,0,0.0,0.0,21,8,0.38095238095238093,0.09523809523809523,11,8,1.375,1,1,0,0,5,11,-44,0,17,Loss,16.956
2020-2021,2021-05-16 00:00:00,Sheffield United,36,away,Everton,1,0,1,10,3,0.3,0.1,16,6,0.375,0.0,12,8,1.5,3,1,0,0,4,11,-43,3,20,Win,19.957003
2020-2021,2021-05-19 00:00:00,Sheffield United,37,away,Newcastle,0,1,-1,11,1,0.09090909090909091,0.0,16,5,0.3125,0.0625,7,7,1.0,2,0,0,0,2,5,-44,0,20,Loss,19.956001
2020-2021,2021-05-23 00:00:00,Sheffield United,38,home,Burnley,1,0,1,12,3,0.25,0.08333333333333333,10,3,0.3,0.0,11,1,11.0,3,1,0,0,8,9,-43,3,23,Win,22.957003
2020-2021,2020-09-12 00:00:00,Southampton,1,away,Crystal Palace,0,1,-1,9,5,0.5555555555555556,0.0,5,3,0.6,0.2,11,14,0.7857142857142857,1,2,0,0,3,7,-1,0,0,Loss,-0.000995
2020-2021,2020-09-20 00:00:00,Southampton,2,home,Tottenham,2,5,-3,14,7,0.5,0.14285714285714285,9,6,0.6666666666666666,0.5555555555555556,16,18,0.8888888888888888,4,3,0,0,3,2,-4,0,0,Loss,-0.003993
2020-2021,2020-09-26 00:00:00,Southampton,3,away,Burnley,1,0,1,5,1,0.2,0.2,10,2,0.2,0.0,10,8,1.25,0,1,0,0,2,8,-3,3,3,Win,2.997001
2020-2021,2020-10-04 00:00:00,Southampton,4,home,West Brom,2,0,2,13,7,0.5384615384615384,0.15384615384615385,5,2,0.4,0.0,19,10,1.9,2,1,0,0,5,1,-1,3,6,Win,5.999007
2020-2021,2020-10-17 00:00:00,Southampton,5,away,Chelsea,3,3,0,13,6,0.46153846153846156,0.23076923076923078,11,5,0.45454545454545453,0.2727272727272727,9,11,0.8181818181818182,1,1,0,0,2,6,-1,1,7,Draw,6.999006
2020-2021,2020-10-25 00:00:00,Southampton,6,home,Everton,2,0,2,12,6,0.5,0.16666666666666666,6,2,0.3333333333333333,0.0,11,11,1.0,1,2,0,1,4,5,1,3,10,Win,10.001006
2020-2021,2020-11-01 00:00:00,Southampton,7,away,Aston Villa,4,3,1,9,4,0.4444444444444444,0.4444444444444444,19,10,0.5263157894736842,0.15789473684210525,17,12,1.4166666666666667,2,1,0,0,1,11,2,3,13,Win,13.002004000000001
2020-2021,2020-11-06 00:00:00,Southampton,8,home,Newcastle,2,0,2,15,8,0.5333333333333333,0.13333333333333333,4,2,0.5,0.0,12,11,1.0909090909090908,1,2,0,0,8,3,4,3,16,Win,16.004008000000002
2020-2021,2020-11-23 00:00:00,Southampton,9,away,Wolves,1,1,0,7,2,0.2857142857142857,0.14285714285714285,20,9,0.45,0.05,13,14,0.9285714285714286,0,2,0,0,4,7,4,1,17,Draw,17.004002
2020-2021,2020-11-29 00:00:00,Southampton,10,home,Man United,2,3,-1,10,5,0.5,0.2,15,6,0.4,0.2,12,12,1.0,1,0,0,0,5,9,3,0,17,Loss,17.003005
2020-2021,2020-12-07 00:00:00,Southampton,11,away,Brighton,2,1,1,10,3,0.3,0.2,12,4,0.3333333333333333,0.08333333333333333,12,12,1.0,3,3,0,0,3,4,4,3,20,Win,20.004003
2020-2021,2020-12-13 00:00:00,Southampton,12,home,Sheffield United,3,0,3,16,6,0.375,0.1875,3,0,0.0,0.0,8,14,0.5714285714285714,0,1,0,0,8,4,7,3,23,Win,23.007006
2020-2021,2020-12-16 00:00:00,Southampton,13,away,Arsenal,1,1,0,13,3,0.23076923076923078,0.07692307692307693,9,4,0.4444444444444444,0.1111111111111111,13,13,1.0,3,1,0,1,7,2,7,1,24,Draw,24.007003
2020-2021,2020-12-19 00:00:00,Southampton,14,home,Man City,0,1,-1,9,3,0.3333333333333333,0.0,11,5,0.45454545454545453,0.09090909090909091,9,11,0.8181818181818182,2,2,0,0,6,6,6,0,24,Loss,24.006003
2020-2021,2020-12-26 00:00:00,Southampton,15,away,Fulham,0,0,0,3,2,0.6666666666666666,0.0,10,1,0.1,0.0,12,15,0.8,0,2,0,0,3,6,6,1,25,Draw,25.006002
2020-2021,2020-12-29 00:00:00,Southampton,16,home,West Ham,0,0,0,8,3,0.375,0.0,8,3,0.375,0.0,16,15,1.0666666666666667,3,1,0,0,4,3,6,1,26,Draw,26.006003
2020-2021,2021-01-04 00:00:00,Southampton,17,home,Liverpool,1,0,1,7,3,0.42857142857142855,0.14285714285714285,17,1,0.058823529411764705,0.0,5,12,0.4166666666666667,1,3,0,0,1,10,7,3,29,Win,29.007003
2020-2021,2021-01-16 00:00:00,Southampton,18,away,Leicester,0,2,-2,8,3,0.375,0.0,16,5,0.3125,0.125,11,10,1.1,2,2,0,0,5,2,5,0,29,Loss,29.005003
2020-2021,2021-01-26 00:00:00,Southampton,19,home,Arsenal,1,3,-2,13,5,0.38461538461538464,0.07692307692307693,9,5,0.5555555555555556,0.3333333333333333,11,6,1.8333333333333333,1,2,0,0,4,5,3,0,29,Loss,29.003005
2020-2021,2021-01-30 00:00:00,Southampton,20,home,Aston Villa,0,1,-1,20,5,0.25,0.0,8,4,0.5,0.125,12,11,1.0909090909090908,1,0,0,0,7,1,2,0,29,Loss,29.002005
2020-2021,2021-02-02 00:00:00,Southampton,21,away,Man United,0,9,-9,3,1,0.3333333333333333,0.0,24,14,0.5833333333333334,0.375,6,11,0.5454545454545454,3,2,2,0,3,5,-7,0,29,Loss,28.993001
2020-2021,2021-02-06 00:00:00,Southampton,22,away,Newcastle,2,3,-1,14,5,0.35714285714285715,0.14285714285714285,6,4,0.6666666666666666,0.5,14,11,1.2727272727272727,1,2,0,1,7,0,-8,0,29,Loss,28.992005000000002
2020-2021,2021-02-14 00:00:00,Southampton,23,home,Wolves,1,2,-1,7,3,0.42857142857142855,0.14285714285714285,10,4,0.4,0.2,10,9,1.1111111111111112,2,2,0,0,4,6,-9,0,29,Loss,28.991003
2020-2021,2021-02-20 00:00:00,Southampton,24,home,Chelsea,1,1,0,4,1,0.25,0.25,9,3,0.3333333333333333,0.1111111111111111,10,10,1.0,1,1,0,0,3,6,-9,1,30,Draw,29.991001
2020-2021,2021-02-23 00:00:00,Southampton,25,away,Leeds,0,3,-3,13,5,0.38461538461538464,0.0,11,7,0.6363636363636364,0.2727272727272727,13,11,1.1818181818181819,2,1,0,0,4,2,-12,0,30,Loss,29.988005
2020-2021,2021-03-01 00:00:00,Southampton,26,away,Everton,0,1,-1,9,1,0.1111111111111111,0.0,7,1,0.14285714285714285,0.14285714285714285,9,13,0.6923076923076923,2,0,0,0,10,4,-13,0,30,Loss,29.987001
2020-2021,2021-03-06 00:00:00,Southampton,27,away,Sheffield United,2,0,2,15,5,0.3333333333333333,0.13333333333333333,8,2,0.25,0.0,11,17,0.6470588235294118,3,4,0,0,3,7,-11,3,33,Win,32.989005
2020-2021,2021-03-10 00:00:00,Southampton,28,away,Man City,2,5,-3,11,6,0.5454545454545454,0.18181818181818182,17,10,0.5882352941176471,0.29411764705882354,4,6,0.6666666666666666,0,1,0,0,5,5,-14,0,33,Loss,32.986005999999996
2020-2021,2021-03-14 00:00:00,Southampton,29,home,Brighton,1,2,-1,9,4,0.4444444444444444,0.1111111111111111,8,6,0.75,0.25,11,10,1.1,0,0,0,0,4,5,-15,0,33,Loss,32.985003999999996
2020-2021,2021-04-04 00:00:00,Southampton,30,home,Burnley,3,2,1,24,9,0.375,0.125,7,5,0.7142857142857143,0.2857142857142857,11,10,1.1,0,0,0,0,6,7,-14,3,36,Win,35.986008999999996
2020-2021,2021-04-12 00:00:00,Southampton,31,away,West Brom,0,3,-3,14,4,0.2857142857142857,0.0,15,6,0.4,0.2,11,12,0.9166666666666666,1,0,0,0,10,5,-17,0,36,Loss,35.983003999999994
2020-2021,2021-04-21 00:00:00,Southampton,32,away,Tottenham,1,2,-1,10,5,0.5,0.1,12,3,0.25,0.16666666666666666,14,10,1.4,1,2,0,0,5,5,-18,0,36,Loss,35.982005
2020-2021,2021-04-30 00:00:00,Southampton,33,home,Leicester,1,1,0,5,3,0.6,0.2,23,9,0.391304347826087,0.043478260869565216,9,13,0.6923076923076923,1,0,1,0,0,10,-18,1,37,Draw,36.982003
2020-2021,2021-05-08 00:00:00,Southampton,34,away,Liverpool,0,2,-2,12,6,0.5,0.0,14,6,0.42857142857142855,0.14285714285714285,6,10,0.6,1,0,0,0,4,8,-20,0,37,Loss,36.980005999999996
2020-2021,2021-05-11 00:00:00,Southampton,35,home,Crystal Palace,3,1,2,13,6,0.46153846153846156,0.23076923076923078,11,4,0.36363636363636365,0.09090909090909091,20,13,1.5384615384615385,2,3,0,0,12,8,-18,3,40,Win,39.982006
2020-2021,2021-05-15 00:00:00,Southampton,36,home,Fulham,3,1,2,11,7,0.6363636363636364,0.2727272727272727,10,3,0.3,0.1,9,15,0.6,0,1,0,0,6,5,-16,3,43,Win,42.984007
2020-2021,2021-05-18 00:00:00,Southampton,37,home,Leeds,0,2,-2,18,3,0.16666666666666666,0.0,15,7,0.4666666666666667,0.13333333333333333,10,12,0.8333333333333334,0,3,0,0,4,5,-18,0,43,Loss,42.982003
2020-2021,2021-05-23 00:00:00,Southampton,38,away,West Ham,0,3,-3,17,5,0.29411764705882354,0.0,14,7,0.5,0.21428571428571427,9,5,1.8,3,0,0,0,3,2,-21,0,43,Loss,42.979005
2020-2021,2020-09-13 00:00:00,Tottenham,1,home,Everton,0,1,-1,9,5,0.5555555555555556,0.0,15,4,0.26666666666666666,0.06666666666666667,15,7,2.142857142857143,1,0,0,0,5,3,-1,0,0,Loss,-0.000995
2020-2021,2020-09-20 00:00:00,Tottenham,2,away,Southampton,5,2,3,9,6,0.6666666666666666,0.5555555555555556,14,7,0.5,0.14285714285714285,18,16,1.125,3,4,0,0,2,3,2,3,3,Win,3.0020059999999997
2020-2021,2020-09-27 00:00:00,Tottenham,3,home,Newcastle,1,1,0,23,12,0.5217391304347826,0.043478260869565216,6,1,0.16666666666666666,0.16666666666666666,15,9,1.6666666666666667,1,4,0,0,10,4,2,1,4,Draw,4.002012
2020-2021,2020-10-04 00:00:00,Tottenham,4,away,Man United,6,1,5,22,8,0.36363636363636365,0.2727272727272727,5,2,0.4,0.2,10,14,0.7142857142857143,1,2,0,1,4,2,7,3,7,Win,7.007008
2020-2021,2020-10-18 00:00:00,Tottenham,5,home,West Ham,3,3,0,11,6,0.5454545454545454,0.2727272727272727,13,4,0.3076923076923077,0.23076923076923078,13,12,1.0833333333333333,0,5,0,0,3,7,7,1,8,Draw,8.007006
2020-2021,2020-10-26 00:00:00,Tottenham,6,away,Burnley,1,0,1,9,3,0.3333333333333333,0.1111111111111111,13,4,0.3076923076923077,0.0,7,9,0.7777777777777778,0,2,0,0,5,4,8,3,11,Win,11.008002999999999
2020-2021,2020-11-01 00:00:00,Tottenham,7,home,Brighton,2,1,1,9,3,0.3333333333333333,0.2222222222222222,6,2,0.3333333333333333,0.16666666666666666,14,13,1.0769230769230769,2,1,0,0,4,5,9,3,14,Win,14.009003
2020-2021,2020-11-08 00:00:00,Tottenham,8,away,West Brom,1,0,1,19,5,0.2631578947368421,0.05263157894736842,12,2,0.16666666666666666,0.0,12,17,0.7058823529411765,0,1,0,0,6,9,10,3,17,Win,17.010005000000003
2020-2021,2020-11-21 00:00:00,Tottenham,9,home,Man City,2,0,2,4,2,0.5,0.5,22,5,0.22727272727272727,0.0,13,19,0.6842105263157895,2,2,0,0,0,10,12,3,20,Win,20.012002
2020-2021,2020-11-29 00:00:00,Tottenham,10,away,Chelsea,0,0,0,5,1,0.2,0.0,13,3,0.23076923076923078,0.0,9,20,0.45,2,4,0,0,3,3,12,1,21,Draw,21.012001
2020-2021,2020-12-06 00:00:00,Tottenham,11,home,Arsenal,2,0,2,6,3,0.5,0.3333333333333333,11,2,0.18181818181818182,0.0,16,12,1.3333333333333333,1,2,0,0,3,9,14,3,24,Win,24.014003
2020-2021,2020-12-13 00:00:00,Tottenham,12,away,Crystal Palace,1,1,0,14,6,0.42857142857142855,0.07142857142857142,16,5,0.3125,0.0625,11,15,0.7333333333333333,1,1,0,0,7,4,14,1,25,Draw,25.014006
2020-2021,2020-12-16 00:00:00,Tottenham,13,away,Liverpool,1,2,-1,8,2,0.25,0.125,17,11,0.6470588235294118,0.11764705882352941,9,8,1.125,2,0,0,0,4,7,13,0,25,Loss,25.013002
2020-2021,2020-12-20 00:00:00,Tottenham,14,home,Leicester,0,2,-2,8,3,0.375,0.0,17,4,0.23529411764705882,0.11764705882352941,15,14,1.0714285714285714,2,2,0,0,5,3,11,0,25,Loss,25.011003
2020-2021,2020-12-27 00:00:00,Tottenham,15,away,Wolves,1,1,0,6,3,0.5,0.16666666666666666,11,6,0.5454545454545454,0.09090909090909091,13,20,0.65,1,4,0,0,2,9,11,1,26,Draw,26.011003
2020-2021,2021-01-02 00:00:00,Tottenham,16,home,Leeds,3,0,3,20,7,0.35,0.15,18,5,0.2777777777777778,0.0,15,13,1.1538461538461537,2,1,1,0,3,5,14,3,29,Win,29.014007
2020-2021,2021-01-13 00:00:00,Tottenham,17,home,Fulham,1,1,0,15,6,0.4,0.06666666666666667,15,4,0.26666666666666666,0.06666666666666667,13,15,0.8666666666666667,1,2,0,0,6,5,14,1,30,Draw,30.014006
2020-2021,2021-01-17 00:00:00,Tottenham,18,away,Sheffield United,3,1,2,14,5,0.35714285714285715,0.21428571428571427,15,5,0.3333333333333333,0.06666666666666667,4,13,0.3076923076923077,0,4,0,0,7,5,16,3,33,Win,33.016005
2020-2021,2021-01-28 00:00:00,Tottenham,19,home,Liverpool,1,3,-2,3,2,0.6666666666666666,0.3333333333333333,14,7,0.5,0.21428571428571427,9,11,0.8181818181818182,1,2,0,0,1,2,14,0,33,Loss,33.014002000000005
2020-2021,2021-01-31 00:00:00,Tottenham,20,away,Brighton,0,1,-1,8,4,0.5,0.0,16,5,0.3125,0.0625,11,11,1.0,1,2,0,0,2,9,13,0,33,Loss,33.013003999999995
2020-2021,2021-02-04 00:00:00,Tottenham,21,home,Chelsea,0,1,-1,7,2,0.2857142857142857,0.0,18,2,0.1111111111111111,0.05555555555555555,20,14,1.4285714285714286,2,3,0,0,2,7,12,0,33,Loss,33.012002
2020-2021,2021-02-07 00:00:00,Tottenham,22,home,West Brom,2,0,2,13,6,0.46153846153846156,0.15384615384615385,4,1,0.25,0.0,16,12,1.3333333333333333,1,2,0,0,8,0,14,3,36,Win,36.014006
2020-2021,2021-02-13 00:00:00,Tottenham,23,away,Man City,0,3,-3,7,3,0.42857142857142855,0.0,15,6,0.4,0.2,13,12,1.0833333333333333,3,1,0,0,2,4,11,0,36,Loss,36.011003
2020-2021,2021-02-21 00:00:00,Tottenham,24,away,West Ham,1,2,-1,20,4,0.2,0.05,4,4,1.0,0.5,7,14,0.5,3,4,0,0,7,5,10,0,36,Loss,36.010003999999995
2020-2021,2021-02-28 00:00:00,Tottenham,25,home,Burnley,4,0,4,16,7,0.4375,0.25,10,3,0.3,0.0,6,10,0.6,0,0,0,0,3,4,14,3,39,Win,39.014007
2020-2021,2021-03-04 00:00:00,Tottenham,26,away,Fulham,1,0,1,9,2,0.2222222222222222,0.1111111111111111,11,3,0.2727272727272727,0.0,9,13,0.6923076923076923,1,2,0,0,1,4,15,3,42,Win,42.015002
2020-2021,2021-03-07 00:00:00,Tottenham,27,home,Crystal Palace,4,1,3,12,5,0.4166666666666667,0.3333333333333333,5,1,0.2,0.2,8,17,0.47058823529411764,2,3,0,0,1,5,18,3,45,Win,45.018005
2020-2021,2021-03-14 00:00:00,Tottenham,28,away,Arsenal,1,2,-1,6,3,0.5,0.16666666666666666,13,3,0.23076923076923078,0.15384615384615385,14,12,1.1666666666666667,2,1,1,0,3,6,17,0,45,Loss,45.017003
2020-2021,2021-03-21 00:00:00,Tottenham,29,away,Aston Villa,2,0,2,9,3,0.3333333333333333,0.2222222222222222,8,1,0.125,0.0,13,18,0.7222222222222222,2,3,0,0,8,5,19,3,48,Win,48.019003
2020-2021,2021-04-04 00:00:00,Tottenham,30,away,Newcastle,2,2,0,11,5,0.45454545454545453,0.18181818181818182,22,6,0.2727272727272727,0.09090909090909091,14,13,1.0769230769230769,2,3,0,0,3,7,19,1,49,Draw,49.019005
2020-2021,2021-04-11 00:00:00,Tottenham,31,home,Man United,1,3,-2,12,3,0.25,0.08333333333333333,12,7,0.5833333333333334,0.25,11,15,0.7333333333333333,1,5,0,0,7,5,17,0,49,Loss,49.017003
2020-2021,2021-04-16 00:00:00,Tottenham,32,away,Everton,2,2,0,12,3,0.25,0.16666666666666666,18,7,0.3888888888888889,0.1111111111111111,8,8,1.0,1,1,0,0,3,6,17,1,50,Draw,50.017003
2020-2021,2021-04-21 00:00:00,Tottenham,33,home,Southampton,2,1,1,12,3,0.25,0.16666666666666666,10,5,0.5,0.1,10,14,0.7142857142857143,2,1,0,0,5,5,18,3,53,Win,53.018003
2020-2021,2021-05-02 00:00:00,Tottenham,34,home,Sheffield United,4,0,4,20,11,0.55,0.2,8,1,0.125,0.0,8,9,0.8888888888888888,1,1,0,0,6,6,22,3,56,Win,56.022011
2020-2021,2021-05-08 00:00:00,Tottenham,35,away,Leeds,1,3,-2,11,3,0.2727272727272727,0.09090909090909091,16,7,0.4375,0.1875,10,12,0.8333333333333334,2,1,0,0,6,8,20,0,56,Loss,56.020003
2020-2021,2021-05-16 00:00:00,Tottenham,36,home,Wolves,2,0,2,24,13,0.5416666666666666,0.08333333333333333,15,3,0.2,0.0,8,11,0.7272727272727273,1,0,0,0,10,3,22,3,59,Win,59.022013
2020-2021,2021-05-19 00:00:00,Tottenham,37,home,Aston Villa,1,2,-1,10,4,0.4,0.1,20,4,0.2,0.1,14,13,1.0769230769230769,1,1,0,0,4,5,21,0,59,Loss,59.021004
2020-2021,2021-05-23 00:00:00,Tottenham,38,away,Leicester,4,2,2,11,4,0.36363636363636365,0.36363636363636365,10,6,0.6,0.2,8,9,0.8888888888888888,2,0,0,0,7,8,23,3,62,Win,62.023004
2020-2021,2020-09-13 00:00:00,West Brom,1,home,Leicester,0,3,-3,7,1,0.14285714285714285,0.0,13,7,0.5384615384615384,0.23076923076923078,12,9,1.3333333333333333,1,1,0,0,2,5,-3,0,0,Loss,-0.002999
2020-2021,2020-09-19 00:00:00,West Brom,2,away,Everton,2,5,-3,6,4,0.6666666666666666,0.3333333333333333,17,7,0.4117647058823529,0.29411764705882354,11,9,1.2222222222222223,0,1,1,0,1,11,-6,0,0,Loss,-0.0059960000000000005
2020-2021,2020-09-26 00:00:00,West Brom,3,home,Chelsea,3,3,0,9,3,0.3333333333333333,0.3333333333333333,22,10,0.45454545454545453,0.13636363636363635,8,16,0.5,1,3,0,0,3,9,-6,1,1,Draw,0.994003
2020-2021,2020-10-04 00:00:00,West Brom,4,away,Southampton,0,2,-2,5,2,0.4,0.0,13,7,0.5384615384615384,0.15384615384615385,10,19,0.5263157894736842,1,2,0,0,1,5,-8,0,1,Loss,0.9920019999999999
2020-2021,2020-10-19 00:00:00,West Brom,5,home,Burnley,0,0,0,13,6,0.46153846153846156,0.0,9,4,0.4444444444444444,0.0,15,17,0.8823529411764706,2,2,0,0,8,2,-8,1,2,Draw,1.992006
2020-2021,2020-10-26 00:00:00,West Brom,6,away,Brighton,1,1,0,9,3,0.3333333333333333,0.1111111111111111,5,3,0.6,0.2,7,14,0.5,0,2,0,0,2,6,-8,1,3,Draw,2.992003
2020-2021,2020-11-02 00:00:00,West Brom,7,away,Fulham,0,2,-2,10,1,0.1,0.0,13,6,0.46153846153846156,0.15384615384615385,11,13,0.8461538461538461,2,3,0,0,2,5,-10,0,3,Loss,2.9900010000000004
2020-2021,2020-11-08 00:00:00,West Brom,8,home,Tottenham,0,1,-1,12,2,0.16666666666666666,0.0,19,5,0.2631578947368421,0.05263157894736842,17,12,1.4166666666666667,1,0,0,0,9,6,-11,0,3,Loss,2.9890019999999997
2020-2021,2020-11-21 00:00:00,West Brom,9,away,Man United,0,1,-1,7,2,0.2857142857142857,0.0,17,7,0.4117647058823529,0.058823529411764705,17,12,1.4166666666666667,1,1,0,0,2,8,-12,0,3,Loss,2.988002
2020-2021,2020-11-28 00:00:00,West Brom,10,home,Sheffield United,1,0,1,17,6,0.35294117647058826,0.058823529411764705,21,5,0.23809523809523808,0.0,10,9,1.1111111111111112,2,3,0,0,14,9,-11,3,6,Win,5.989006
2020-2021,2020-12-06 00:00:00,West Brom,11,home,Crystal Palace,1,5,-4,9,4,0.4444444444444444,0.1111111111111111,18,6,0.3333333333333333,0.2777777777777778,10,16,0.625,2,2,1,0,4,6,-15,0,6,Loss,5.985004
2020-2021,2020-12-12 00:00:00,West Brom,12,away,Newcastle,1,2,-1,13,3,0.23076923076923078,0.07692307692307693,12,7,0.5833333333333334,0.16666666666666666,12,9,1.3333333333333333,3,2,0,0,3,4,-16,0,6,Loss,5.984003
2020-2021,2020-12-15 00:00:00,West Brom,13,away,Man City,1,1,0,5,1,0.2,0.2,26,7,0.2692307692307692,0.038461538461538464,8,5,1.6,3,2,0,0,2,13,-16,1,7,Draw,6.984001
2020-2021,2020-12-20 00:00:00,West Brom,14,home,Aston Villa,0,3,-3,1,1,1.0,0.0,19,10,0.5263157894736842,0.15789473684210525,14,8,1.75,1,2,1,0,1,7,-19,0,7,Loss,6.981001
2020-2021,2020-12-27 00:00:00,West Brom,15,away,Liverpool,1,1,0,5,3,0.6,0.2,17,2,0.11764705882352941,0.058823529411764705,5,8,0.625,1,0,0,0,3,8,-19,1,8,Draw,7.981003
2020-2021,2020-12-29 00:00:00,West Brom,16,home,Leeds,0,5,-5,4,1,0.25,0.0,14,6,0.42857142857142855,0.35714285714285715,7,10,0.7,0,1,0,0,3,10,-24,0,8,Loss,7.976001
2020-2021,2021-01-02 00:00:00,West Brom,17,home,Arsenal,0,4,-4,7,3,0.42857142857142855,0.0,21,12,0.5714285714285714,0.19047619047619047,7,4,1.75,1,2,0,0,3,5,-28,0,8,Loss,7.972003000000001
2020-2021,2021-01-16 00:00:00,West Brom,18,away,Wolves,3,2,1,12,5,0.4166666666666667,0.25,23,6,0.2608695652173913,0.08695652173913043,14,10,1.4,1,2,0,0,0,11,-27,3,11,Win,10.973005
2020-2021,2021-01-19 00:00:00,West Brom,19,away,West Ham,1,2,-1,6,2,0.3333333333333333,0.16666666666666666,14,6,0.42857142857142855,0.14285714285714285,10,10,1.0,1,0,0,0,1,3,-28,0,11,Loss,10.972002
2020-2021,2021-01-26 00:00:00,West Brom,20,home,Man City,0,5,-5,4,1,0.25,0.0,18,7,0.3888888888888889,0.2777777777777778,8,8,1.0,2,0,0,0,3,8,-33,0,11,Loss,10.967001
2020-2021,2021-01-30 00:00:00,West Brom,21,home,Fulham,2,2,0,5,3,0.6,0.4,12,7,0.5833333333333334,0.16666666666666666,9,10,0.9,1,0,0,0,2,3,-33,1,12,Draw,11.967003
2020-2021,2021-02-02 00:00:00,West Brom,22,away,Sheffield United,1,2,-1,8,4,0.5,0.125,14,6,0.42857142857142855,0.14285714285714285,9,11,0.8181818181818182,1,2,0,0,2,9,-34,0,12,Loss,11.966004
2020-2021,2021-02-07 00:00:00,West Brom,23,away,Tottenham,0,2,-2,4,1,0.25,0.0,13,6,0.46153846153846156,0.15384615384615385,12,16,0.75,2,1,0,0,0,8,-36,0,12,Loss,11.964001
2020-2021,2021-02-14 00:00:00,West Brom,24,home,Man United,1,1,0,7,3,0.42857142857142855,0.14285714285714285,10,7,0.7,0.1,13,10,1.3,5,0,0,0,4,5,-36,1,13,Draw,12.964003
2020-2021,2021-02-20 00:00:00,West Brom,25,away,Burnley,0,0,0,10,3,0.3,0.0,6,1,0.16666666666666666,0.0,10,16,0.625,0,3,1,0,5,5,-36,1,14,Draw,13.964003
2020-2021,2021-02-27 00:00:00,West Brom,26,home,Brighton,1,0,1,6,2,0.3333333333333333,0.16666666666666666,15,6,0.4,0.0,11,12,0.9166666666666666,0,0,0,0,7,4,-35,3,17,Win,16.965002
2020-2021,2021-03-04 00:00:00,West Brom,27,home,Everton,0,1,-1,11,3,0.2727272727272727,0.0,11,3,0.2727272727272727,0.09090909090909091,9,7,1.2857142857142858,3,1,0,0,3,3,-36,0,17,Loss,16.964002999999998
2020-2021,2021-03-07 00:00:00,West Brom,28,home,Newcastle,0,0,0,13,3,0.23076923076923078,0.0,9,5,0.5555555555555556,0.0,11,10,1.1,0,0,0,0,9,7,-36,1,18,Draw,17.964002999999998
2020-2021,2021-03-13 00:00:00,West Brom,29,away,Crystal Palace,0,1,-1,12,1,0.08333333333333333,0.0,6,4,0.6666666666666666,0.16666666666666666,15,16,0.9375,1,3,0,0,2,3,-37,0,18,Loss,17.963001000000002
2020-2021,2021-04-03 00:00:00,West Brom,30,away,Chelsea,5,2,3,14,7,0.5,0.35714285714285715,18,8,0.4444444444444444,0.1111111111111111,6,11,0.5454545454545454,1,1,0,1,3,10,-34,3,21,Win,20.966007
2020-2021,2021-04-12 00:00:00,West Brom,31,home,Southampton,3,0,3,15,6,0.4,0.2,14,4,0.2857142857142857,0.0,12,11,1.0909090909090908,0,1,0,0,5,10,-31,3,24,Win,23.969006
2020-2021,2021-04-22 00:00:00,West Brom,32,away,Leicester,0,3,-3,4,1,0.25,0.0,17,7,0.4117647058823529,0.17647058823529413,12,13,0.9230769230769231,2,0,0,0,3,7,-34,0,24,Loss,23.966001000000002
2020-2021,2021-04-25 00:00:00,West Brom,33,away,Aston Villa,2,2,0,10,4,0.4,0.2,24,11,0.4583333333333333,0.08333333333333333,9,14,0.6428571428571429,2,0,0,0,4,11,-34,1,25,Draw,24.966004
2020-2021,2021-05-03 00:00:00,West Brom,34,home,Wolves,1,1,0,10,4,0.4,0.1,20,10,0.5,0.05,17,11,1.5454545454545454,2,0,0,0,5,6,-34,1,26,Draw,25.966004
2020-2021,2021-05-09 00:00:00,West Brom,35,away,Arsenal,1,3,-2,12,1,0.08333333333333333,0.08333333333333333,15,7,0.4666666666666667,0.2,9,7,1.2857142857142858,2,1,0,0,6,6,-36,0,26,Loss,25.964001
2020-2021,2021-05-16 00:00:00,West Brom,36,home,Liverpool,1,2,-1,10,3,0.3,0.1,26,6,0.23076923076923078,0.07692307692307693,7,14,0.5,0,0,0,0,9,13,-37,0,26,Loss,25.963003
2020-2021,2021-05-19 00:00:00,West Brom,37,home,West Ham,1,3,-2,14,4,0.2857142857142857,0.07142857142857142,21,9,0.42857142857142855,0.14285714285714285,8,11,0.7272727272727273,2,2,0,0,6,8,-39,0,26,Loss,25.961004
2020-2021,2021-05-23 00:00:00,West Brom,38,away,Leeds,1,3,-2,14,5,0.35714285714285715,0.07142857142857142,17,9,0.5294117647058824,0.17647058823529413,12,12,1.0,1,2,0,0,3,8,-41,0,26,Loss,25.959005
2020-2021,2020-09-12 00:00:00,West Ham,1,home,Newcastle,0,2,-2,15,3,0.2,0.0,15,2,0.13333333333333333,0.13333333333333333,13,7,1.8571428571428572,2,2,0,0,8,7,-2,0,0,Loss,-0.001997
2020-2021,2020-09-19 00:00:00,West Ham,2,away,Arsenal,1,2,-1,14,3,0.21428571428571427,0.07142857142857142,7,3,0.42857142857142855,0.2857142857142857,13,11,1.1818181818181819,1,0,0,0,5,7,-3,0,0,Loss,-0.002997
2020-2021,2020-09-27 00:00:00,West Ham,3,home,Wolves,4,0,4,15,7,0.4666666666666667,0.26666666666666666,11,2,0.18181818181818182,0.0,7,11,0.6363636363636364,0,1,0,0,1,3,1,3,3,Win,3.001007
2020-2021,2020-10-04 00:00:00,West Ham,4,away,Leicester,3,0,3,14,6,0.42857142857142855,0.21428571428571427,4,0,0.0,0.0,8,11,0.7272727272727273,2,2,0,0,4,6,4,3,6,Win,6.0040059999999995
2020-2021,2020-10-18 00:00:00,West Ham,5,away,Tottenham,3,3,0,13,4,0.3076923076923077,0.23076923076923078,11,6,0.5454545454545454,0.2727272727272727,12,13,0.9230769230769231,5,0,0,0,7,3,4,1,7,Draw,7.004003999999999
2020-2021,2020-10-24 00:00:00,West Ham,6,home,Man City,1,1,0,6,2,0.3333333333333333,0.16666666666666666,14,7,0.5,0.07142857142857142,14,6,2.3333333333333335,2,0,0,0,2,10,4,1,8,Draw,8.004002
2020-2021,2020-10-31 00:00:00,West Ham,7,away,Liverpool,1,2,-1,4,3,0.75,0.25,9,5,0.5555555555555556,0.2222222222222222,14,13,1.0769230769230769,1,0,0,0,2,1,3,0,8,Loss,8.003003
2020-2021,2020-11-07 00:00:00,West Ham,8,home,Fulham,1,0,1,16,7,0.4375,0.0625,13,3,0.23076923076923078,0.0,10,9,1.1111111111111112,2,2,0,0,9,5,4,3,11,Win,11.004007
2020-2021,2020-11-22 00:00:00,West Ham,9,away,Sheffield United,1,0,1,15,3,0.2,0.06666666666666667,9,5,0.5555555555555556,0.0,6,7,0.8571428571428571,0,0,0,0,6,2,5,3,14,Win,14.005003
2020-2021,2020-11-30 00:00:00,West Ham,10,home,Aston Villa,2,1,1,6,2,0.3333333333333333,0.3333333333333333,16,6,0.375,0.0625,20,7,2.857142857142857,1,1,0,0,3,7,6,3,17,Win,17.006002
2020-2021,2020-12-05 00:00:00,West Ham,11,home,Man United,1,3,-2,19,6,0.3157894736842105,0.05263157894736842,15,6,0.4,0.2,9,10,0.9,0,0,0,0,5,4,4,0,17,Loss,17.004006
2020-2021,2020-12-11 00:00:00,West Ham,12,away,Leeds,2,1,1,19,8,0.42105263157894735,0.10526315789473684,13,7,0.5384615384615384,0.07692307692307693,10,12,0.8333333333333334,2,1,0,0,6,5,5,3,20,Win,20.005008
2020-2021,2020-12-16 00:00:00,West Ham,13,home,Crystal Palace,1,1,0,9,2,0.2222222222222222,0.1111111111111111,8,2,0.25,0.125,8,12,0.6666666666666666,0,1,0,1,5,3,5,1,21,Draw,21.005001999999998
2020-2021,2020-12-21 00:00:00,West Ham,14,away,Chelsea,0,3,-3,6,0,0.0,0.0,11,7,0.6363636363636364,0.2727272727272727,6,11,0.5454545454545454,0,0,0,0,4,5,2,0,21,Loss,21.002
2020-2021,2020-12-27 00:00:00,West Ham,15,home,Brighton,2,2,0,11,4,0.36363636363636365,0.18181818181818182,13,4,0.3076923076923077,0.15384615384615385,6,8,0.75,0,0,0,0,5,4,2,1,22,Draw,22.002004
2020-2021,2020-12-29 00:00:00,West Ham,16,away,Southampton,0,0,0,8,3,0.375,0.0,8,3,0.375,0.0,15,16,0.9375,1,3,0,0,3,4,2,1,23,Draw,23.002003
2020-2021,2021-01-01 00:00:00,West Ham,17,away,Everton,1,0,1,11,5,0.45454545454545453,0.09090909090909091,10,2,0.2,0.0,7,9,0.7777777777777778,0,2,0,0,4,5,3,3,26,Win,26.003005
2020-2021,2021-01-16 00:00:00,West Ham,18,home,Burnley,1,0,1,15,4,0.26666666666666666,0.06666666666666667,10,2,0.2,0.0,12,9,1.3333333333333333,2,1,0,0,7,4,4,3,29,Win,29.004004000000002
2020-2021,2021-01-19 00:00:00,West Ham,19,home,West Brom,2,1,1,14,6,0.42857142857142855,0.14285714285714285,6,2,0.3333333333333333,0.16666666666666666,10,10,1.0,0,1,0,0,3,1,5,3,32,Win,32.005006
2020-2021,2021-01-26 00:00:00,West Ham,20,away,Crystal Palace,3,2,1,17,7,0.4117647058823529,0.17647058823529413,6,3,0.5,0.3333333333333333,8,9,0.8888888888888888,0,0,0,0,4,3,6,3,35,Win,35.006007
2020-2021,2021-01-31 00:00:00,West Ham,21,home,Liverpool,1,3,-2,8,2,0.25,0.125,14,5,0.35714285714285715,0.21428571428571427,7,8,0.875,2,0,0,0,6,5,4,0,35,Loss,35.004002
2020-2021,2021-02-03 00:00:00,West Ham,22,away,Aston Villa,3,1,2,20,10,0.5,0.15,9,2,0.2222222222222222,0.1111111111111111,15,11,1.3636363636363635,1,1,0,0,3,7,6,3,38,Win,38.00601
2020-2021,2021-02-06 00:00:00,West Ham,23,away,Fulham,0,0,0,8,1,0.125,0.0,20,2,0.1,0.0,10,11,0.9090909090909091,2,1,1,0,3,7,6,1,39,Draw,39.006001
2020-2021,2021-02-15 00:00:00,West Ham,24,home,Sheffield United,3,0,3,13,9,0.6923076923076923,0.23076923076923078,8,5,0.625,0.0,11,12,0.9166666666666666,0,2,0,0,7,7,9,3,42,Win,42.009009
2020-2021,2021-02-21 00:00:00,West Ham,25,home,Tottenham,2,1,1,4,4,1.0,0.5,20,4,0.2,0.05,14,7,2.0,4,3,0,0,5,7,10,3,45,Win,45.010003999999995
2020-2021,2021-02-27 00:00:00,West Ham,26,away,Man City,1,2,-1,9,3,0.3333333333333333,0.1111111111111111,10,3,0.3,0.2,11,8,1.375,1,1,0,0,2,4,9,0,45,Loss,45.009003
2020-2021,2021-03-08 00:00:00,West Ham,27,home,Leeds,2,0,2,16,5,0.3125,0.125,17,2,0.11764705882352941,0.0,9,9,1.0,1,1,0,0,6,6,11,3,48,Win,48.011005000000004
2020-2021,2021-03-14 00:00:00,West Ham,28,away,Man United,0,1,-1,7,0,0.0,0.0,15,4,0.26666666666666666,0.06666666666666667,2,12,0.16666666666666666,0,4,0,0,3,6,10,0,48,Loss,48.01
2020-2021,2021-03-21 00:00:00,West Ham,29,home,Arsenal,3,3,0,15,5,0.3333333333333333,0.2,16,7,0.4375,0.1875,18,8,2.25,3,1,0,0,3,5,10,1,49,Draw,49.010005
2020-2021,2021-04-05 00:00:00,West Ham,30,away,Wolves,3,2,1,9,6,0.6666666666666666,0.3333333333333333,20,5,0.25,0.1,9,9,1.0,4,1,0,0,2,4,11,3,52,Win,52.011006
2020-2021,2021-04-11 00:00:00,West Ham,31,home,Leicester,3,2,1,4,4,1.0,0.75,15,5,0.3333333333333333,0.13333333333333333,7,13,0.5384615384615384,3,3,0,0,1,9,12,3,55,Win,55.012004
2020-2021,2021-04-17 00:00:00,West Ham,32,away,Newcastle,2,3,-1,16,6,0.375,0.125,16,8,0.5,0.1875,7,9,0.7777777777777778,0,2,1,0,8,3,11,0,55,Loss,55.011006
2020-2021,2021-04-24 00:00:00,West Ham,33,home,Chelsea,0,1,-1,9,2,0.2222222222222222,0.0,17,6,0.35294117647058826,0.058823529411764705,9,11,0.8181818181818182,0,4,1,0,4,2,10,0,55,Loss,55.010002
2020-2021,2021-05-03 00:00:00,West Ham,34,away,Burnley,2,1,1,22,4,0.18181818181818182,0.09090909090909091,8,3,0.375,0.125,8,4,2.0,1,2,0,0,4,5,11,3,58,Win,58.011004
2020-2021,2021-05-09 00:00:00,West Ham,35,home,Everton,0,1,-1,11,0,0.0,0.0,9,3,0.3333333333333333,0.1111111111111111,8,10,0.8,2,1,0,0,5,6,10,0,58,Loss,58.01
2020-2021,2021-05-15 00:00:00,West Ham,36,away,Brighton,1,1,0,15,3,0.2,0.06666666666666667,10,2,0.2,0.1,5,7,0.7142857142857143,1,1,0,0,3,3,10,1,59,Draw,59.010003
2020-2021,2021-05-19 00:00:00,West Ham,37,away,West Brom,3,1,2,21,9,0.42857142857142855,0.14285714285714285,14,4,0.2857142857142857,0.07142857142857142,11,8,1.375,2,2,0,0,8,6,12,3,62,Win,62.012009
2020-2021,2021-05-23 00:00:00,West Ham,38,home,Southampton,3,0,3,14,7,0.5,0.21428571428571427,17,5,0.29411764705882354,0.0,5,9,0.5555555555555556,0,3,0,0,2,3,15,3,65,Win,65.015007
2020-2021,2020-09-14 00:00:00,Wolves,1,away,Sheffield United,2,0,2,11,4,0.36363636363636365,0.18181818181818182,9,2,0.2222222222222222,0.0,7,13,0.5384615384615384,1,2,0,0,5,12,2,3,3,Win,3.002004
2020-2021,2020-09-21 00:00:00,Wolves,2,home,Man City,1,3,-2,10,1,0.1,0.1,14,9,0.6428571428571429,0.21428571428571427,6,8,0.75,0,3,0,0,4,6,0,0,3,Loss,3.000001
2020-2021,2020-09-27 00:00:00,Wolves,3,away,West Ham,0,4,-4,11,2,0.18181818181818182,0.0,15,7,0.4666666666666667,0.26666666666666666,11,7,1.5714285714285714,1,0,0,0,3,1,-4,0,3,Loss,2.996002
2020-2021,2020-10-04 00:00:00,Wolves,4,home,Fulham,1,0,1,14,5,0.35714285714285715,0.07142857142857142,10,2,0.2,0.0,15,8,1.875,1,1,0,0,6,2,-3,3,6,Win,5.997005
2020-2021,2020-10-19 00:00:00,Wolves,5,away,Leeds,1,0,1,7,3,0.42857142857142855,0.14285714285714285,13,2,0.15384615384615385,0.0,12,13,0.9230769230769231,1,2,0,0,3,8,-2,3,9,Win,8.998002999999999
2020-2021,2020-10-25 00:00:00,Wolves,6,home,Newcastle,1,1,0,16,3,0.1875,0.0625,5,2,0.4,0.2,10,10,1.0,0,1,0,0,2,3,-2,1,10,Draw,9.998002999999999
2020-2021,2020-10-30 00:00:00,Wolves,7,home,Crystal Palace,2,0,2,15,5,0.3333333333333333,0.13333333333333333,11,2,0.18181818181818182,0.0,13,4,3.25,0,2,0,1,7,6,0,3,13,Win,13.000005
2020-2021,2020-11-08 00:00:00,Wolves,8,away,Leicester,0,1,-1,7,2,0.2857142857142857,0.0,10,3,0.3,0.1,8,12,0.6666666666666666,3,2,0,0,3,6,-1,0,13,Loss,12.999002
2020-2021,2020-11-23 00:00:00,Wolves,9,home,Southampton,1,1,0,20,9,0.45,0.05,7,2,0.2857142857142857,0.14285714285714285,14,13,1.0769230769230769,2,0,0,0,7,4,-1,1,14,Draw,13.999009000000001
2020-2021,2020-11-29 00:00:00,Wolves,10,away,Arsenal,2,1,1,11,5,0.45454545454545453,0.18181818181818182,13,2,0.15384615384615385,0.07692307692307693,13,13,1.0,4,3,0,0,4,8,0,3,17,Win,17.000005
2020-2021,2020-12-06 00:00:00,Wolves,11,away,Liverpool,0,4,-4,9,3,0.3333333333333333,0.0,11,6,0.5454545454545454,0.36363636363636365,14,8,1.75,1,1,0,0,6,4,-4,0,17,Loss,16.996002999999998
2020-2021,2020-12-12 00:00:00,Wolves,12,home,Aston Villa,0,1,-1,16,7,0.4375,0.0,13,2,0.15384615384615385,0.07692307692307693,23,15,1.5333333333333334,2,5,0,0,5,8,-5,0,17,Loss,16.995007
2020-2021,2020-12-15 00:00:00,Wolves,13,home,Chelsea,2,1,1,12,4,0.3333333333333333,0.16666666666666666,13,3,0.23076923076923078,0.07692307692307693,12,12,1.0,2,2,0,0,5,6,-4,3,20,Win,19.996004
2020-2021,2020-12-21 00:00:00,Wolves,14,away,Burnley,1,2,-1,15,3,0.2,0.06666666666666667,10,4,0.4,0.2,15,11,1.3636363636363635,1,2,0,0,7,1,-5,0,20,Loss,19.995003
2020-2021,2020-12-27 00:00:00,Wolves,15,home,Tottenham,1,1,0,11,6,0.5454545454545454,0.09090909090909091,6,3,0.5,0.16666666666666666,20,13,1.5384615384615385,4,1,0,0,9,2,-5,1,21,Draw,20.995006
2020-2021,2020-12-29 00:00:00,Wolves,16,away,Man United,0,1,-1,9,5,0.5555555555555556,0.0,11,3,0.2727272727272727,0.09090909090909091,7,11,0.6363636363636364,1,1,0,0,2,2,-6,0,21,Loss,20.994005
2020-2021,2021-01-02 00:00:00,Wolves,17,away,Brighton,3,3,0,11,4,0.36363636363636365,0.2727272727272727,13,4,0.3076923076923077,0.23076923076923078,8,13,0.6153846153846154,1,2,0,0,8,5,-6,1,22,Draw,21.994004
2020-2021,2021-01-12 00:00:00,Wolves,18,home,Everton,1,2,-1,12,3,0.25,0.08333333333333333,5,3,0.6,0.4,6,11,0.5454545454545454,2,2,0,0,6,5,-7,0,22,Loss,21.993002999999998
2020-2021,2021-01-16 00:00:00,Wolves,19,home,West Brom,2,3,-1,23,6,0.2608695652173913,0.08695652173913043,12,5,0.4166666666666667,0.25,10,14,0.7142857142857143,2,1,0,0,11,0,-8,0,22,Loss,21.992006
2020-2021,2021-01-27 00:00:00,Wolves,20,away,Chelsea,0,0,0,4,0,0.0,0.0,14,5,0.35714285714285715,0.0,7,14,0.5,1,1,0,0,1,13,-8,1,23,Draw,22.992
2020-2021,2021-01-30 00:00:00,Wolves,21,away,Crystal Palace,0,1,-1,6,4,0.6666666666666666,0.0,11,2,0.18181818181818182,0.09090909090909091,10,7,1.4285714285714286,2,1,0,0,6,1,-9,0,23,Loss,22.991004
2020-2021,2021-02-02 00:00:00,Wolves,22,home,Arsenal,2,1,1,11,7,0.6363636363636364,0.18181818181818182,9,3,0.3333333333333333,0.1111111111111111,11,8,1.375,3,2,0,2,9,6,-8,3,26,Win,25.992007
2020-2021,2021-02-07 00:00:00,Wolves,23,home,Leicester,0,0,0,13,1,0.07692307692307693,0.0,13,3,0.23076923076923078,0.0,11,15,0.7333333333333333,1,3,0,0,8,2,-8,1,27,Draw,26.992001000000002
2020-2021,2021-02-14 00:00:00,Wolves,24,away,Southampton,2,1,1,10,4,0.4,0.2,7,3,0.42857142857142855,0.14285714285714285,9,10,0.9,2,2,0,0,6,4,-7,3,30,Win,29.993004
2020-2021,2021-02-19 00:00:00,Wolves,25,home,Leeds,1,0,1,15,5,0.3333333333333333,0.06666666666666667,18,7,0.3888888888888889,0.0,13,8,1.625,1,0,0,0,7,9,-6,3,33,Win,32.994005
2020-2021,2021-02-27 00:00:00,Wolves,26,away,Newcastle,1,1,0,14,4,0.2857142857142857,0.07142857142857142,19,7,0.3684210526315789,0.05263157894736842,13,11,1.1818181818181819,0,2,0,0,5,3,-6,1,34,Draw,33.994004
2020-2021,2021-03-02 00:00:00,Wolves,27,away,Man City,1,4,-3,6,1,0.16666666666666666,0.16666666666666666,22,10,0.45454545454545453,0.18181818181818182,5,9,0.5555555555555556,1,0,0,0,2,10,-9,0,34,Loss,33.991001
2020-2021,2021-03-06 00:00:00,Wolves,28,away,Aston Villa,0,0,0,10,2,0.2,0.0,9,1,0.1111111111111111,0.0,13,13,1.0,0,1,0,0,3,5,-9,1,35,Draw,34.991002
2020-2021,2021-03-15 00:00:00,Wolves,29,home,Liverpool,0,1,-1,10,5,0.5,0.0,12,4,0.3333333333333333,0.08333333333333333,17,10,1.7,2,1,0,0,3,2,-10,0,35,Loss,34.990005000000004
2020-2021,2021-04-05 00:00:00,Wolves,30,home,West Ham,2,3,-1,20,5,0.25,0.1,9,6,0.6666666666666666,0.3333333333333333,9,9,1.0,1,4,0,0,4,2,-11,0,35,Loss,34.989005
2020-2021,2021-04-09 00:00:00,Wolves,31,away,Fulham,1,0,1,7,3,0.42857142857142855,0.14285714285714285,14,3,0.21428571428571427,0.0,8,11,0.7272727272727273,0,0,0,0,4,3,-10,3,38,Win,37.990003
2020-2021,2021-04-17 00:00:00,Wolves,32,home,Sheffield United,1,0,1,10,5,0.5,0.1,8,2,0.25,0.0,8,15,0.5333333333333333,1,2,0,0,3,3,-9,3,41,Win,40.991005
2020-2021,2021-04-25 00:00:00,Wolves,33,home,Burnley,0,4,-4,12,2,0.16666666666666666,0.0,14,7,0.5,0.2857142857142857,8,9,0.8888888888888888,1,2,0,0,8,5,-13,0,41,Loss,40.987002000000004
2020-2021,2021-05-03 00:00:00,Wolves,34,away,West Brom,1,1,0,20,10,0.5,0.05,10,4,0.4,0.1,11,17,0.6470588235294118,0,2,0,0,6,5,-13,1,42,Draw,41.987010000000005
2020-2021,2021-05-09 00:00:00,Wolves,35,home,Brighton,2,1,1,16,6,0.375,0.125,5,3,0.6,0.2,12,7,1.7142857142857142,2,2,0,2,10,5,-12,3,45,Win,44.988006
2020-2021,2021-05-16 00:00:00,Wolves,36,away,Tottenham,0,2,-2,15,3,0.2,0.0,24,13,0.5416666666666666,0.08333333333333333,11,8,1.375,0,1,0,0,3,10,-14,0,45,Loss,44.986003
2020-2021,2021-05-19 00:00:00,Wolves,37,away,Everton,0,1,-1,9,3,0.3333333333333333,0.0,14,4,0.2857142857142857,0.07142857142857142,11,11,1.0,2,0,0,0,12,7,-15,0,45,Loss,44.985003
2020-2021,2021-05-23 00:00:00,Wolves,38,home,Man United,1,2,-1,14,4,0.2857142857142857,0.07142857142857142,9,4,0.4444444444444444,0.2222222222222222,14,3,4.666666666666667,4,1,0,0,6,2,-16,0,45,Loss,44.984004
2021-2022,2021-08-13 00:00:00,Arsenal,1,away,Brentford,0,2,-2,22,4,0.18181818181818182,0.0,8,3,0.375,0.25,8,12,0.6666666666666666,0,0,0,0,5,2,-2,0,0,Loss,-0.001996
2021-2022,2021-08-22 00:00:00,Arsenal,2,home,Chelsea,0,2,-2,6,3,0.5,0.0,22,5,0.22727272727272727,0.09090909090909091,10,4,2.5,3,0,0,0,9,8,-4,0,0,Loss,-0.003997
2021-2022,2021-08-28 00:00:00,Arsenal,3,away,Man City,0,5,-5,1,0,0.0,0.0,25,10,0.4,0.2,7,5,1.4,2,1,1,0,0,14,-9,0,0,Loss,-0.009
2021-2022,2021-09-11 00:00:00,Arsenal,4,home,Norwich,1,0,1,30,7,0.23333333333333334,0.03333333333333333,10,1,0.1,0.0,9,11,0.8181818181818182,1,2,0,0,8,4,-8,3,3,Win,2.992007
2021-2022,2021-09-18 00:00:00,Arsenal,5,away,Burnley,1,0,1,13,3,0.23076923076923078,0.07692307692307693,18,3,0.16666666666666666,0.0,8,9,0.8888888888888888,1,2,0,0,3,8,-7,3,6,Win,5.993003000000001
2021-2022,2021-09-26 00:00:00,Arsenal,6,home,Tottenham,3,1,2,12,7,0.5833333333333334,0.25,10,4,0.4,0.1,12,13,0.9230769230769231,2,1,0,0,4,4,-5,3,9,Win,8.995007
2021-2022,2021-10-02 00:00:00,Arsenal,7,away,Brighton,0,0,0,8,2,0.25,0.0,21,2,0.09523809523809523,0.0,5,8,0.625,1,2,0,0,5,8,-5,1,10,Draw,9.995002
2021-2022,2021-10-18 00:00:00,Arsenal,8,home,Crystal Palace,2,2,0,17,6,0.35294117647058826,0.11764705882352941,9,6,0.6666666666666666,0.2222222222222222,7,4,1.75,1,1,0,0,6,4,-5,1,11,Draw,10.995006
2021-2022,2021-10-22 00:00:00,Arsenal,9,home,Aston Villa,3,1,2,22,9,0.4090909090909091,0.13636363636363635,10,4,0.4,0.1,17,10,1.7,2,5,0,0,7,4,-3,3,14,Win,13.997009
2021-2022,2021-10-30 00:00:00,Arsenal,10,away,Leicester,2,0,2,9,5,0.5555555555555556,0.2222222222222222,16,8,0.5,0.0,11,8,1.375,0,2,0,0,6,7,-1,3,17,Win,16.999005
2021-2022,2021-11-07 00:00:00,Arsenal,11,home,Watford,1,0,1,14,6,0.42857142857142855,0.07142857142857142,7,1,0.14285714285714285,0.0,6,19,0.3157894736842105,4,2,0,1,4,2,0,3,20,Win,20.000006
2021-2022,2021-11-20 00:00:00,Arsenal,12,away,Liverpool,0,4,-4,5,3,0.6,0.0,19,9,0.47368421052631576,0.21052631578947367,12,15,0.8,0,2,0,0,1,6,-4,0,20,Loss,19.996002999999998
2021-2022,2021-11-27 00:00:00,Arsenal,13,home,Newcastle,2,0,2,24,6,0.25,0.08333333333333333,9,5,0.5555555555555556,0.0,6,12,0.5,1,3,0,0,4,4,-2,3,23,Win,22.998006
2021-2022,2021-12-02 00:00:00,Arsenal,14,away,Man United,2,3,-1,17,8,0.47058823529411764,0.11764705882352941,14,10,0.7142857142857143,0.21428571428571427,10,9,1.1111111111111112,0,1,0,0,8,3,-3,0,23,Loss,22.997008
2021-2022,2021-12-06 00:00:00,Arsenal,15,away,Everton,1,2,-1,10,3,0.3,0.1,11,5,0.45454545454545453,0.18181818181818182,12,8,1.5,2,2,0,0,3,3,-4,0,23,Loss,22.996002999999998
2021-2022,2021-12-11 00:00:00,Arsenal,16,home,Southampton,3,0,3,15,5,0.3333333333333333,0.2,11,6,0.5454545454545454,0.0,5,9,0.5555555555555556,2,0,0,0,9,8,-1,3,26,Win,25.999005
2021-2022,2021-12-15 00:00:00,Arsenal,17,home,West Ham,2,0,2,21,8,0.38095238095238093,0.09523809523809523,7,1,0.14285714285714285,0.0,8,9,0.8888888888888888,2,0,0,1,5,2,1,3,29,Win,29.001008000000002
2021-2022,2021-12-18 00:00:00,Arsenal,18,away,Leeds,4,1,3,21,12,0.5714285714285714,0.19047619047619047,9,2,0.2222222222222222,0.1111111111111111,7,11,0.6363636363636364,1,3,0,0,4,1,4,3,32,Win,32.004011999999996
2021-2022,2021-12-26 00:00:00,Arsenal,19,away,Norwich,5,0,5,16,6,0.375,0.3125,4,2,0.5,0.0,7,13,0.5384615384615384,2,1,0,0,5,3,9,3,35,Win,35.009006
2021-2022,2022-01-01 00:00:00,Arsenal,20,home,Man City,1,2,-1,7,2,0.2857142857142857,0.14285714285714285,15,2,0.13333333333333333,0.13333333333333333,13,5,2.6,3,2,1,0,5,5,8,0,35,Loss,35.008002000000005
2021-2022,2022-01-23 00:00:00,Arsenal,21,home,Burnley,0,0,0,20,5,0.25,0.0,10,1,0.1,0.0,9,13,0.6923076923076923,0,2,0,0,12,4,8,1,36,Draw,36.008005000000004
2021-2022,2022-02-10 00:00:00,Arsenal,22,away,Wolves,1,0,1,12,2,0.16666666666666666,0.08333333333333333,15,4,0.26666666666666666,0.0,13,12,1.0833333333333333,3,2,1,0,4,7,9,3,39,Win,39.009002
2021-2022,2022-02-19 00:00:00,Arsenal,23,home,Brentford,2,1,1,24,8,0.3333333333333333,0.08333333333333333,6,2,0.3333333333333333,0.16666666666666666,10,5,2.0,1,1,0,0,14,0,10,3,42,Win,42.010008
2021-2022,2022-02-24 00:00:00,Arsenal,24,home,Wolves,2,1,1,26,5,0.19230769230769232,0.07692307692307693,6,2,0.3333333333333333,0.16666666666666666,8,9,0.8888888888888888,1,1,0,0,5,4,11,3,45,Win,45.011005000000004
2021-2022,2022-03-06 00:00:00,Arsenal,25,away,Watford,3,2,1,16,4,0.25,0.1875,13,7,0.5384615384615384,0.15384615384615385,11,5,2.2,2,1,0,0,5,1,12,3,48,Win,48.012004
2021-2022,2022-03-13 00:00:00,Arsenal,26,home,Leicester,2,0,2,21,8,0.38095238095238093,0.09523809523809523,6,3,0.5,0.0,8,10,0.8,0,3,0,0,2,6,14,3,51,Win,51.014008000000004
2021-2022,2022-03-16 00:00:00,Arsenal,27,home,Liverpool,0,2,-2,9,2,0.2222222222222222,0.0,9,3,0.3333333333333333,0.2222222222222222,9,9,1.0,0,1,0,0,1,6,12,0,51,Loss,51.012002
2021-2022,2022-03-19 00:00:00,Arsenal,28,away,Aston Villa,1,0,1,10,3,0.3,0.1,8,1,0.125,0.0,14,13,1.0769230769230769,3,3,0,0,5,6,13,3,54,Win,54.013003
2021-2022,2022-04-04 00:00:00,Arsenal,29,away,Crystal Palace,0,3,-3,12,3,0.25,0.0,6,5,0.8333333333333334,0.5,15,11,1.3636363636363635,2,0,0,0,2,0,10,0,54,Loss,54.010003
2021-2022,2022-04-09 00:00:00,Arsenal,30,home,Brighton,1,2,-1,20,4,0.2,0.05,8,3,0.375,0.25,12,19,0.631578947368421,3,4,0,0,11,2,9,0,54,Loss,54.009004
2021-2022,2022-04-16 00:00:00,Arsenal,31,away,Southampton,0,1,-1,23,6,0.2608695652173913,0.0,9,3,0.3333333333333333,0.1111111111111111,6,6,1.0,1,2,0,0,8,6,8,0,54,Loss,54.008006
2021-2022,2022-04-20 00:00:00,Arsenal,32,away,Chelsea,4,2,2,14,4,0.2857142857142857,0.2857142857142857,11,2,0.18181818181818182,0.18181818181818182,6,7,0.8571428571428571,1,3,0,0,1,6,10,3,57,Win,57.010003999999995
2021-2022,2022-04-23 00:00:00,Arsenal,33,home,Man United,3,1,2,14,7,0.5,0.21428571428571427,14,5,0.35714285714285715,0.07142857142857142,9,12,0.75,3,4,0,0,1,7,12,3,60,Win,60.012007
2021-2022,2022-05-01 00:00:00,Arsenal,34,away,West Ham,2,1,1,13,7,0.5384615384615384,0.15384615384615385,8,3,0.375,0.125,9,8,1.125,2,2,0,0,7,3,13,3,63,Win,63.013006999999995
2021-2022,2022-05-08 00:00:00,Arsenal,35,home,Leeds,2,1,1,19,9,0.47368421052631576,0.10526315789473684,3,2,0.6666666666666666,0.3333333333333333,13,15,0.8666666666666667,2,2,0,1,8,2,14,3,66,Win,66.014009
2021-2022,2022-05-12 00:00:00,Arsenal,36,away,Tottenham,0,3,-3,8,4,0.5,0.0,16,6,0.375,0.1875,15,8,1.875,3,1,1,0,2,2,11,0,66,Loss,66.011004
2021-2022,2022-05-16 00:00:00,Arsenal,37,away,Newcastle,0,2,-2,11,2,0.18181818181818182,0.0,16,4,0.25,0.125,8,11,0.7272727272727273,3,0,0,0,8,12,9,0,66,Loss,66.009002
2021-2022,2022-05-22 00:00:00,Arsenal,38,home,Everton,5,1,4,26,9,0.34615384615384615,0.19230769230769232,6,2,0.3333333333333333,0.16666666666666666,8,9,0.8888888888888888,0,1,0,0,12,2,13,3,69,Win,69.01300900000001
2021-2022,2021-08-14 00:00:00,Aston Villa,1,away,Watford,2,3,-1,11,2,0.18181818181818182,0.18181818181818182,13,7,0.5384615384615384,0.23076923076923078,13,18,0.7222222222222222,1,3,0,0,4,2,-1,0,0,Loss,-0.000998
2021-2022,2021-08-21 00:00:00,Aston Villa,2,home,Newcastle,2,0,2,10,2,0.2,0.2,9,1,0.1111111111111111,0.0,8,18,0.4444444444444444,3,4,0,0,3,4,1,3,3,Win,3.0010019999999997
2021-2022,2021-08-28 00:00:00,Aston Villa,3,home,Brentford,1,1,0,7,5,0.7142857142857143,0.14285714285714285,9,2,0.2222222222222222,0.1111111111111111,15,14,1.0714285714285714,3,3,0,0,3,2,1,1,4,Draw,4.001005
2021-2022,2021-09-11 00:00:00,Aston Villa,4,away,Chelsea,0,3,-3,18,6,0.3333333333333333,0.0,12,4,0.3333333333333333,0.25,11,11,1.0,4,1,0,0,11,4,-2,0,4,Loss,3.998006
2021-2022,2021-09-18 00:00:00,Aston Villa,5,home,Everton,3,0,3,15,3,0.2,0.2,11,1,0.09090909090909091,0.0,7,10,0.7,1,1,0,0,5,4,1,3,7,Win,7.001003000000001
2021-2022,2021-09-25 00:00:00,Aston Villa,6,away,Man United,1,0,1,7,3,0.42857142857142855,0.14285714285714285,28,4,0.14285714285714285,0.0,13,9,1.4444444444444444,2,2,0,0,5,5,2,3,10,Win,10.002003
2021-2022,2021-10-03 00:00:00,Aston Villa,7,away,Tottenham,1,2,-1,14,3,0.21428571428571427,0.07142857142857142,17,8,0.47058823529411764,0.11764705882352941,14,11,1.2727272727272727,1,2,0,0,8,5,1,0,10,Loss,10.001002999999999
2021-2022,2021-10-16 00:00:00,Aston Villa,8,home,Wolves,2,3,-1,14,5,0.35714285714285715,0.14285714285714285,9,4,0.4444444444444444,0.3333333333333333,8,17,0.47058823529411764,2,3,0,0,6,7,0,0,10,Loss,10.000005
2021-2022,2021-10-22 00:00:00,Aston Villa,9,away,Arsenal,1,3,-2,10,4,0.4,0.1,22,9,0.4090909090909091,0.13636363636363635,10,17,0.5882352941176471,5,2,0,0,4,7,-2,0,10,Loss,9.998004
2021-2022,2021-10-31 00:00:00,Aston Villa,10,home,West Ham,1,4,-3,9,3,0.3333333333333333,0.1111111111111111,21,9,0.42857142857142855,0.19047619047619047,7,13,0.5384615384615384,1,2,1,0,3,6,-5,0,10,Loss,9.995002999999999
2021-2022,2021-11-05 00:00:00,Aston Villa,11,away,Southampton,0,1,-1,14,3,0.21428571428571427,0.0,9,3,0.3333333333333333,0.1111111111111111,12,12,1.0,2,2,0,0,8,10,-6,0,10,Loss,9.994003
2021-2022,2021-11-20 00:00:00,Aston Villa,12,home,Brighton,2,0,2,9,5,0.5555555555555556,0.2222222222222222,6,2,0.3333333333333333,0.0,7,13,0.5384615384615384,3,3,0,0,5,7,-4,3,13,Win,12.996005
2021-2022,2021-11-27 00:00:00,Aston Villa,13,away,Crystal Palace,2,1,1,10,3,0.3,0.2,8,3,0.375,0.125,10,12,0.8333333333333334,3,3,0,0,3,7,-3,3,16,Win,15.997003
2021-2022,2021-12-01 00:00:00,Aston Villa,14,home,Man City,1,2,-1,9,3,0.3333333333333333,0.1111111111111111,17,7,0.4117647058823529,0.11764705882352941,8,12,0.6666666666666666,0,0,0,0,4,11,-4,0,16,Loss,15.996003
2021-2022,2021-12-05 00:00:00,Aston Villa,15,home,Leicester,2,1,1,13,4,0.3076923076923077,0.15384615384615385,12,5,0.4166666666666667,0.08333333333333333,8,25,0.32,1,1,0,0,3,6,-3,3,19,Win,18.997004
2021-2022,2021-12-11 00:00:00,Aston Villa,16,away,Liverpool,0,1,-1,4,0,0.0,0.0,20,5,0.25,0.05,6,13,0.46153846153846156,2,1,0,0,3,11,-4,0,19,Loss,18.996
2021-2022,2021-12-14 00:00:00,Aston Villa,17,away,Norwich,2,0,2,17,6,0.35294117647058826,0.11764705882352941,7,3,0.42857142857142855,0.0,9,12,0.75,1,3,0,0,10,7,-2,3,22,Win,21.998006
2021-2022,2021-12-26 00:00:00,Aston Villa,18,home,Chelsea,1,3,-2,8,1,0.125,0.125,10,4,0.4,0.3,8,11,0.7272727272727273,3,1,0,0,2,5,-4,0,22,Loss,21.996001
2021-2022,2022-01-02 00:00:00,Aston Villa,19,away,Brentford,1,2,-1,16,5,0.3125,0.0625,10,4,0.4,0.2,11,17,0.6470588235294118,2,2,0,0,7,3,-5,0,22,Loss,21.995005000000003
2021-2022,2022-01-15 00:00:00,Aston Villa,20,home,Man United,2,2,0,13,9,0.6923076923076923,0.15384615384615385,13,6,0.46153846153846156,0.15384615384615385,8,13,0.6153846153846154,1,2,0,0,3,6,-5,1,23,Draw,22.995009
2021-2022,2022-01-22 00:00:00,Aston Villa,21,away,Everton,1,0,1,8,3,0.375,0.125,15,1,0.06666666666666667,0.0,16,14,1.1428571428571428,3,5,0,0,2,9,-4,3,26,Win,25.996002999999998
2021-2022,2022-02-09 00:00:00,Aston Villa,22,home,Leeds,3,3,0,12,4,0.3333333333333333,0.25,16,8,0.5,0.1875,11,9,1.2222222222222223,1,3,1,0,6,11,-4,1,27,Draw,26.996004
2021-2022,2022-02-13 00:00:00,Aston Villa,23,away,Newcastle,0,1,-1,11,1,0.09090909090909091,0.0,10,2,0.2,0.1,15,22,0.6818181818181818,4,3,0,0,6,3,-5,0,27,Loss,26.995001000000002
2021-2022,2022-02-19 00:00:00,Aston Villa,24,home,Watford,0,1,-1,20,1,0.05,0.0,8,4,0.5,0.125,12,7,1.7142857142857142,1,2,0,0,10,5,-6,0,27,Loss,26.994001
2021-2022,2022-02-26 00:00:00,Aston Villa,25,away,Brighton,2,0,2,9,4,0.4444444444444444,0.2222222222222222,12,1,0.08333333333333333,0.0,11,17,0.6470588235294118,5,4,0,0,2,7,-4,3,30,Win,29.996004
2021-2022,2022-03-05 00:00:00,Aston Villa,26,home,Southampton,4,0,4,14,9,0.6428571428571429,0.2857142857142857,11,1,0.09090909090909091,0.0,10,8,1.25,1,1,0,0,4,7,0,3,33,Win,33.000009
2021-2022,2022-03-10 00:00:00,Aston Villa,27,away,Leeds,3,0,3,15,9,0.6,0.2,4,1,0.25,0.0,11,17,0.6470588235294118,3,5,0,0,5,3,3,3,36,Win,36.003009
2021-2022,2022-03-13 00:00:00,Aston Villa,28,away,West Ham,1,2,-1,13,7,0.5384615384615384,0.07692307692307693,11,4,0.36363636363636365,0.18181818181818182,3,9,0.3333333333333333,0,1,0,0,7,5,2,0,36,Loss,36.002007
2021-2022,2022-03-19 00:00:00,Aston Villa,29,home,Arsenal,0,1,-1,8,1,0.125,0.0,10,3,0.3,0.1,13,14,0.9285714285714286,3,3,0,0,6,5,1,0,36,Loss,36.001000999999995
2021-2022,2022-04-02 00:00:00,Aston Villa,30,away,Wolves,1,2,-1,15,5,0.3333333333333333,0.06666666666666667,11,5,0.45454545454545453,0.18181818181818182,8,15,0.5333333333333333,3,4,0,0,9,4,0,0,36,Loss,36.000005
2021-2022,2022-04-09 00:00:00,Aston Villa,31,home,Tottenham,0,4,-4,9,8,0.8888888888888888,0.0,11,5,0.45454545454545453,0.36363636363636365,12,14,0.8571428571428571,2,3,0,0,9,3,-4,0,36,Loss,35.996008
2021-2022,2022-04-23 00:00:00,Aston Villa,32,away,Leicester,0,0,0,11,3,0.2727272727272727,0.0,5,2,0.4,0.0,16,15,1.0666666666666667,2,3,0,0,6,7,-4,1,37,Draw,36.996003
2021-2022,2022-04-30 00:00:00,Aston Villa,33,home,Norwich,2,0,2,21,6,0.2857142857142857,0.09523809523809523,9,3,0.3333333333333333,0.0,16,8,2.0,4,1,0,0,2,3,-2,3,40,Win,39.998006
2021-2022,2022-05-07 00:00:00,Aston Villa,34,away,Burnley,3,1,2,12,7,0.5833333333333334,0.25,14,6,0.42857142857142855,0.07142857142857142,11,13,0.8461538461538461,2,1,0,0,5,4,0,3,43,Win,43.000007
2021-2022,2022-05-10 00:00:00,Aston Villa,35,home,Liverpool,1,2,-1,9,4,0.4444444444444444,0.1111111111111111,17,6,0.35294117647058826,0.11764705882352941,10,12,0.8333333333333334,0,0,0,0,2,3,-1,0,43,Loss,42.999004
2021-2022,2022-05-15 00:00:00,Aston Villa,36,home,Crystal Palace,1,1,0,13,4,0.3076923076923077,0.07692307692307693,16,4,0.25,0.0625,11,15,0.7333333333333333,1,3,0,0,1,5,-1,1,44,Draw,43.999004
2021-2022,2022-05-19 00:00:00,Aston Villa,37,home,Burnley,1,1,0,22,9,0.4090909090909091,0.045454545454545456,10,5,0.5,0.1,11,20,0.55,0,1,0,1,13,6,-1,1,45,Draw,44.999009
2021-2022,2022-05-22 00:00:00,Aston Villa,38,away,Man City,2,3,-1,4,2,0.5,0.5,24,5,0.20833333333333334,0.125,11,5,2.2,1,0,0,0,1,13,-2,0,45,Loss,44.998002
2021-2022,2021-08-13 00:00:00,Brentford,1,home,Arsenal,2,0,2,8,3,0.375,0.25,22,4,0.18181818181818182,0.0,12,8,1.5,0,0,0,0,2,5,2,3,3,Win,3.0020029999999998
2021-2022,2021-08-21 00:00:00,Brentford,2,away,Crystal Palace,0,0,0,14,3,0.21428571428571427,0.0,7,2,0.2857142857142857,0.0,9,12,0.75,1,3,0,0,5,3,2,1,4,Draw,4.002003
2021-2022,2021-08-28 00:00:00,Brentford,3,away,Aston Villa,1,1,0,9,2,0.2222222222222222,0.1111111111111111,7,5,0.7142857142857143,0.14285714285714285,14,15,0.9333333333333333,3,3,0,0,2,3,2,1,5,Draw,5.002002
2021-2022,2021-09-11 00:00:00,Brentford,4,home,Brighton,0,1,-1,7,1,0.14285714285714285,0.0,4,2,0.5,0.25,9,12,0.75,3,2,0,0,1,6,1,0,5,Loss,5.0010010000000005
2021-2022,2021-09-18 00:00:00,Brentford,5,away,Wolves,2,0,2,9,3,0.3333333333333333,0.2222222222222222,11,0,0.0,0.0,7,10,0.7,2,4,1,0,2,4,3,3,8,Win,8.003003
2021-2022,2021-09-25 00:00:00,Brentford,6,home,Liverpool,3,3,0,12,4,0.3333333333333333,0.25,16,6,0.375,0.1875,8,7,1.1428571428571428,1,1,0,0,2,11,3,1,9,Draw,9.003004
2021-2022,2021-10-03 00:00:00,Brentford,7,away,West Ham,2,1,1,13,6,0.46153846153846156,0.15384615384615385,18,5,0.2777777777777778,0.05555555555555555,13,16,0.8125,3,2,0,0,6,11,4,3,12,Win,12.004006
2021-2022,2021-10-16 00:00:00,Brentford,8,home,Chelsea,0,1,-1,17,7,0.4117647058823529,0.0,5,1,0.2,0.2,13,8,1.625,1,1,0,0,5,5,3,0,12,Loss,12.003007
2021-2022,2021-10-24 00:00:00,Brentford,9,home,Leicester,1,2,-1,15,5,0.3333333333333333,0.06666666666666667,10,6,0.6,0.2,13,7,1.8571428571428572,1,1,0,0,9,2,2,0,12,Loss,12.002005
2021-2022,2021-10-30 00:00:00,Brentford,10,away,Burnley,1,3,-2,12,5,0.4166666666666667,0.08333333333333333,15,6,0.4,0.2,10,7,1.4285714285714286,1,1,0,0,2,4,0,0,12,Loss,12.000005
2021-2022,2021-11-06 00:00:00,Brentford,11,home,Norwich,1,2,-1,19,7,0.3684210526315789,0.05263157894736842,9,5,0.5555555555555556,0.2222222222222222,12,13,0.9230769230769231,2,3,0,0,6,2,-1,0,12,Loss,11.999007
2021-2022,2021-11-20 00:00:00,Brentford,12,away,Newcastle,3,3,0,10,4,0.4,0.3,23,9,0.391304347826087,0.13043478260869565,11,13,0.8461538461538461,2,2,0,0,2,8,-1,1,13,Draw,12.999004000000001
2021-2022,2021-11-28 00:00:00,Brentford,13,home,Everton,1,0,1,6,4,0.6666666666666666,0.16666666666666666,14,5,0.35714285714285715,0.0,8,11,0.7272727272727273,4,3,0,0,3,3,0,3,16,Win,16.000004
2021-2022,2021-12-02 00:00:00,Brentford,14,away,Tottenham,0,2,-2,6,2,0.3333333333333333,0.0,11,6,0.5454545454545454,0.18181818181818182,11,13,0.8461538461538461,0,0,0,0,5,11,-2,0,16,Loss,15.998002
2021-2022,2021-12-05 00:00:00,Brentford,15,away,Leeds,2,2,0,9,3,0.3333333333333333,0.2222222222222222,13,6,0.46153846153846156,0.15384615384615385,9,11,0.8181818181818182,3,5,0,0,1,5,-2,1,17,Draw,16.998003
2021-2022,2021-12-10 00:00:00,Brentford,16,home,Watford,2,1,1,14,5,0.35714285714285715,0.14285714285714285,6,2,0.3333333333333333,0.16666666666666666,12,18,0.6666666666666666,4,0,0,0,8,2,-1,3,20,Win,19.999005
2021-2022,2021-12-26 00:00:00,Brentford,17,away,Brighton,0,2,-2,16,6,0.375,0.0,15,5,0.3333333333333333,0.13333333333333333,10,8,1.25,3,1,0,0,9,6,-3,0,20,Loss,19.997006
2021-2022,2021-12-29 00:00:00,Brentford,18,home,Man City,0,1,-1,6,2,0.3333333333333333,0.0,12,3,0.25,0.08333333333333333,12,10,1.2,0,0,0,0,3,5,-4,0,20,Loss,19.996001999999997
2021-2022,2022-01-02 00:00:00,Brentford,19,home,Aston Villa,2,1,1,10,4,0.4,0.2,16,5,0.3125,0.0625,17,11,1.5454545454545454,2,2,0,0,3,7,-3,3,23,Win,22.997004
2021-2022,2022-01-11 00:00:00,Brentford,20,away,Southampton,1,4,-3,5,4,0.8,0.2,12,6,0.5,0.3333333333333333,8,9,0.8888888888888888,1,0,0,0,2,5,-6,0,23,Loss,22.994004
2021-2022,2022-01-16 00:00:00,Brentford,21,away,Liverpool,0,3,-3,6,1,0.16666666666666666,0.0,27,13,0.48148148148148145,0.1111111111111111,6,6,1.0,1,0,0,0,0,9,-9,0,23,Loss,22.991001
2021-2022,2022-01-19 00:00:00,Brentford,22,home,Man United,1,3,-2,18,8,0.4444444444444444,0.05555555555555555,13,5,0.38461538461538464,0.23076923076923078,7,9,0.7777777777777778,0,0,0,0,6,9,-11,0,23,Loss,22.989008000000002
2021-2022,2022-01-22 00:00:00,Brentford,23,home,Wolves,1,2,-1,11,1,0.09090909090909091,0.09090909090909091,7,2,0.2857142857142857,0.2857142857142857,6,7,0.8571428571428571,2,3,0,0,6,3,-12,0,23,Loss,22.988001
2021-2022,2022-02-09 00:00:00,Brentford,24,away,Man City,0,2,-2,6,2,0.3333333333333333,0.0,15,7,0.4666666666666667,0.13333333333333333,13,7,1.8571428571428572,0,0,0,0,3,9,-14,0,23,Loss,22.986002
2021-2022,2022-02-12 00:00:00,Brentford,25,home,Crystal Palace,0,0,0,9,2,0.2222222222222222,0.0,6,3,0.5,0.0,10,10,1.0,1,0,0,0,3,9,-14,1,24,Draw,23.986002
2021-2022,2022-02-19 00:00:00,Brentford,26,away,Arsenal,1,2,-1,6,2,0.3333333333333333,0.16666666666666666,24,8,0.3333333333333333,0.08333333333333333,5,10,0.5,1,1,0,0,0,14,-15,0,24,Loss,23.985001999999998
2021-2022,2022-02-26 00:00:00,Brentford,27,home,Newcastle,0,2,-2,6,1,0.16666666666666666,0.0,26,11,0.4230769230769231,0.07692307692307693,9,7,1.2857142857142858,3,1,1,0,6,6,-17,0,24,Loss,23.983001
2021-2022,2022-03-05 00:00:00,Brentford,28,away,Norwich,3,1,2,10,6,0.6,0.3,15,7,0.4666666666666667,0.06666666666666667,18,13,1.3846153846153846,5,2,0,0,5,5,-15,3,27,Win,26.985006
2021-2022,2022-03-12 00:00:00,Brentford,29,home,Burnley,2,0,2,13,4,0.3076923076923077,0.15384615384615385,7,1,0.14285714285714285,0.0,6,10,0.6,1,1,0,1,2,9,-13,3,30,Win,29.987004
2021-2022,2022-03-20 00:00:00,Brentford,30,away,Leicester,1,2,-1,15,6,0.4,0.06666666666666667,12,4,0.3333333333333333,0.16666666666666666,10,10,1.0,2,1,0,0,5,2,-14,0,30,Loss,29.986006
2021-2022,2022-04-02 00:00:00,Brentford,31,away,Chelsea,4,1,3,17,6,0.35294117647058826,0.23529411764705882,21,8,0.38095238095238093,0.047619047619047616,7,11,0.6363636363636364,0,0,0,0,7,12,-11,3,33,Win,32.989005999999996
2021-2022,2022-04-10 00:00:00,Brentford,32,home,West Ham,2,0,2,15,7,0.4666666666666667,0.13333333333333333,5,1,0.2,0.0,2,6,0.3333333333333333,0,1,0,0,4,6,-9,3,36,Win,35.991006999999996
2021-2022,2022-04-16 00:00:00,Brentford,33,away,Watford,2,1,1,16,5,0.3125,0.125,17,4,0.23529411764705882,0.058823529411764705,9,11,0.8181818181818182,1,2,0,0,5,6,-8,3,39,Win,38.992005
2021-2022,2022-04-23 00:00:00,Brentford,34,home,Tottenham,0,0,0,15,2,0.13333333333333333,0.0,9,0,0.0,0.0,8,7,1.1428571428571428,2,1,0,0,12,8,-8,1,40,Draw,39.992002
2021-2022,2022-05-02 00:00:00,Brentford,35,away,Man United,0,3,-3,12,4,0.3333333333333333,0.0,9,5,0.5555555555555556,0.3333333333333333,6,4,1.5,0,1,0,0,8,3,-11,0,40,Loss,39.989003999999994
2021-2022,2022-05-07 00:00:00,Brentford,36,home,Southampton,3,0,3,18,5,0.2777777777777778,0.16666666666666666,19,4,0.21052631578947367,0.0,12,9,1.3333333333333333,0,1,0,0,4,7,-8,3,43,Win,42.992005
2021-2022,2022-05-15 00:00:00,Brentford,37,away,Everton,3,2,1,18,7,0.3888888888888889,0.16666666666666666,10,5,0.5,0.2,8,8,1.0,3,0,0,2,2,5,-7,3,46,Win,45.993007
2021-2022,2022-05-22 00:00:00,Brentford,38,home,Leeds,1,2,-1,14,5,0.35714285714285715,0.07142857142857142,14,6,0.42857142857142855,0.14285714285714285,11,13,0.8461538461538461,2,1,1,0,3,2,-8,0,46,Loss,45.992005
2021-2022,2021-08-14 00:00:00,Brighton,1,away,Burnley,2,1,1,14,8,0.5714285714285714,0.14285714285714285,14,3,0.21428571428571427,0.07142857142857142,7,10,0.7,1,2,0,0,6,7,1,3,3,Win,3.0010079999999997
2021-2022,2021-08-21 00:00:00,Brighton,2,home,Watford,2,0,2,13,3,0.23076923076923078,0.15384615384615385,10,1,0.1,0.0,11,6,1.8333333333333333,4,0,0,0,7,2,3,3,6,Win,6.0030030000000005
2021-2022,2021-08-28 00:00:00,Brighton,3,home,Everton,0,2,-2,14,3,0.21428571428571427,0.0,14,5,0.35714285714285715,0.14285714285714285,7,9,0.7777777777777778,1,2,0,0,4,5,1,0,6,Loss,6.001003000000001
2021-2022,2021-09-11 00:00:00,Brighton,4,away,Brentford,1,0,1,4,2,0.5,0.25,7,1,0.14285714285714285,0.0,12,9,1.3333333333333333,2,3,0,0,6,1,2,3,9,Win,9.002002000000001
2021-2022,2021-09-19 00:00:00,Brighton,5,home,Leicester,2,1,1,12,5,0.4166666666666667,0.16666666666666666,14,3,0.21428571428571427,0.07142857142857142,8,10,0.8,2,1,0,0,4,9,3,3,12,Win,12.003005
2021-2022,2021-09-27 00:00:00,Brighton,6,away,Crystal Palace,1,1,0,8,4,0.5,0.125,8,3,0.375,0.125,10,12,0.8333333333333334,3,2,0,0,5,6,3,1,13,Draw,13.003004
2021-2022,2021-10-02 00:00:00,Brighton,7,home,Arsenal,0,0,0,21,2,0.09523809523809523,0.0,8,2,0.25,0.0,8,5,1.6,2,1,0,0,8,5,3,1,14,Draw,14.003002
2021-2022,2021-10-16 00:00:00,Brighton,8,away,Norwich,0,0,0,11,3,0.2727272727272727,0.0,15,3,0.2,0.0,14,5,2.8,5,3,0,0,4,8,3,1,15,Draw,15.003003
2021-2022,2021-10-23 00:00:00,Brighton,9,home,Man City,1,4,-3,10,5,0.5,0.1,23,14,0.6086956521739131,0.17391304347826086,10,6,1.6666666666666667,2,3,0,0,7,6,0,0,15,Loss,15.000005
2021-2022,2021-10-30 00:00:00,Brighton,10,away,Liverpool,2,2,0,9,6,0.6666666666666666,0.2222222222222222,14,3,0.21428571428571427,0.14285714285714285,5,8,0.625,2,2,0,0,3,5,0,1,16,Draw,16.000006
2021-2022,2021-11-06 00:00:00,Brighton,11,home,Newcastle,1,1,0,14,5,0.35714285714285715,0.07142857142857142,6,1,0.16666666666666666,0.16666666666666666,16,10,1.6,3,4,1,0,2,5,0,1,17,Draw,17.000005
2021-2022,2021-11-20 00:00:00,Brighton,12,away,Aston Villa,0,2,-2,6,2,0.3333333333333333,0.0,9,5,0.5555555555555556,0.2222222222222222,13,7,1.8571428571428572,3,3,0,0,7,5,-2,0,17,Loss,16.998002
2021-2022,2021-11-27 00:00:00,Brighton,13,home,Leeds,0,0,0,20,4,0.2,0.0,11,4,0.36363636363636365,0.0,12,14,0.8571428571428571,1,3,0,0,6,1,-2,1,18,Draw,17.998004
2021-2022,2021-12-01 00:00:00,Brighton,14,away,West Ham,1,1,0,9,3,0.3333333333333333,0.1111111111111111,14,6,0.42857142857142855,0.07142857142857142,8,10,0.8,1,1,0,0,5,9,-2,1,19,Draw,18.998003
2021-2022,2021-12-04 00:00:00,Brighton,15,away,Southampton,1,1,0,14,4,0.2857142857142857,0.07142857142857142,14,4,0.2857142857142857,0.07142857142857142,12,15,0.8,2,4,0,0,2,6,-2,1,20,Draw,19.998004
2021-2022,2021-12-15 00:00:00,Brighton,16,home,Wolves,0,1,-1,12,2,0.16666666666666666,0.0,8,5,0.625,0.125,11,14,0.7857142857142857,2,0,0,0,7,4,-3,0,20,Loss,19.997002
2021-2022,2021-12-26 00:00:00,Brighton,17,home,Brentford,2,0,2,15,5,0.3333333333333333,0.13333333333333333,16,6,0.375,0.0,8,10,0.8,1,3,0,0,6,9,-1,3,23,Win,22.999005
2021-2022,2021-12-29 00:00:00,Brighton,18,away,Chelsea,1,1,0,18,6,0.3333333333333333,0.05555555555555555,11,5,0.45454545454545453,0.09090909090909091,7,14,0.5,1,4,0,0,8,10,-1,1,24,Draw,23.999005999999998
2021-2022,2022-01-02 00:00:00,Brighton,19,away,Everton,3,2,1,12,5,0.4166666666666667,0.25,17,6,0.35294117647058826,0.11764705882352941,12,5,2.4,1,1,0,0,5,8,0,3,27,Win,27.000005
2021-2022,2022-01-14 00:00:00,Brighton,20,home,Crystal Palace,1,1,0,19,4,0.21052631578947367,0.05263157894736842,3,1,0.3333333333333333,0.3333333333333333,11,7,1.5714285714285714,0,2,0,0,9,0,0,1,28,Draw,28.000004
2021-2022,2022-01-18 00:00:00,Brighton,21,home,Chelsea,1,1,0,10,2,0.2,0.1,15,3,0.2,0.06666666666666667,8,5,1.6,1,2,0,0,5,7,0,1,29,Draw,29.000002
2021-2022,2022-01-23 00:00:00,Brighton,22,away,Leicester,1,1,0,14,5,0.35714285714285715,0.07142857142857142,15,5,0.3333333333333333,0.06666666666666667,8,6,1.3333333333333333,1,0,0,0,5,4,0,1,30,Draw,30.000005
2021-2022,2022-02-12 00:00:00,Brighton,23,away,Watford,2,0,2,11,6,0.5454545454545454,0.18181818181818182,9,1,0.1111111111111111,0.0,9,16,0.5625,2,3,0,0,5,4,2,3,33,Win,33.002006
2021-2022,2022-02-15 00:00:00,Brighton,24,away,Man United,0,2,-2,10,3,0.3,0.0,19,7,0.3684210526315789,0.10526315789473684,10,8,1.25,1,3,1,0,2,10,0,0,33,Loss,33.000003
2021-2022,2022-02-19 00:00:00,Brighton,25,home,Burnley,0,3,-3,11,1,0.09090909090909091,0.0,10,4,0.4,0.3,12,12,1.0,1,4,0,0,4,4,-3,0,33,Loss,32.997001
2021-2022,2022-02-26 00:00:00,Brighton,26,home,Aston Villa,0,2,-2,12,1,0.08333333333333333,0.0,9,4,0.4444444444444444,0.2222222222222222,17,11,1.5454545454545454,4,5,0,0,7,2,-5,0,33,Loss,32.995000999999995
2021-2022,2022-03-05 00:00:00,Brighton,27,away,Newcastle,1,2,-1,15,4,0.26666666666666666,0.06666666666666667,10,4,0.4,0.2,10,8,1.25,1,1,0,0,7,4,-6,0,33,Loss,32.994004
2021-2022,2022-03-12 00:00:00,Brighton,28,home,Liverpool,0,2,-2,8,3,0.375,0.0,18,9,0.5,0.1111111111111111,12,15,0.8,3,1,0,0,7,6,-8,0,33,Loss,32.992003
2021-2022,2022-03-16 00:00:00,Brighton,29,home,Tottenham,0,2,-2,15,0,0.0,0.0,17,7,0.4117647058823529,0.11764705882352941,11,9,1.2222222222222223,2,2,0,0,6,3,-10,0,33,Loss,32.99
2021-2022,2022-04-02 00:00:00,Brighton,30,home,Norwich,0,0,0,31,4,0.12903225806451613,0.0,6,0,0.0,0.0,12,11,1.0909090909090908,1,1,0,0,11,2,-10,1,34,Draw,33.990004
2021-2022,2022-04-09 00:00:00,Brighton,31,away,Arsenal,2,1,1,8,3,0.375,0.25,20,4,0.2,0.05,19,12,1.5833333333333333,4,3,0,0,2,11,-9,3,37,Win,36.991003
2021-2022,2022-04-16 00:00:00,Brighton,32,away,Tottenham,1,0,1,12,5,0.4166666666666667,0.08333333333333333,5,0,0.0,0.0,10,14,0.7142857142857143,3,3,0,0,4,4,-8,3,40,Win,39.992005
2021-2022,2022-04-20 00:00:00,Brighton,33,away,Man City,0,3,-3,2,1,0.5,0.0,17,5,0.29411764705882354,0.17647058823529413,7,12,0.5833333333333334,3,0,0,0,4,7,-11,0,40,Loss,39.989000999999995
2021-2022,2022-04-24 00:00:00,Brighton,34,home,Southampton,2,2,0,8,5,0.625,0.25,18,5,0.2777777777777778,0.1111111111111111,12,7,1.7142857142857142,1,0,0,0,6,6,-11,1,41,Draw,40.989005
2021-2022,2022-04-30 00:00:00,Brighton,35,away,Wolves,3,0,3,17,9,0.5294117647058824,0.17647058823529413,11,1,0.09090909090909091,0.0,4,6,0.6666666666666666,1,2,0,0,3,7,-8,3,44,Win,43.992008999999996
2021-2022,2022-05-07 00:00:00,Brighton,36,home,Man United,4,0,4,17,6,0.35294117647058826,0.23529411764705882,15,5,0.3333333333333333,0.0,13,9,1.4444444444444444,0,2,0,0,7,6,-4,3,47,Win,46.996006
2021-2022,2022-05-15 00:00:00,Brighton,37,away,Leeds,1,1,0,16,6,0.375,0.0625,19,5,0.2631578947368421,0.05263157894736842,8,16,0.5,2,3,0,0,1,8,-4,1,48,Draw,47.996006
2021-2022,2022-05-22 00:00:00,Brighton,38,home,West Ham,3,1,2,18,7,0.3888888888888889,0.16666666666666666,7,2,0.2857142857142857,0.14285714285714285,9,9,1.0,1,1,0,0,5,6,-2,3,51,Win,50.998006999999994
2021-2022,2021-08-14 00:00:00,Burnley,1,home,Brighton,1,2,-1,14,3,0.21428571428571427,0.07142857142857142,14,8,0.5714285714285714,0.14285714285714285,10,7,1.4285714285714286,2,1,0,0,7,6,-1,0,0,Loss,-0.000997
2021-2022,2021-08-21 00:00:00,Burnley,2,away,Liverpool,0,2,-2,9,3,0.3333333333333333,0.0,27,9,0.3333333333333333,0.07407407407407407,12,6,2.0,0,0,0,0,4,8,-3,0,0,Loss,-0.002997
2021-2022,2021-08-29 00:00:00,Burnley,3,home,Leeds,1,1,0,12,3,0.25,0.08333333333333333,12,2,0.16666666666666666,0.08333333333333333,13,9,1.4444444444444444,4,3,0,0,5,5,-3,1,1,Draw,0.997003
2021-2022,2021-09-13 00:00:00,Burnley,4,away,Everton,1,3,-2,11,6,0.5454545454545454,0.09090909090909091,14,6,0.42857142857142855,0.21428571428571427,6,3,2.0,1,1,0,0,6,4,-5,0,1,Loss,0.995006
2021-2022,2021-09-18 00:00:00,Burnley,5,home,Arsenal,0,1,-1,18,3,0.16666666666666666,0.0,13,3,0.23076923076923078,0.07692307692307693,9,8,1.125,2,1,0,0,8,3,-6,0,1,Loss,0.994003
2021-2022,2021-09-25 00:00:00,Burnley,6,away,Leicester,2,2,0,9,3,0.3333333333333333,0.2222222222222222,22,5,0.22727272727272727,0.09090909090909091,8,10,0.8,4,2,0,0,4,8,-6,1,2,Draw,1.994003
2021-2022,2021-10-02 00:00:00,Burnley,7,home,Norwich,0,0,0,14,4,0.2857142857142857,0.0,10,2,0.2,0.0,13,3,4.333333333333333,5,2,0,0,9,5,-6,1,3,Draw,2.9940040000000003
2021-2022,2021-10-16 00:00:00,Burnley,8,away,Man City,0,2,-2,7,2,0.2857142857142857,0.0,15,6,0.4,0.13333333333333333,5,11,0.45454545454545453,0,1,0,0,2,6,-8,0,3,Loss,2.992002
2021-2022,2021-10-23 00:00:00,Burnley,9,away,Southampton,2,2,0,9,5,0.5555555555555556,0.2222222222222222,16,4,0.25,0.125,11,10,1.1,3,1,0,0,2,6,-8,1,4,Draw,3.992005
2021-2022,2021-10-30 00:00:00,Burnley,10,home,Brentford,3,1,2,15,6,0.4,0.2,12,5,0.4166666666666667,0.08333333333333333,7,10,0.7,1,1,0,0,4,2,-6,3,7,Win,6.994006
2021-2022,2021-11-06 00:00:00,Burnley,11,away,Chelsea,1,1,0,5,2,0.4,0.2,25,4,0.16,0.04,9,6,1.5,4,1,0,0,2,14,-6,1,8,Draw,7.994002
2021-2022,2021-11-20 00:00:00,Burnley,12,home,Crystal Palace,3,3,0,15,9,0.6,0.2,18,8,0.4444444444444444,0.16666666666666666,14,15,0.9333333333333333,2,3,0,0,3,6,-6,1,9,Draw,8.994009
2021-2022,2021-12-01 00:00:00,Burnley,13,away,Wolves,0,0,0,6,1,0.16666666666666666,0.0,16,2,0.125,0.0,7,5,1.4,3,2,0,0,5,5,-6,1,10,Draw,9.994000999999999
2021-2022,2021-12-04 00:00:00,Burnley,14,away,Newcastle,0,1,-1,10,1,0.1,0.0,19,4,0.21052631578947367,0.05263157894736842,9,11,0.8181818181818182,1,1,0,0,3,10,-7,0,10,Loss,9.993001
2021-2022,2021-12-12 00:00:00,Burnley,15,home,West Ham,0,0,0,9,1,0.1111111111111111,0.0,16,3,0.1875,0.0,13,11,1.1818181818181819,2,1,0,0,6,4,-7,1,11,Draw,10.993001
2021-2022,2021-12-30 00:00:00,Burnley,16,away,Man United,1,3,-2,10,3,0.3,0.1,18,6,0.3333333333333333,0.16666666666666666,10,5,2.0,0,0,0,0,5,7,-9,0,11,Loss,10.991003
2021-2022,2022-01-02 00:00:00,Burnley,17,away,Leeds,1,3,-2,8,2,0.25,0.125,22,7,0.3181818181818182,0.13636363636363635,7,11,0.6363636363636364,1,2,0,0,3,9,-11,0,11,Loss,10.989002000000001
2021-2022,2022-01-23 00:00:00,Burnley,18,away,Arsenal,0,0,0,10,1,0.1,0.0,20,5,0.25,0.0,13,9,1.4444444444444444,2,0,0,0,4,12,-11,1,12,Draw,11.989001
2021-2022,2022-02-05 00:00:00,Burnley,19,home,Watford,0,0,0,13,2,0.15384615384615385,0.0,11,5,0.45454545454545453,0.0,16,9,1.7777777777777777,1,2,0,0,4,7,-11,1,13,Draw,12.989002000000001
2021-2022,2022-02-08 00:00:00,Burnley,20,home,Man United,1,1,0,9,3,0.3333333333333333,0.1111111111111111,22,5,0.22727272727272727,0.045454545454545456,11,10,1.1,2,1,0,0,2,10,-11,1,14,Draw,13.989003
2021-2022,2022-02-13 00:00:00,Burnley,21,home,Liverpool,0,1,-1,8,5,0.625,0.0,12,4,0.3333333333333333,0.08333333333333333,7,6,1.1666666666666667,0,1,0,0,5,8,-12,0,14,Loss,13.988005
2021-2022,2022-02-19 00:00:00,Burnley,22,away,Brighton,3,0,3,10,4,0.4,0.3,11,1,0.09090909090909091,0.0,12,12,1.0,4,1,0,0,4,4,-9,3,17,Win,16.991004
2021-2022,2022-02-23 00:00:00,Burnley,23,home,Tottenham,1,0,1,15,4,0.26666666666666666,0.06666666666666667,12,2,0.16666666666666666,0.0,8,8,1.0,0,0,0,0,3,7,-8,3,20,Win,19.992004
2021-2022,2022-02-26 00:00:00,Burnley,24,away,Crystal Palace,1,1,0,5,1,0.2,0.2,11,4,0.36363636363636365,0.09090909090909091,17,5,3.4,2,0,0,0,4,5,-8,1,21,Draw,20.992001000000002
2021-2022,2022-03-01 00:00:00,Burnley,25,home,Leicester,0,2,-2,9,2,0.2222222222222222,0.0,22,6,0.2727272727272727,0.09090909090909091,10,13,0.7692307692307693,1,1,0,0,6,8,-10,0,21,Loss,20.990001999999997
2021-2022,2022-03-05 00:00:00,Burnley,26,home,Chelsea,0,4,-4,6,1,0.16666666666666666,0.0,11,5,0.45454545454545453,0.36363636363636365,12,7,1.7142857142857142,2,0,0,0,5,2,-14,0,21,Loss,20.986001
2021-2022,2022-03-12 00:00:00,Burnley,27,away,Brentford,0,2,-2,7,1,0.14285714285714285,0.0,13,4,0.3076923076923077,0.15384615384615385,10,6,1.6666666666666667,1,1,1,0,9,2,-16,0,21,Loss,20.984001000000003
2021-2022,2022-04-02 00:00:00,Burnley,28,home,Man City,0,2,-2,3,1,0.3333333333333333,0.0,18,6,0.3333333333333333,0.1111111111111111,11,6,1.8333333333333333,1,0,0,0,1,8,-18,0,21,Loss,20.982001
2021-2022,2022-04-06 00:00:00,Burnley,29,home,Everton,3,2,1,13,4,0.3076923076923077,0.23076923076923078,16,4,0.25,0.125,11,16,0.6875,2,2,0,0,9,6,-17,3,24,Win,23.983004
2021-2022,2022-04-10 00:00:00,Burnley,30,away,Norwich,0,2,-2,18,4,0.2222222222222222,0.0,17,6,0.35294117647058826,0.11764705882352941,10,12,0.8333333333333334,1,1,0,0,7,6,-19,0,24,Loss,23.981004000000002
2021-2022,2022-04-17 00:00:00,Burnley,31,away,West Ham,1,1,0,9,1,0.1111111111111111,0.1111111111111111,21,8,0.38095238095238093,0.047619047619047616,10,9,1.1111111111111112,2,2,0,0,4,13,-19,1,25,Draw,24.981001000000003
2021-2022,2022-04-21 00:00:00,Burnley,32,home,Southampton,2,0,2,16,6,0.375,0.125,11,3,0.2727272727272727,0.0,7,7,1.0,2,2,0,0,10,10,-17,3,28,Win,27.983006
2021-2022,2022-04-24 00:00:00,Burnley,33,home,Wolves,1,0,1,14,5,0.35714285714285715,0.07142857142857142,10,4,0.4,0.0,8,7,1.1428571428571428,3,1,0,0,3,6,-16,3,31,Win,30.984005000000003
2021-2022,2022-04-30 00:00:00,Burnley,34,away,Watford,2,1,1,17,6,0.35294117647058826,0.11764705882352941,13,1,0.07692307692307693,0.07692307692307693,9,13,0.6923076923076923,2,1,0,0,6,5,-15,3,34,Win,33.985006
2021-2022,2022-05-07 00:00:00,Burnley,35,home,Aston Villa,1,3,-2,14,6,0.42857142857142855,0.07142857142857142,12,7,0.5833333333333334,0.25,13,11,1.1818181818181819,1,2,0,0,4,5,-17,0,34,Loss,33.983005999999996
2021-2022,2022-05-15 00:00:00,Burnley,36,away,Tottenham,0,1,-1,8,1,0.125,0.0,21,8,0.38095238095238093,0.047619047619047616,8,12,0.6666666666666666,2,3,0,0,2,8,-18,0,34,Loss,33.982001
2021-2022,2022-05-19 00:00:00,Burnley,37,away,Aston Villa,1,1,0,10,5,0.5,0.1,22,9,0.4090909090909091,0.045454545454545456,20,11,1.8181818181818181,1,0,1,0,6,13,-18,1,35,Draw,34.982005
2021-2022,2022-05-22 00:00:00,Burnley,38,home,Newcastle,1,2,-1,12,5,0.4166666666666667,0.08333333333333333,8,6,0.75,0.25,8,9,0.8888888888888888,1,0,0,0,8,2,-19,0,35,Loss,34.981005
2021-2022,2021-08-14 00:00:00,Chelsea,1,home,Crystal Palace,3,0,3,13,6,0.46153846153846156,0.23076923076923078,4,1,0.25,0.0,15,11,1.3636363636363635,0,0,0,0,5,2,3,3,3,Win,3.003006
2021-2022,2021-08-22 00:00:00,Chelsea,2,away,Arsenal,2,0,2,22,5,0.22727272727272727,0.09090909090909091,6,3,0.5,0.0,4,10,0.4,0,3,0,0,8,9,5,3,6,Win,6.005005
2021-2022,2021-08-28 00:00:00,Chelsea,3,away,Liverpool,1,1,0,6,3,0.5,0.16666666666666666,24,7,0.2916666666666667,0.041666666666666664,4,13,0.3076923076923077,2,0,1,0,3,12,5,1,7,Draw,7.005003
2021-2022,2021-09-11 00:00:00,Chelsea,4,home,Aston Villa,3,0,3,12,4,0.3333333333333333,0.25,18,6,0.3333333333333333,0.0,11,11,1.0,1,4,0,0,4,11,8,3,10,Win,10.008004
2021-2022,2021-09-19 00:00:00,Chelsea,5,away,Tottenham,3,0,3,20,10,0.5,0.15,8,2,0.25,0.0,15,4,3.75,1,0,0,0,11,5,11,3,13,Win,13.011009999999999
2021-2022,2021-09-25 00:00:00,Chelsea,6,home,Man City,0,1,-1,5,0,0.0,0.0,15,4,0.26666666666666666,0.06666666666666667,12,10,1.2,3,2,0,0,4,13,10,0,13,Loss,13.01
2021-2022,2021-10-02 00:00:00,Chelsea,7,home,Southampton,3,1,2,20,9,0.45,0.15,6,2,0.3333333333333333,0.16666666666666666,11,13,0.8461538461538461,1,3,0,1,7,2,12,3,16,Win,16.012009
2021-2022,2021-10-16 00:00:00,Chelsea,8,away,Brentford,1,0,1,5,1,0.2,0.2,17,7,0.4117647058823529,0.0,8,13,0.6153846153846154,1,1,0,0,5,5,13,3,19,Win,19.013001000000003
2021-2022,2021-10-23 00:00:00,Chelsea,9,home,Norwich,7,0,7,23,13,0.5652173913043478,0.30434782608695654,3,1,0.3333333333333333,0.0,14,16,0.875,0,2,0,1,5,0,20,3,22,Win,22.020013
2021-2022,2021-10-30 00:00:00,Chelsea,10,away,Newcastle,3,0,3,19,6,0.3157894736842105,0.15789473684210525,6,1,0.16666666666666666,0.0,12,14,0.8571428571428571,2,3,0,0,2,0,23,3,25,Win,25.023006
2021-2022,2021-11-06 00:00:00,Chelsea,11,home,Burnley,1,1,0,25,4,0.16,0.04,5,2,0.4,0.2,6,9,0.6666666666666666,1,4,0,0,14,2,23,1,26,Draw,26.023004
2021-2022,2021-11-20 00:00:00,Chelsea,12,away,Leicester,3,0,3,16,7,0.4375,0.1875,4,3,0.75,0.0,8,15,0.5333333333333333,1,3,0,0,5,3,26,3,29,Win,29.026007
2021-2022,2021-11-28 00:00:00,Chelsea,13,home,Man United,1,1,0,24,6,0.25,0.041666666666666664,3,2,0.6666666666666666,0.3333333333333333,13,14,0.9285714285714286,2,5,0,0,15,2,26,1,30,Draw,30.026006
2021-2022,2021-12-01 00:00:00,Chelsea,14,away,Watford,2,1,1,8,4,0.5,0.25,13,6,0.46153846153846156,0.07692307692307693,16,18,0.8888888888888888,3,4,0,0,0,6,27,3,33,Win,33.027004
2021-2022,2021-12-04 00:00:00,Chelsea,15,away,West Ham,2,3,-1,19,7,0.3684210526315789,0.10526315789473684,11,5,0.45454545454545453,0.2727272727272727,10,10,1.0,3,1,0,0,9,1,26,0,33,Loss,33.026007
2021-2022,2021-12-11 00:00:00,Chelsea,16,home,Leeds,3,2,1,16,6,0.375,0.1875,12,5,0.4166666666666667,0.16666666666666666,9,15,0.6,2,5,0,0,5,2,27,3,36,Win,36.027006
2021-2022,2021-12-16 00:00:00,Chelsea,17,home,Everton,1,1,0,23,10,0.43478260869565216,0.043478260869565216,5,3,0.6,0.2,11,11,1.0,2,3,0,0,7,1,27,1,37,Draw,37.027010000000004
2021-2022,2021-12-19 00:00:00,Chelsea,18,away,Wolves,0,0,0,8,1,0.125,0.0,4,1,0.25,0.0,7,9,0.7777777777777778,2,0,0,0,9,4,27,1,38,Draw,38.027001
2021-2022,2021-12-26 00:00:00,Chelsea,19,away,Aston Villa,3,1,2,10,4,0.4,0.3,8,1,0.125,0.125,11,8,1.375,1,3,0,0,5,2,29,3,41,Win,41.029004
2021-2022,2021-12-29 00:00:00,Chelsea,20,home,Brighton,1,1,0,11,5,0.45454545454545453,0.09090909090909091,18,6,0.3333333333333333,0.05555555555555555,14,7,2.0,4,1,0,0,10,8,29,1,42,Draw,42.029005000000005
2021-2022,2022-01-02 00:00:00,Chelsea,21,home,Liverpool,2,2,0,15,6,0.4,0.13333333333333333,10,6,0.6,0.2,5,13,0.38461538461538464,1,2,0,0,6,7,29,1,43,Draw,43.029006
2021-2022,2022-01-15 00:00:00,Chelsea,22,away,Man City,0,1,-1,4,1,0.25,0.0,11,6,0.5454545454545454,0.09090909090909091,6,11,0.5454545454545454,2,0,0,0,1,9,28,0,43,Loss,43.028000999999996
2021-2022,2022-01-18 00:00:00,Chelsea,23,away,Brighton,1,1,0,15,3,0.2,0.06666666666666667,10,2,0.2,0.1,5,8,0.625,2,1,0,0,7,5,28,1,44,Draw,44.028003
2021-2022,2022-01-23 00:00:00,Chelsea,24,home,Tottenham,2,0,2,15,7,0.4666666666666667,0.13333333333333333,6,3,0.5,0.0,17,14,1.2142857142857142,2,1,0,0,10,3,30,3,47,Win,47.030007
2021-2022,2022-02-19 00:00:00,Chelsea,25,away,Crystal Palace,1,0,1,9,3,0.3333333333333333,0.1111111111111111,7,0,0.0,0.0,20,4,5.0,3,1,0,0,4,4,31,3,50,Win,50.031003
2021-2022,2022-03-05 00:00:00,Chelsea,26,away,Burnley,4,0,4,11,5,0.45454545454545453,0.36363636363636365,6,1,0.16666666666666666,0.0,7,12,0.5833333333333334,0,2,0,0,2,5,35,3,53,Win,53.035005
2021-2022,2022-03-10 00:00:00,Chelsea,27,away,Norwich,3,1,2,15,7,0.4666666666666667,0.2,9,3,0.3333333333333333,0.1111111111111111,15,8,1.875,2,0,0,0,8,3,37,3,56,Win,56.037006999999996
2021-2022,2022-03-13 00:00:00,Chelsea,28,home,Newcastle,1,0,1,8,3,0.375,0.125,7,2,0.2857142857142857,0.0,17,16,1.0625,4,3,0,0,7,2,38,3,59,Win,59.038002999999996
2021-2022,2022-04-02 00:00:00,Chelsea,29,home,Brentford,1,4,-3,21,8,0.38095238095238093,0.047619047619047616,17,6,0.35294117647058826,0.23529411764705882,11,7,1.5714285714285714,0,0,0,0,12,7,35,0,59,Loss,59.035008
2021-2022,2022-04-09 00:00:00,Chelsea,30,away,Southampton,6,0,6,24,14,0.5833333333333334,0.25,4,1,0.25,0.0,10,11,0.9090909090909091,0,1,0,0,3,3,41,3,62,Win,62.041014
2021-2022,2022-04-20 00:00:00,Chelsea,31,home,Arsenal,2,4,-2,11,2,0.18181818181818182,0.18181818181818182,14,4,0.2857142857142857,0.2857142857142857,7,6,1.1666666666666667,3,1,0,0,6,1,39,0,62,Loss,62.039002
2021-2022,2022-04-24 00:00:00,Chelsea,32,home,West Ham,1,0,1,26,5,0.19230769230769232,0.038461538461538464,6,2,0.3333333333333333,0.0,11,9,1.2222222222222223,1,0,0,1,3,1,40,3,65,Win,65.04000500000001
2021-2022,2022-04-28 00:00:00,Chelsea,33,away,Man United,1,1,0,21,6,0.2857142857142857,0.047619047619047616,6,3,0.5,0.16666666666666666,12,9,1.3333333333333333,1,0,0,0,9,2,40,1,66,Draw,66.040006
2021-2022,2022-05-01 00:00:00,Chelsea,34,away,Everton,0,1,-1,17,5,0.29411764705882354,0.0,9,4,0.4444444444444444,0.1111111111111111,12,9,1.3333333333333333,5,3,0,0,8,3,39,0,66,Loss,66.039005
2021-2022,2022-05-07 00:00:00,Chelsea,35,home,Wolves,2,2,0,19,6,0.3157894736842105,0.10526315789473684,14,4,0.2857142857142857,0.14285714285714285,7,11,0.6363636363636364,1,3,0,0,9,3,39,1,67,Draw,67.039006
2021-2022,2022-05-11 00:00:00,Chelsea,36,away,Leeds,3,0,3,17,4,0.23529411764705882,0.17647058823529413,5,0,0.0,0.0,14,10,1.4,0,1,0,1,5,1,42,3,70,Win,70.042004
2021-2022,2022-05-19 00:00:00,Chelsea,37,home,Leicester,1,1,0,20,7,0.35,0.05,2,1,0.5,0.5,13,7,1.8571428571428572,4,1,0,0,6,0,42,1,71,Draw,71.042007
2021-2022,2022-05-22 00:00:00,Chelsea,38,home,Watford,2,1,1,19,8,0.42105263157894735,0.10526315789473684,8,3,0.375,0.125,9,9,1.0,0,0,0,0,3,3,43,3,74,Win,74.043008
2021-2022,2021-08-14 00:00:00,Crystal Palace,1,away,Chelsea,0,3,-3,4,1,0.25,0.0,13,6,0.46153846153846156,0.23076923076923078,11,15,0.7333333333333333,0,0,0,0,2,5,-3,0,0,Loss,-0.002999
2021-2022,2021-08-21 00:00:00,Crystal Palace,2,home,Brentford,0,0,0,7,2,0.2857142857142857,0.0,14,3,0.21428571428571427,0.0,12,9,1.3333333333333333,3,1,0,0,3,5,-3,1,1,Draw,0.9970019999999999
2021-2022,2021-08-28 00:00:00,Crystal Palace,3,away,West Ham,2,2,0,9,2,0.2222222222222222,0.2222222222222222,14,4,0.2857142857142857,0.14285714285714285,7,10,0.7,0,1,0,0,3,5,-3,1,2,Draw,1.9970020000000002
2021-2022,2021-09-11 00:00:00,Crystal Palace,4,home,Tottenham,3,0,3,18,4,0.2222222222222222,0.16666666666666666,2,1,0.5,0.0,13,15,0.8666666666666667,2,1,0,1,8,2,0,3,5,Win,5.000004
2021-2022,2021-09-18 00:00:00,Crystal Palace,5,away,Liverpool,0,3,-3,13,2,0.15384615384615385,0.0,25,10,0.4,0.12,11,17,0.6470588235294118,1,3,0,0,5,10,-3,0,5,Loss,4.997002
2021-2022,2021-09-27 00:00:00,Crystal Palace,6,home,Brighton,1,1,0,8,3,0.375,0.125,8,4,0.5,0.125,12,10,1.2,2,3,0,0,6,5,-3,1,6,Draw,5.997003
2021-2022,2021-10-03 00:00:00,Crystal Palace,7,home,Leicester,2,2,0,18,4,0.2222222222222222,0.1111111111111111,9,5,0.5555555555555556,0.2222222222222222,15,11,1.3636363636363635,2,3,0,0,1,3,-3,1,7,Draw,6.997004
2021-2022,2021-10-18 00:00:00,Crystal Palace,8,away,Arsenal,2,2,0,9,6,0.6666666666666666,0.2222222222222222,17,6,0.35294117647058826,0.11764705882352941,4,7,0.5714285714285714,1,1,0,0,4,6,-3,1,8,Draw,7.997006
2021-2022,2021-10-23 00:00:00,Crystal Palace,9,home,Newcastle,1,1,0,15,3,0.2,0.06666666666666667,6,2,0.3333333333333333,0.16666666666666666,13,9,1.4444444444444444,3,4,0,0,3,7,-3,1,9,Draw,8.997003
2021-2022,2021-10-30 00:00:00,Crystal Palace,10,away,Man City,2,0,2,8,3,0.375,0.25,14,3,0.21428571428571427,0.0,11,11,1.0,3,2,0,1,1,7,-1,3,12,Win,11.999003
2021-2022,2021-11-06 00:00:00,Crystal Palace,11,home,Wolves,2,0,2,13,6,0.46153846153846156,0.15384615384615385,4,2,0.5,0.0,14,13,1.0769230769230769,2,1,0,0,4,6,1,3,15,Win,15.001006
2021-2022,2021-11-20 00:00:00,Crystal Palace,12,away,Burnley,3,3,0,18,8,0.4444444444444444,0.16666666666666666,15,9,0.6,0.2,15,14,1.0714285714285714,3,2,0,0,6,3,1,1,16,Draw,16.001008000000002
2021-2022,2021-11-27 00:00:00,Crystal Palace,13,home,Aston Villa,1,2,-1,8,3,0.375,0.125,10,3,0.3,0.2,12,10,1.2,3,3,0,0,7,3,0,0,16,Loss,16.000003
2021-2022,2021-11-30 00:00:00,Crystal Palace,14,away,Leeds,0,1,-1,9,1,0.1111111111111111,0.0,15,3,0.2,0.06666666666666667,15,15,1.0,3,5,0,0,4,7,-1,0,16,Loss,15.999001
2021-2022,2021-12-05 00:00:00,Crystal Palace,15,away,Man United,0,1,-1,8,2,0.25,0.0,16,3,0.1875,0.0625,9,16,0.5625,2,2,0,0,6,9,-2,0,16,Loss,15.998002
2021-2022,2021-12-12 00:00:00,Crystal Palace,16,home,Everton,3,1,2,17,6,0.35294117647058826,0.17647058823529413,12,6,0.5,0.08333333333333333,15,14,1.0714285714285714,0,2,0,0,8,2,0,3,19,Win,19.000006
2021-2022,2021-12-15 00:00:00,Crystal Palace,17,home,Southampton,2,2,0,9,6,0.6666666666666666,0.2222222222222222,15,4,0.26666666666666666,0.13333333333333333,16,20,0.8,2,4,0,0,4,6,0,1,20,Draw,20.000006
2021-2022,2021-12-26 00:00:00,Crystal Palace,18,away,Tottenham,0,3,-3,4,0,0.0,0.0,17,6,0.35294117647058826,0.17647058823529413,10,16,0.625,1,1,1,0,2,4,-3,0,20,Loss,19.997
2021-2022,2021-12-28 00:00:00,Crystal Palace,19,home,Norwich,3,0,3,19,6,0.3157894736842105,0.15789473684210525,12,3,0.25,0.0,9,13,0.6923076923076923,1,2,0,0,8,8,0,3,23,Win,23.000006
2021-2022,2022-01-01 00:00:00,Crystal Palace,20,home,West Ham,2,3,-1,22,6,0.2727272727272727,0.09090909090909091,10,5,0.5,0.3,6,16,0.375,0,2,0,0,9,1,-1,0,23,Loss,22.999005999999998
2021-2022,2022-01-14 00:00:00,Crystal Palace,21,away,Brighton,1,1,0,3,1,0.3333333333333333,0.3333333333333333,19,4,0.21052631578947367,0.05263157894736842,7,11,0.6363636363636364,2,0,0,0,0,9,-1,1,24,Draw,23.999001
2021-2022,2022-01-23 00:00:00,Crystal Palace,22,home,Liverpool,1,3,-2,8,5,0.625,0.125,15,7,0.4666666666666667,0.2,12,10,1.2,4,1,0,0,2,5,-3,0,24,Loss,23.997005
2021-2022,2022-02-09 00:00:00,Crystal Palace,23,away,Norwich,1,1,0,13,5,0.38461538461538464,0.07692307692307693,5,1,0.2,0.2,15,11,1.3636363636363635,2,1,0,0,6,4,-3,1,25,Draw,24.997005
2021-2022,2022-02-12 00:00:00,Crystal Palace,24,away,Brentford,0,0,0,6,3,0.5,0.0,9,2,0.2222222222222222,0.0,10,10,1.0,0,1,0,0,9,3,-3,1,26,Draw,25.997003
2021-2022,2022-02-19 00:00:00,Crystal Palace,25,home,Chelsea,0,1,-1,7,0,0.0,0.0,9,3,0.3333333333333333,0.1111111111111111,4,20,0.2,1,3,0,0,4,4,-4,0,26,Loss,25.996
2021-2022,2022-02-23 00:00:00,Crystal Palace,26,away,Watford,4,1,3,7,5,0.7142857142857143,0.5714285714285714,8,1,0.125,0.125,9,12,0.75,1,2,0,0,4,6,-1,3,29,Win,28.999005
2021-2022,2022-02-26 00:00:00,Crystal Palace,27,home,Burnley,1,1,0,11,4,0.36363636363636365,0.09090909090909091,5,1,0.2,0.2,5,17,0.29411764705882354,0,2,0,0,5,4,-1,1,30,Draw,29.999004
2021-2022,2022-03-05 00:00:00,Crystal Palace,28,away,Wolves,2,0,2,12,8,0.6666666666666666,0.16666666666666666,12,5,0.4166666666666667,0.0,8,13,0.6153846153846154,3,0,0,0,7,7,1,3,33,Win,33.001008
2021-2022,2022-03-14 00:00:00,Crystal Palace,29,home,Man City,0,0,0,7,1,0.14285714285714285,0.0,18,4,0.2222222222222222,0.0,6,11,0.5454545454545454,3,1,0,0,2,6,1,1,34,Draw,34.001000999999995
2021-2022,2022-04-04 00:00:00,Crystal Palace,30,home,Arsenal,3,0,3,6,5,0.8333333333333334,0.5,12,3,0.25,0.0,11,15,0.7333333333333333,0,2,0,0,0,2,4,3,37,Win,37.004005
2021-2022,2022-04-10 00:00:00,Crystal Palace,31,away,Leicester,1,2,-1,11,3,0.2727272727272727,0.09090909090909091,12,3,0.25,0.16666666666666666,12,11,1.0909090909090908,1,1,0,0,4,3,3,0,37,Loss,37.003003
2021-2022,2022-04-20 00:00:00,Crystal Palace,32,away,Newcastle,0,1,-1,10,2,0.2,0.0,13,4,0.3076923076923077,0.07692307692307693,12,12,1.0,1,1,0,0,5,2,2,0,37,Loss,37.002002000000005
2021-2022,2022-04-25 00:00:00,Crystal Palace,33,home,Leeds,0,0,0,17,7,0.4117647058823529,0.0,9,2,0.2222222222222222,0.0,12,13,0.9230769230769231,2,2,0,0,6,3,2,1,38,Draw,38.002007
2021-2022,2022-04-30 00:00:00,Crystal Palace,34,away,Southampton,2,1,1,14,5,0.35714285714285715,0.14285714285714285,8,3,0.375,0.125,11,13,0.8461538461538461,3,1,0,0,7,6,3,3,41,Win,41.003005
2021-2022,2022-05-07 00:00:00,Crystal Palace,35,home,Watford,1,0,1,15,7,0.4666666666666667,0.06666666666666667,6,1,0.16666666666666666,0.0,11,18,0.6111111111111112,2,1,0,1,8,5,4,3,44,Win,44.004006999999994
2021-2022,2022-05-15 00:00:00,Crystal Palace,36,away,Aston Villa,1,1,0,16,4,0.25,0.0625,13,4,0.3076923076923077,0.07692307692307693,15,11,1.3636363636363635,3,1,0,0,5,1,4,1,45,Draw,45.004003999999995
2021-2022,2022-05-19 00:00:00,Crystal Palace,37,away,Everton,2,3,-1,7,5,0.7142857142857143,0.2857142857142857,12,6,0.5,0.25,13,9,1.4444444444444444,3,2,0,0,5,4,3,0,45,Loss,45.003005
2021-2022,2022-05-22 00:00:00,Crystal Palace,38,home,Man United,1,0,1,6,3,0.5,0.16666666666666666,10,4,0.4,0.0,12,22,0.5454545454545454,2,4,0,0,3,6,4,3,48,Win,48.004003
2021-2022,2021-08-14 00:00:00,Everton,1,home,Southampton,3,1,2,14,6,0.42857142857142855,0.21428571428571427,6,3,0.5,0.16666666666666666,13,15,0.8666666666666667,2,0,0,0,6,8,2,3,3,Win,3.0020059999999997
2021-2022,2021-08-21 00:00:00,Everton,2,away,Leeds,2,2,0,17,8,0.47058823529411764,0.11764705882352941,17,4,0.23529411764705882,0.11764705882352941,13,6,2.1666666666666665,4,2,0,0,5,8,2,1,4,Draw,4.002008
2021-2022,2021-08-28 00:00:00,Everton,3,away,Brighton,2,0,2,14,5,0.35714285714285715,0.14285714285714285,14,3,0.21428571428571427,0.0,9,7,1.2857142857142858,2,1,0,0,5,4,4,3,7,Win,7.004004999999999
2021-2022,2021-09-13 00:00:00,Everton,4,home,Burnley,3,1,2,14,6,0.42857142857142855,0.21428571428571427,11,6,0.5454545454545454,0.09090909090909091,3,6,0.5,1,1,0,0,4,6,6,3,10,Win,10.006006000000001
2021-2022,2021-09-18 00:00:00,Everton,5,away,Aston Villa,0,3,-3,11,1,0.09090909090909091,0.0,15,3,0.2,0.2,10,7,1.4285714285714286,1,1,0,0,4,5,3,0,10,Loss,10.003001
2021-2022,2021-09-25 00:00:00,Everton,6,home,Norwich,2,0,2,11,4,0.36363636363636365,0.18181818181818182,10,2,0.2,0.0,12,9,1.3333333333333333,2,3,0,0,6,4,5,3,13,Win,13.005004000000001
2021-2022,2021-10-02 00:00:00,Everton,7,away,Man United,1,1,0,12,2,0.16666666666666666,0.08333333333333333,13,6,0.46153846153846156,0.07692307692307693,9,10,0.9,1,1,0,0,1,10,5,1,14,Draw,14.005002000000001
2021-2022,2021-10-17 00:00:00,Everton,8,home,West Ham,0,1,-1,15,2,0.13333333333333333,0.0,16,4,0.25,0.0625,3,3,1.0,0,2,0,0,7,9,4,0,14,Loss,14.004002
2021-2022,2021-10-23 00:00:00,Everton,9,home,Watford,2,5,-3,15,4,0.26666666666666666,0.13333333333333333,20,8,0.4,0.25,9,13,0.6923076923076923,4,3,0,0,3,5,1,0,14,Loss,14.001004
2021-2022,2021-11-01 00:00:00,Everton,10,away,Wolves,1,2,-1,14,5,0.35714285714285715,0.07142857142857142,10,4,0.4,0.2,8,10,0.8,1,1,0,0,3,4,0,0,14,Loss,14.000005
2021-2022,2021-11-07 00:00:00,Everton,11,home,Tottenham,0,0,0,12,2,0.16666666666666666,0.0,8,0,0.0,0.0,13,17,0.7647058823529411,2,4,1,0,4,2,0,1,15,Draw,15.000002
2021-2022,2021-11-21 00:00:00,Everton,12,away,Man City,0,3,-3,4,1,0.25,0.0,17,7,0.4117647058823529,0.17647058823529413,7,5,1.4,1,1,0,0,1,7,-3,0,15,Loss,14.997001
2021-2022,2021-11-28 00:00:00,Everton,13,away,Brentford,0,1,-1,14,5,0.35714285714285715,0.0,6,4,0.6666666666666666,0.16666666666666666,11,8,1.375,3,4,0,0,3,3,-4,0,15,Loss,14.996005
2021-2022,2021-12-01 00:00:00,Everton,14,home,Liverpool,1,4,-3,8,2,0.25,0.125,16,7,0.4375,0.25,8,16,0.5,4,3,0,0,3,11,-7,0,15,Loss,14.993002
2021-2022,2021-12-06 00:00:00,Everton,15,home,Arsenal,2,1,1,11,5,0.45454545454545453,0.18181818181818182,10,3,0.3,0.1,8,12,0.6666666666666666,2,2,0,0,3,3,-6,3,18,Win,17.994005
2021-2022,2021-12-12 00:00:00,Everton,16,away,Crystal Palace,1,3,-2,12,6,0.5,0.08333333333333333,17,6,0.35294117647058826,0.17647058823529413,14,15,0.9333333333333333,2,0,0,0,2,8,-8,0,18,Loss,17.992006
2021-2022,2021-12-16 00:00:00,Everton,17,away,Chelsea,1,1,0,5,3,0.6,0.2,23,10,0.43478260869565216,0.043478260869565216,11,11,1.0,3,2,0,0,1,7,-8,1,19,Draw,18.992003
2021-2022,2022-01-02 00:00:00,Everton,18,home,Brighton,2,3,-1,17,6,0.35294117647058826,0.11764705882352941,12,5,0.4166666666666667,0.25,5,12,0.4166666666666667,1,1,0,0,8,5,-9,0,19,Loss,18.991006
2021-2022,2022-01-15 00:00:00,Everton,19,away,Norwich,1,2,-1,12,5,0.4166666666666667,0.08333333333333333,14,3,0.21428571428571427,0.14285714285714285,14,12,1.1666666666666667,1,3,0,0,8,8,-10,0,19,Loss,18.990005
2021-2022,2022-01-22 00:00:00,Everton,20,home,Aston Villa,0,1,-1,15,1,0.06666666666666667,0.0,8,3,0.375,0.125,14,16,0.875,5,3,0,0,9,2,-11,0,19,Loss,18.989001000000002
2021-2022,2022-02-08 00:00:00,Everton,21,away,Newcastle,1,3,-2,11,3,0.2727272727272727,0.09090909090909091,20,9,0.45,0.15,13,13,1.0,3,2,0,0,2,6,-13,0,19,Loss,18.987002999999998
2021-2022,2022-02-12 00:00:00,Everton,22,home,Leeds,3,0,3,21,10,0.47619047619047616,0.14285714285714285,7,0,0.0,0.0,8,9,0.8888888888888888,1,1,0,0,5,3,-10,3,22,Win,21.990009999999998
2021-2022,2022-02-19 00:00:00,Everton,23,away,Southampton,0,2,-2,9,0,0.0,0.0,19,11,0.5789473684210527,0.10526315789473684,9,6,1.5,2,0,0,0,4,4,-12,0,22,Loss,21.988
2021-2022,2022-02-26 00:00:00,Everton,24,home,Man City,0,1,-1,6,2,0.3333333333333333,0.0,13,8,0.6153846153846154,0.07692307692307693,7,14,0.5,3,2,0,0,3,4,-13,0,22,Loss,21.987001999999997
2021-2022,2022-03-07 00:00:00,Everton,25,away,Tottenham,0,5,-5,6,0,0.0,0.0,14,7,0.5,0.35714285714285715,10,15,0.6666666666666666,0,2,0,0,2,5,-18,0,22,Loss,21.982
2021-2022,2022-03-13 00:00:00,Everton,26,home,Wolves,0,1,-1,8,2,0.25,0.0,14,3,0.21428571428571427,0.07142857142857142,13,11,1.1818181818181819,2,1,1,0,5,2,-19,0,22,Loss,21.981002
2021-2022,2022-03-17 00:00:00,Everton,27,home,Newcastle,1,0,1,9,3,0.3333333333333333,0.1111111111111111,17,6,0.35294117647058826,0.0,13,11,1.1818181818181819,2,1,1,0,5,7,-18,3,25,Win,24.982003
2021-2022,2022-04-03 00:00:00,Everton,28,away,West Ham,1,2,-1,13,2,0.15384615384615385,0.07692307692307693,11,5,0.45454545454545453,0.18181818181818182,12,9,1.3333333333333333,1,1,1,0,4,2,-19,0,25,Loss,24.981002
2021-2022,2022-04-06 00:00:00,Everton,29,away,Burnley,2,3,-1,16,4,0.25,0.125,13,4,0.3076923076923077,0.23076923076923078,16,11,1.4545454545454546,2,2,0,0,6,9,-20,0,25,Loss,24.980004
2021-2022,2022-04-09 00:00:00,Everton,30,home,Man United,1,0,1,7,3,0.42857142857142855,0.14285714285714285,12,4,0.3333333333333333,0.0,4,10,0.4,2,2,0,0,5,7,-19,3,28,Win,27.981003
2021-2022,2022-04-20 00:00:00,Everton,31,home,Leicester,1,1,0,13,3,0.23076923076923078,0.07692307692307693,11,3,0.2727272727272727,0.09090909090909091,8,17,0.47058823529411764,3,1,0,0,5,4,-19,1,29,Draw,28.981003
2021-2022,2022-04-24 00:00:00,Everton,32,away,Liverpool,0,2,-2,9,1,0.1111111111111111,0.0,18,4,0.2222222222222222,0.1111111111111111,8,8,1.0,5,2,0,0,1,13,-21,0,29,Loss,28.979001
2021-2022,2022-05-01 00:00:00,Everton,33,home,Chelsea,1,0,1,9,4,0.4444444444444444,0.1111111111111111,17,5,0.29411764705882354,0.0,9,12,0.75,3,5,0,0,3,8,-20,3,32,Win,31.980004
2021-2022,2022-05-08 00:00:00,Everton,34,away,Leicester,2,1,1,10,4,0.4,0.2,16,9,0.5625,0.0625,6,11,0.5454545454545454,0,3,0,0,1,6,-19,3,35,Win,34.981004
2021-2022,2022-05-11 00:00:00,Everton,35,away,Watford,0,0,0,16,5,0.3125,0.0,6,0,0.0,0.0,12,5,2.4,2,1,0,0,13,1,-19,1,36,Draw,35.981005
2021-2022,2022-05-15 00:00:00,Everton,36,home,Brentford,2,3,-1,10,5,0.5,0.2,18,7,0.3888888888888889,0.16666666666666666,8,8,1.0,0,3,2,0,5,2,-20,0,36,Loss,35.980005
2021-2022,2022-05-19 00:00:00,Everton,37,home,Crystal Palace,3,2,1,12,6,0.5,0.25,7,5,0.7142857142857143,0.2857142857142857,9,13,0.6923076923076923,2,3,0,0,4,5,-19,3,39,Win,38.981006
2021-2022,2022-05-22 00:00:00,Everton,38,away,Arsenal,1,5,-4,6,2,0.3333333333333333,0.16666666666666666,26,9,0.34615384615384615,0.19230769230769232,9,8,1.125,1,0,0,0,2,12,-23,0,39,Loss,38.977002
2021-2022,2021-08-14 00:00:00,Leeds,1,away,Man United,1,5,-4,10,3,0.3,0.1,16,8,0.5,0.3125,9,11,0.8181818181818182,2,1,0,0,4,5,-4,0,0,Loss,-0.003997
2021-2022,2021-08-21 00:00:00,Leeds,2,home,Everton,2,2,0,17,4,0.23529411764705882,0.11764705882352941,17,8,0.47058823529411764,0.11764705882352941,6,13,0.46153846153846156,2,4,0,0,8,5,-4,1,1,Draw,0.996004
2021-2022,2021-08-29 00:00:00,Leeds,3,away,Burnley,1,1,0,12,2,0.16666666666666666,0.08333333333333333,12,3,0.25,0.08333333333333333,9,13,0.6923076923076923,3,4,0,0,5,5,-4,1,2,Draw,1.996002
2021-2022,2021-09-12 00:00:00,Leeds,4,home,Liverpool,0,3,-3,9,4,0.4444444444444444,0.0,30,9,0.3,0.1,9,8,1.125,2,1,1,0,2,11,-7,0,2,Loss,1.993004
2021-2022,2021-09-17 00:00:00,Leeds,5,away,Newcastle,1,1,0,22,9,0.4090909090909091,0.045454545454545456,17,7,0.4117647058823529,0.058823529411764705,11,9,1.2222222222222223,2,2,0,0,5,4,-7,1,3,Draw,2.993009
2021-2022,2021-09-25 00:00:00,Leeds,6,home,West Ham,1,2,-1,15,5,0.3333333333333333,0.06666666666666667,20,7,0.35,0.1,10,6,1.6666666666666667,3,2,0,0,5,7,-8,0,3,Loss,2.992005
2021-2022,2021-10-02 00:00:00,Leeds,7,home,Watford,1,0,1,20,4,0.2,0.05,5,1,0.2,0.0,10,16,0.625,0,3,0,0,6,3,-7,3,6,Win,5.993004
2021-2022,2021-10-16 00:00:00,Leeds,8,away,Southampton,0,1,-1,3,0,0.0,0.0,19,5,0.2631578947368421,0.05263157894736842,14,16,0.875,3,2,0,0,1,8,-8,0,6,Loss,5.992
2021-2022,2021-10-23 00:00:00,Leeds,9,home,Wolves,1,1,0,18,4,0.2222222222222222,0.05555555555555555,8,4,0.5,0.125,15,14,1.0714285714285714,2,3,0,0,6,3,-8,1,7,Draw,6.992004
2021-2022,2021-10-31 00:00:00,Leeds,10,away,Norwich,2,1,1,13,6,0.46153846153846156,0.15384615384615385,14,3,0.21428571428571427,0.07142857142857142,23,14,1.6428571428571428,4,1,0,0,0,5,-7,3,10,Win,9.993006000000001
2021-2022,2021-11-07 00:00:00,Leeds,11,home,Leicester,1,1,0,18,5,0.2777777777777778,0.05555555555555555,9,3,0.3333333333333333,0.1111111111111111,12,5,2.4,1,1,0,0,10,5,-7,1,11,Draw,10.993005
2021-2022,2021-11-21 00:00:00,Leeds,12,away,Tottenham,1,2,-1,18,7,0.3888888888888889,0.05555555555555555,13,4,0.3076923076923077,0.15384615384615385,12,11,1.0909090909090908,4,1,0,0,8,4,-8,0,11,Loss,10.992007000000001
2021-2022,2021-11-27 00:00:00,Leeds,13,away,Brighton,0,0,0,11,4,0.36363636363636365,0.0,20,4,0.2,0.0,14,12,1.1666666666666667,3,1,0,0,1,6,-8,1,12,Draw,11.992004000000001
2021-2022,2021-11-30 00:00:00,Leeds,14,home,Crystal Palace,1,0,1,15,3,0.2,0.06666666666666667,9,1,0.1111111111111111,0.0,15,15,1.0,5,3,0,0,7,4,-7,3,15,Win,14.993003
2021-2022,2021-12-05 00:00:00,Leeds,15,home,Brentford,2,2,0,13,6,0.46153846153846156,0.15384615384615385,9,3,0.3333333333333333,0.2222222222222222,11,9,1.2222222222222223,5,3,0,0,5,1,-7,1,16,Draw,15.993006000000001
2021-2022,2021-12-11 00:00:00,Leeds,16,away,Chelsea,2,3,-1,12,5,0.4166666666666667,0.16666666666666666,16,6,0.375,0.1875,15,9,1.6666666666666667,5,2,0,0,2,5,-8,0,16,Loss,15.992005
2021-2022,2021-12-14 00:00:00,Leeds,17,away,Man City,0,7,-7,6,3,0.5,0.0,31,15,0.4838709677419355,0.22580645161290322,9,5,1.8,1,1,0,0,2,6,-15,0,16,Loss,15.985002999999999
2021-2022,2021-12-18 00:00:00,Leeds,18,home,Arsenal,1,4,-3,9,2,0.2222222222222222,0.1111111111111111,21,12,0.5714285714285714,0.19047619047619047,11,7,1.5714285714285714,3,1,0,0,1,4,-18,0,16,Loss,15.982002
2021-2022,2022-01-02 00:00:00,Leeds,19,home,Burnley,3,1,2,22,7,0.3181818181818182,0.13636363636363635,8,2,0.25,0.125,11,7,1.5714285714285714,2,1,0,0,9,3,-16,3,19,Win,18.984007000000002
2021-2022,2022-01-16 00:00:00,Leeds,20,away,West Ham,3,2,1,18,5,0.2777777777777778,0.16666666666666666,15,5,0.3333333333333333,0.13333333333333333,9,6,1.5,2,3,0,0,3,4,-15,3,22,Win,21.985005
2021-2022,2022-01-22 00:00:00,Leeds,21,home,Newcastle,0,1,-1,13,4,0.3076923076923077,0.0,15,3,0.2,0.06666666666666667,9,9,1.0,4,2,0,0,6,7,-16,0,22,Loss,21.984004000000002
2021-2022,2022-02-09 00:00:00,Leeds,22,away,Aston Villa,3,3,0,16,8,0.5,0.1875,12,4,0.3333333333333333,0.25,9,11,0.8181818181818182,3,1,0,1,11,6,-16,1,23,Draw,22.984008000000003
2021-2022,2022-02-12 00:00:00,Leeds,23,away,Everton,0,3,-3,7,0,0.0,0.0,21,10,0.47619047619047616,0.14285714285714285,9,8,1.125,1,1,0,0,3,5,-19,0,23,Loss,22.981
2021-2022,2022-02-20 00:00:00,Leeds,24,home,Man United,2,4,-2,16,6,0.375,0.125,15,9,0.6,0.26666666666666666,13,19,0.6842105263157895,6,3,0,0,3,3,-21,0,23,Loss,22.979006
2021-2022,2022-02-23 00:00:00,Leeds,25,away,Liverpool,0,6,-6,3,2,0.6666666666666666,0.0,23,15,0.6521739130434783,0.2608695652173913,11,5,2.2,3,0,0,0,0,4,-27,0,23,Loss,22.973001999999997
2021-2022,2022-02-26 00:00:00,Leeds,26,home,Tottenham,0,4,-4,19,3,0.15789473684210525,0.0,15,11,0.7333333333333333,0.26666666666666666,16,11,1.4545454545454546,4,2,0,0,3,6,-31,0,23,Loss,22.969003
2021-2022,2022-03-05 00:00:00,Leeds,27,away,Leicester,0,1,-1,19,4,0.21052631578947367,0.0,7,4,0.5714285714285714,0.14285714285714285,12,9,1.3333333333333333,2,1,0,0,10,5,-32,0,23,Loss,22.968004
2021-2022,2022-03-10 00:00:00,Leeds,28,home,Aston Villa,0,3,-3,4,1,0.25,0.0,15,9,0.6,0.2,17,11,1.5454545454545454,5,3,0,0,3,5,-35,0,23,Loss,22.965001
2021-2022,2022-03-13 00:00:00,Leeds,29,home,Norwich,2,1,1,13,7,0.5384615384615384,0.15384615384615385,12,4,0.3333333333333333,0.08333333333333333,18,8,2.25,3,1,0,0,6,2,-34,3,26,Win,25.966007
2021-2022,2022-03-18 00:00:00,Leeds,30,away,Wolves,3,2,1,15,6,0.4,0.2,14,8,0.5714285714285714,0.14285714285714285,14,13,1.0769230769230769,4,1,0,1,5,2,-33,3,29,Win,28.967005999999998
2021-2022,2022-04-02 00:00:00,Leeds,31,home,Southampton,1,1,0,12,3,0.25,0.08333333333333333,14,6,0.42857142857142855,0.07142857142857142,14,7,2.0,1,1,0,0,4,7,-33,1,30,Draw,29.967003
2021-2022,2022-04-09 00:00:00,Leeds,32,away,Watford,3,0,3,10,5,0.5,0.3,8,1,0.125,0.0,12,8,1.5,0,2,0,0,8,3,-30,3,33,Win,32.970005
2021-2022,2022-04-25 00:00:00,Leeds,33,away,Crystal Palace,0,0,0,9,2,0.2222222222222222,0.0,17,7,0.4117647058823529,0.0,13,12,1.0833333333333333,2,2,0,0,3,6,-30,1,34,Draw,33.970002
2021-2022,2022-04-30 00:00:00,Leeds,34,home,Man City,0,4,-4,7,2,0.2857142857142857,0.0,19,6,0.3157894736842105,0.21052631578947367,13,3,4.333333333333333,1,2,0,0,3,6,-34,0,34,Loss,33.966002
2021-2022,2022-05-08 00:00:00,Leeds,35,away,Arsenal,1,2,-1,3,2,0.6666666666666666,0.3333333333333333,19,9,0.47368421052631576,0.10526315789473684,15,13,1.1538461538461537,2,2,1,0,2,8,-35,0,34,Loss,33.965002000000005
2021-2022,2022-05-11 00:00:00,Leeds,36,home,Chelsea,0,3,-3,5,0,0.0,0.0,17,4,0.23529411764705882,0.17647058823529413,10,14,0.7142857142857143,1,0,1,0,1,5,-38,0,34,Loss,33.962
2021-2022,2022-05-15 00:00:00,Leeds,37,home,Brighton,1,1,0,19,5,0.2631578947368421,0.05263157894736842,16,6,0.375,0.0625,16,8,2.0,3,2,0,0,8,1,-38,1,35,Draw,34.962005000000005
2021-2022,2022-05-22 00:00:00,Leeds,38,away,Brentford,2,1,1,14,6,0.42857142857142855,0.14285714285714285,14,5,0.35714285714285715,0.07142857142857142,13,11,1.1818181818181819,1,2,0,1,2,3,-37,3,38,Win,37.963006
2021-2022,2021-08-14 00:00:00,Leicester,1,home,Wolves,1,0,1,9,5,0.5555555555555556,0.1111111111111111,17,3,0.17647058823529413,0.0,6,10,0.6,1,2,0,0,5,4,1,3,3,Win,3.0010049999999997
2021-2022,2021-08-23 00:00:00,Leicester,2,away,West Ham,1,4,-3,5,1,0.2,0.2,13,7,0.5384615384615384,0.3076923076923077,8,8,1.0,1,0,1,0,0,10,-2,0,3,Loss,2.9980010000000004
2021-2022,2021-08-28 00:00:00,Leicester,3,away,Norwich,2,1,1,9,3,0.3333333333333333,0.2222222222222222,14,4,0.2857142857142857,0.07142857142857142,9,8,1.125,1,2,0,0,9,9,-1,3,6,Win,5.999003
2021-2022,2021-09-11 00:00:00,Leicester,4,home,Man City,0,1,-1,6,1,0.16666666666666666,0.0,25,8,0.32,0.04,4,11,0.36363636363636365,1,2,0,0,5,8,-2,0,6,Loss,5.998001
2021-2022,2021-09-19 00:00:00,Leicester,5,away,Brighton,1,2,-1,14,3,0.21428571428571427,0.07142857142857142,12,5,0.4166666666666667,0.16666666666666666,10,8,1.25,1,2,0,0,9,4,-3,0,6,Loss,5.997003
2021-2022,2021-09-25 00:00:00,Leicester,6,home,Burnley,2,2,0,22,5,0.22727272727272727,0.09090909090909091,9,3,0.3333333333333333,0.2222222222222222,10,8,1.25,2,4,0,0,8,4,-3,1,7,Draw,6.997005
2021-2022,2021-10-03 00:00:00,Leicester,7,away,Crystal Palace,2,2,0,9,5,0.5555555555555556,0.2222222222222222,18,4,0.2222222222222222,0.1111111111111111,11,15,0.7333333333333333,3,2,0,0,3,1,-3,1,8,Draw,7.997005
2021-2022,2021-10-16 00:00:00,Leicester,8,home,Man United,4,2,2,22,11,0.5,0.18181818181818182,18,6,0.3333333333333333,0.1111111111111111,5,17,0.29411764705882354,0,3,0,0,4,3,-1,3,11,Win,10.999011000000001
2021-2022,2021-10-24 00:00:00,Leicester,9,away,Brentford,2,1,1,10,6,0.6,0.2,15,5,0.3333333333333333,0.06666666666666667,7,13,0.5384615384615384,1,1,0,0,2,9,0,3,14,Win,14.000006
2021-2022,2021-10-30 00:00:00,Leicester,10,home,Arsenal,0,2,-2,16,8,0.5,0.0,9,5,0.5555555555555556,0.2222222222222222,8,11,0.7272727272727273,2,0,0,0,7,6,-2,0,14,Loss,13.998007999999999
2021-2022,2021-11-07 00:00:00,Leicester,11,away,Leeds,1,1,0,9,3,0.3333333333333333,0.1111111111111111,18,5,0.2777777777777778,0.05555555555555555,5,12,0.4166666666666667,1,1,0,0,5,10,-2,1,15,Draw,14.998002999999999
2021-2022,2021-11-20 00:00:00,Leicester,12,home,Chelsea,0,3,-3,4,3,0.75,0.0,16,7,0.4375,0.1875,15,8,1.875,3,1,0,0,3,5,-5,0,15,Loss,14.995002999999999
2021-2022,2021-11-28 00:00:00,Leicester,13,home,Watford,4,2,2,18,8,0.4444444444444444,0.2222222222222222,16,5,0.3125,0.125,5,19,0.2631578947368421,0,0,0,0,8,6,-3,3,18,Win,17.997008
2021-2022,2021-12-01 00:00:00,Leicester,14,away,Southampton,2,2,0,15,6,0.4,0.13333333333333333,15,7,0.4666666666666667,0.13333333333333333,11,14,0.7857142857142857,3,1,0,0,4,2,-3,1,19,Draw,18.997006
2021-2022,2021-12-05 00:00:00,Leicester,15,away,Aston Villa,1,2,-1,12,5,0.4166666666666667,0.08333333333333333,13,4,0.3076923076923077,0.15384615384615385,25,8,3.125,1,1,0,0,6,3,-4,0,19,Loss,18.996005
2021-2022,2021-12-12 00:00:00,Leicester,16,home,Newcastle,4,0,4,8,5,0.625,0.5,12,3,0.25,0.0,9,16,0.5625,2,3,0,0,4,6,0,3,22,Win,22.000005
2021-2022,2021-12-26 00:00:00,Leicester,17,away,Man City,3,6,-3,14,8,0.5714285714285714,0.21428571428571427,17,9,0.5294117647058824,0.35294117647058826,9,11,0.8181818181818182,2,1,0,0,4,14,-3,0,22,Loss,21.997008
2021-2022,2021-12-28 00:00:00,Leicester,18,home,Liverpool,1,0,1,6,1,0.16666666666666666,0.16666666666666666,21,4,0.19047619047619047,0.0,8,11,0.7272727272727273,0,1,0,0,1,12,-2,3,25,Win,24.998001000000002
2021-2022,2022-01-19 00:00:00,Leicester,19,home,Tottenham,2,3,-1,14,4,0.2857142857142857,0.14285714285714285,27,10,0.37037037037037035,0.1111111111111111,6,12,0.5,1,2,0,0,3,8,-3,0,25,Loss,24.997004
2021-2022,2022-01-23 00:00:00,Leicester,20,home,Brighton,1,1,0,15,5,0.3333333333333333,0.06666666666666667,14,5,0.35714285714285715,0.07142857142857142,6,8,0.75,0,1,0,0,4,5,-3,1,26,Draw,25.997005
2021-2022,2022-02-10 00:00:00,Leicester,21,away,Liverpool,0,2,-2,5,1,0.2,0.0,22,11,0.5,0.09090909090909091,7,11,0.6363636363636364,0,1,0,0,6,7,-5,0,26,Loss,25.995001000000002
2021-2022,2022-02-13 00:00:00,Leicester,22,home,West Ham,2,2,0,13,2,0.15384615384615385,0.15384615384615385,8,3,0.375,0.25,10,9,1.1111111111111112,1,2,0,0,5,4,-5,1,27,Draw,26.995002
2021-2022,2022-02-20 00:00:00,Leicester,23,away,Wolves,1,2,-1,17,7,0.4117647058823529,0.058823529411764705,11,3,0.2727272727272727,0.18181818181818182,9,12,0.75,4,4,0,0,10,7,-6,0,27,Loss,26.994007
2021-2022,2022-03-01 00:00:00,Leicester,24,away,Burnley,2,0,2,22,6,0.2727272727272727,0.09090909090909091,9,2,0.2222222222222222,0.0,13,10,1.3,1,1,0,0,8,6,-4,3,30,Win,29.996005999999998
2021-2022,2022-03-05 00:00:00,Leicester,25,home,Leeds,1,0,1,7,4,0.5714285714285714,0.14285714285714285,19,4,0.21052631578947367,0.0,9,12,0.75,1,2,0,0,5,10,-3,3,33,Win,32.997004
2021-2022,2022-03-13 00:00:00,Leicester,26,away,Arsenal,0,2,-2,6,3,0.5,0.0,21,8,0.38095238095238093,0.09523809523809523,10,8,1.25,3,0,0,0,6,2,-5,0,33,Loss,32.995003
2021-2022,2022-03-20 00:00:00,Leicester,27,home,Brentford,2,1,1,12,4,0.3333333333333333,0.16666666666666666,15,6,0.4,0.06666666666666667,10,10,1.0,1,2,0,0,2,5,-4,3,36,Win,35.996004
2021-2022,2022-04-02 00:00:00,Leicester,28,away,Man United,1,1,0,11,3,0.2727272727272727,0.09090909090909091,11,5,0.45454545454545453,0.09090909090909091,6,13,0.46153846153846156,2,2,0,0,5,6,-4,1,37,Draw,36.996003
2021-2022,2022-04-10 00:00:00,Leicester,29,home,Crystal Palace,2,1,1,12,3,0.25,0.16666666666666666,11,3,0.2727272727272727,0.09090909090909091,11,12,0.9166666666666666,1,1,0,0,3,4,-3,3,40,Win,39.997003
2021-2022,2022-04-17 00:00:00,Leicester,30,away,Newcastle,1,2,-1,8,2,0.25,0.125,16,7,0.4375,0.125,10,10,1.0,2,2,0,0,5,3,-4,0,40,Loss,39.996002000000004
2021-2022,2022-04-20 00:00:00,Leicester,31,away,Everton,1,1,0,11,3,0.2727272727272727,0.09090909090909091,13,3,0.23076923076923078,0.07692307692307693,17,8,2.125,1,3,0,0,4,5,-4,1,41,Draw,40.996003
2021-2022,2022-04-23 00:00:00,Leicester,32,home,Aston Villa,0,0,0,5,2,0.4,0.0,11,3,0.2727272727272727,0.0,15,16,0.9375,3,2,0,0,7,6,-4,1,42,Draw,41.996002000000004
2021-2022,2022-05-01 00:00:00,Leicester,33,away,Tottenham,1,3,-2,6,2,0.3333333333333333,0.16666666666666666,13,7,0.5384615384615384,0.23076923076923078,8,13,0.6153846153846154,3,2,0,0,3,7,-6,0,42,Loss,41.994002
2021-2022,2022-05-08 00:00:00,Leicester,34,home,Everton,1,2,-1,16,9,0.5625,0.0625,10,4,0.4,0.2,11,6,1.8333333333333333,3,0,0,0,6,1,-7,0,42,Loss,41.993009
2021-2022,2022-05-11 00:00:00,Leicester,35,home,Norwich,3,0,3,20,8,0.4,0.15,9,5,0.5555555555555556,0.0,10,5,2.0,0,0,0,0,10,2,-4,3,45,Win,44.996008
2021-2022,2022-05-15 00:00:00,Leicester,36,away,Watford,5,1,4,13,7,0.5384615384615384,0.38461538461538464,13,5,0.38461538461538464,0.07692307692307693,6,4,1.5,1,0,0,0,3,7,0,3,48,Win,48.000007
2021-2022,2022-05-19 00:00:00,Leicester,37,away,Chelsea,1,1,0,2,1,0.5,0.5,20,7,0.35,0.05,7,13,0.5384615384615384,1,4,0,0,0,6,0,1,49,Draw,49.000001
2021-2022,2022-05-22 00:00:00,Leicester,38,home,Southampton,4,1,3,12,6,0.5,0.3333333333333333,7,2,0.2857142857142857,0.14285714285714285,10,5,2.0,0,1,0,0,3,3,3,3,52,Win,52.003006
2021-2022,2021-08-14 00:00:00,Liverpool,1,away,Norwich,3,0,3,19,8,0.42105263157894735,0.15789473684210525,14,3,0.21428571428571427,0.0,14,4,3.5,1,1,0,0,11,3,3,3,3,Win,3.003008
2021-2022,2021-08-21 00:00:00,Liverpool,2,home,Burnley,2,0,2,27,9,0.3333333333333333,0.07407407407407407,9,3,0.3333333333333333,0.0,6,12,0.5,0,0,0,0,8,4,5,3,6,Win,6.005009
2021-2022,2021-08-28 00:00:00,Liverpool,3,home,Chelsea,1,1,0,24,7,0.2916666666666667,0.041666666666666664,6,3,0.5,0.16666666666666666,13,4,3.25,0,2,0,1,12,3,5,1,7,Draw,7.005007
2021-2022,2021-09-12 00:00:00,Liverpool,4,away,Leeds,3,0,3,30,9,0.3,0.1,9,4,0.4444444444444444,0.0,8,9,0.8888888888888888,1,2,0,1,11,2,8,3,10,Win,10.008009
2021-2022,2021-09-18 00:00:00,Liverpool,5,home,Crystal Palace,3,0,3,25,10,0.4,0.12,13,2,0.15384615384615385,0.0,17,11,1.5454545454545454,3,1,0,0,10,5,11,3,13,Win,13.011009999999999
2021-2022,2021-09-25 00:00:00,Liverpool,6,away,Brentford,3,3,0,16,6,0.375,0.1875,12,4,0.3333333333333333,0.25,7,8,0.875,1,1,0,0,11,2,11,1,14,Draw,14.011006
2021-2022,2021-10-03 00:00:00,Liverpool,7,home,Man City,2,2,0,6,4,0.6666666666666666,0.3333333333333333,12,3,0.25,0.16666666666666666,10,12,0.8333333333333334,3,3,0,0,3,4,11,1,15,Draw,15.011004
2021-2022,2021-10-16 00:00:00,Liverpool,8,away,Watford,5,0,5,19,8,0.42105263157894735,0.2631578947368421,6,2,0.3333333333333333,0.0,10,4,2.5,0,0,0,0,9,1,16,3,18,Win,18.016008
2021-2022,2021-10-24 00:00:00,Liverpool,9,away,Man United,5,0,5,19,8,0.42105263157894735,0.2631578947368421,12,4,0.3333333333333333,0.0,8,10,0.8,0,6,0,1,3,6,21,3,21,Win,21.021008000000002
2021-2022,2021-10-30 00:00:00,Liverpool,10,home,Brighton,2,2,0,14,3,0.21428571428571427,0.14285714285714285,9,6,0.6666666666666666,0.2222222222222222,8,5,1.6,2,2,0,0,5,3,21,1,22,Draw,22.021003
2021-2022,2021-11-07 00:00:00,Liverpool,11,away,West Ham,2,3,-1,16,5,0.3125,0.125,7,3,0.42857142857142855,0.42857142857142855,6,11,0.5454545454545454,1,1,0,0,2,3,20,0,22,Loss,22.020005
2021-2022,2021-11-20 00:00:00,Liverpool,12,home,Arsenal,4,0,4,19,9,0.47368421052631576,0.21052631578947367,5,3,0.6,0.0,15,12,1.25,2,0,0,0,6,1,24,3,25,Win,25.024009
2021-2022,2021-11-27 00:00:00,Liverpool,13,home,Southampton,4,0,4,20,6,0.3,0.2,7,3,0.42857142857142855,0.0,7,14,0.5,0,1,0,0,5,7,28,3,28,Win,28.028005999999998
2021-2022,2021-12-01 00:00:00,Liverpool,14,away,Everton,4,1,3,16,7,0.4375,0.25,8,2,0.25,0.125,16,8,2.0,3,4,0,0,11,3,31,3,31,Win,31.031007
2021-2022,2021-12-04 00:00:00,Liverpool,15,away,Wolves,1,0,1,17,5,0.29411764705882354,0.058823529411764705,3,1,0.3333333333333333,0.0,7,4,1.75,2,2,0,0,8,2,32,3,34,Win,34.032005
2021-2022,2021-12-11 00:00:00,Liverpool,16,home,Aston Villa,1,0,1,20,5,0.25,0.05,4,0,0.0,0.0,13,6,2.1666666666666665,1,2,0,0,11,3,33,3,37,Win,37.033005
2021-2022,2021-12-16 00:00:00,Liverpool,17,home,Newcastle,3,1,2,23,8,0.34782608695652173,0.13043478260869565,4,2,0.5,0.25,9,4,2.25,1,3,0,0,11,0,35,3,40,Win,40.035008
2021-2022,2021-12-19 00:00:00,Liverpool,18,away,Tottenham,2,2,0,18,6,0.3333333333333333,0.1111111111111111,10,5,0.5,0.2,11,12,0.9166666666666666,4,4,1,0,4,6,35,1,41,Draw,41.035005999999996
2021-2022,2021-12-28 00:00:00,Liverpool,19,away,Leicester,0,1,-1,21,4,0.19047619047619047,0.0,6,1,0.16666666666666666,0.16666666666666666,11,8,1.375,1,0,0,0,12,1,34,0,41,Loss,41.034003999999996
2021-2022,2022-01-02 00:00:00,Liverpool,20,away,Chelsea,2,2,0,10,6,0.6,0.2,15,6,0.4,0.13333333333333333,13,5,2.6,2,1,0,0,7,6,34,1,42,Draw,42.034006
2021-2022,2022-01-16 00:00:00,Liverpool,21,home,Brentford,3,0,3,27,13,0.48148148148148145,0.1111111111111111,6,1,0.16666666666666666,0.0,6,6,1.0,0,1,0,0,9,0,37,3,45,Win,45.037013
2021-2022,2022-01-23 00:00:00,Liverpool,22,away,Crystal Palace,3,1,2,15,7,0.4666666666666667,0.2,8,5,0.625,0.125,10,12,0.8333333333333334,1,4,0,0,5,2,39,3,48,Win,48.039007
2021-2022,2022-02-10 00:00:00,Liverpool,23,home,Leicester,2,0,2,22,11,0.5,0.09090909090909091,5,1,0.2,0.0,11,7,1.5714285714285714,1,0,0,0,7,6,41,3,51,Win,51.041011
2021-2022,2022-02-13 00:00:00,Liverpool,24,away,Burnley,1,0,1,12,4,0.3333333333333333,0.08333333333333333,8,5,0.625,0.0,6,7,0.8571428571428571,1,0,0,0,8,5,42,3,54,Win,54.042004
2021-2022,2022-02-19 00:00:00,Liverpool,25,home,Norwich,3,1,2,29,8,0.27586206896551724,0.10344827586206896,6,1,0.16666666666666666,0.16666666666666666,7,8,0.875,0,1,0,0,9,4,44,3,57,Win,57.044008
2021-2022,2022-02-23 00:00:00,Liverpool,26,home,Leeds,6,0,6,23,15,0.6521739130434783,0.2608695652173913,3,2,0.6666666666666666,0.0,5,11,0.45454545454545453,0,3,0,0,4,0,50,3,60,Win,60.050014999999995
2021-2022,2022-03-05 00:00:00,Liverpool,27,home,West Ham,1,0,1,22,5,0.22727272727272727,0.045454545454545456,13,5,0.38461538461538464,0.0,7,7,1.0,2,1,0,0,4,6,51,3,63,Win,63.051005
2021-2022,2022-03-12 00:00:00,Liverpool,28,away,Brighton,2,0,2,18,9,0.5,0.1111111111111111,8,3,0.375,0.0,15,12,1.25,1,3,0,0,6,7,53,3,66,Win,66.053009
2021-2022,2022-03-16 00:00:00,Liverpool,29,away,Arsenal,2,0,2,9,3,0.3333333333333333,0.2222222222222222,9,2,0.2222222222222222,0.0,9,9,1.0,1,0,0,0,6,1,55,3,69,Win,69.05500300000001
2021-2022,2022-04-02 00:00:00,Liverpool,30,home,Watford,2,0,2,20,3,0.15,0.1,5,2,0.4,0.0,9,8,1.125,1,1,0,0,9,3,57,3,72,Win,72.05700300000001
2021-2022,2022-04-10 00:00:00,Liverpool,31,away,Man City,2,2,0,6,4,0.6666666666666666,0.3333333333333333,11,5,0.45454545454545453,0.18181818181818182,11,9,1.2222222222222223,4,1,0,0,1,4,57,1,73,Draw,73.057004
2021-2022,2022-04-19 00:00:00,Liverpool,32,home,Man United,4,0,4,14,5,0.35714285714285715,0.2857142857142857,2,1,0.5,0.0,3,6,0.5,1,2,0,0,10,2,61,3,76,Win,76.06100500000001
2021-2022,2022-04-24 00:00:00,Liverpool,33,home,Everton,2,0,2,18,4,0.2222222222222222,0.1111111111111111,9,1,0.1111111111111111,0.0,8,8,1.0,2,5,0,0,13,1,63,3,79,Win,79.063004
2021-2022,2022-04-30 00:00:00,Liverpool,34,away,Newcastle,1,0,1,24,10,0.4166666666666667,0.041666666666666664,4,2,0.5,0.0,11,11,1.0,3,1,0,0,6,0,64,3,82,Win,82.06401
2021-2022,2022-05-07 00:00:00,Liverpool,35,home,Tottenham,1,1,0,22,3,0.13636363636363635,0.045454545454545456,8,3,0.375,0.125,12,8,1.5,3,2,0,0,11,5,64,1,83,Draw,83.064003
2021-2022,2022-05-10 00:00:00,Liverpool,36,away,Aston Villa,2,1,1,17,6,0.35294117647058826,0.11764705882352941,9,4,0.4444444444444444,0.1111111111111111,12,10,1.2,0,0,0,0,3,2,65,3,86,Win,86.065006
2021-2022,2022-05-17 00:00:00,Liverpool,37,away,Southampton,2,1,1,24,5,0.20833333333333334,0.08333333333333333,4,2,0.5,0.25,6,6,1.0,0,2,0,0,9,1,66,3,89,Win,89.066005
2021-2022,2022-05-22 00:00:00,Liverpool,38,home,Wolves,3,1,2,29,8,0.27586206896551724,0.10344827586206896,7,5,0.7142857142857143,0.14285714285714285,6,3,2.0,1,0,0,0,5,3,68,3,92,Win,92.06800799999999
2021-2022,2021-08-15 00:00:00,Man City,1,away,Tottenham,0,1,-1,18,4,0.2222222222222222,0.0,13,3,0.23076923076923078,0.07692307692307693,8,11,0.7272727272727273,1,2,0,0,11,3,-1,0,0,Loss,-0.000996
2021-2022,2021-08-21 00:00:00,Man City,2,home,Norwich,5,0,5,16,4,0.25,0.3125,1,0,0.0,0.0,13,7,1.8571428571428572,1,0,0,0,6,1,4,3,3,Win,3.004004
2021-2022,2021-08-28 00:00:00,Man City,3,home,Arsenal,5,0,5,25,10,0.4,0.2,1,0,0.0,0.0,5,7,0.7142857142857143,1,2,0,1,14,0,9,3,6,Win,6.00901
2021-2022,2021-09-11 00:00:00,Man City,4,away,Leicester,1,0,1,25,8,0.32,0.04,6,1,0.16666666666666666,0.0,11,4,2.75,2,1,0,0,8,5,10,3,9,Win,9.010008
2021-2022,2021-09-18 00:00:00,Man City,5,home,Southampton,0,0,0,18,1,0.05555555555555555,0.0,10,2,0.2,0.0,5,12,0.4166666666666667,0,2,0,0,8,5,10,1,10,Draw,10.010000999999999
2021-2022,2021-09-25 00:00:00,Man City,6,away,Chelsea,1,0,1,15,4,0.26666666666666666,0.06666666666666667,5,0,0.0,0.0,10,12,0.8333333333333334,2,3,0,0,13,4,11,3,13,Win,13.011004
2021-2022,2021-10-03 00:00:00,Man City,7,away,Liverpool,2,2,0,12,3,0.25,0.16666666666666666,6,4,0.6666666666666666,0.3333333333333333,12,10,1.2,3,3,0,0,4,3,11,1,14,Draw,14.011002999999999
2021-2022,2021-10-16 00:00:00,Man City,8,home,Burnley,2,0,2,15,6,0.4,0.13333333333333333,7,2,0.2857142857142857,0.0,11,5,2.2,1,0,0,0,6,2,13,3,17,Win,17.013006
2021-2022,2021-10-23 00:00:00,Man City,9,away,Brighton,4,1,3,23,14,0.6086956521739131,0.17391304347826086,10,5,0.5,0.1,6,10,0.6,3,2,0,0,6,7,16,3,20,Win,20.016014
2021-2022,2021-10-30 00:00:00,Man City,10,home,Crystal Palace,0,2,-2,14,3,0.21428571428571427,0.0,8,3,0.375,0.25,11,11,1.0,2,3,1,0,7,1,14,0,20,Loss,20.014003
2021-2022,2021-11-06 00:00:00,Man City,11,away,Man United,2,0,2,16,5,0.3125,0.125,5,1,0.2,0.0,12,9,1.3333333333333333,2,1,0,0,9,1,16,3,23,Win,23.016005
2021-2022,2021-11-21 00:00:00,Man City,12,home,Everton,3,0,3,17,7,0.4117647058823529,0.17647058823529413,4,1,0.25,0.0,5,7,0.7142857142857143,1,1,0,0,7,1,19,3,26,Win,26.019007
2021-2022,2021-11-28 00:00:00,Man City,13,home,West Ham,2,1,1,19,9,0.47368421052631576,0.10526315789473684,5,3,0.6,0.2,7,6,1.1666666666666667,2,0,0,0,8,4,20,3,29,Win,29.020008999999998
2021-2022,2021-12-01 00:00:00,Man City,14,away,Aston Villa,2,1,1,17,7,0.4117647058823529,0.11764705882352941,9,3,0.3333333333333333,0.1111111111111111,12,8,1.5,0,0,0,0,11,4,21,3,32,Win,32.021007
2021-2022,2021-12-04 00:00:00,Man City,15,away,Watford,3,1,2,26,13,0.5,0.11538461538461539,11,4,0.36363636363636365,0.09090909090909091,7,10,0.7,0,3,0,0,11,5,23,3,35,Win,35.023013000000006
2021-2022,2021-12-11 00:00:00,Man City,16,home,Wolves,1,0,1,24,10,0.4166666666666667,0.041666666666666664,2,1,0.5,0.0,12,5,2.4,3,2,0,1,14,1,24,3,38,Win,38.024010000000004
2021-2022,2021-12-14 00:00:00,Man City,17,home,Leeds,7,0,7,31,15,0.4838709677419355,0.22580645161290322,6,3,0.5,0.0,5,9,0.5555555555555556,1,1,0,0,6,2,31,3,41,Win,41.031015
2021-2022,2021-12-19 00:00:00,Man City,18,away,Newcastle,4,0,4,18,7,0.3888888888888889,0.2222222222222222,5,1,0.2,0.0,6,9,0.6666666666666666,2,1,0,0,6,3,35,3,44,Win,44.03500699999999
2021-2022,2021-12-26 00:00:00,Man City,19,home,Leicester,6,3,3,17,9,0.5294117647058824,0.35294117647058826,14,8,0.5714285714285714,0.21428571428571427,11,9,1.2222222222222223,1,2,0,0,14,4,38,3,47,Win,47.038008999999995
2021-2022,2021-12-29 00:00:00,Man City,20,away,Brentford,1,0,1,12,3,0.25,0.08333333333333333,6,2,0.3333333333333333,0.0,10,12,0.8333333333333334,0,0,0,0,5,3,39,3,50,Win,50.039003
2021-2022,2022-01-01 00:00:00,Man City,21,away,Arsenal,2,1,1,15,2,0.13333333333333333,0.13333333333333333,7,2,0.2857142857142857,0.14285714285714285,5,13,0.38461538461538464,2,3,0,1,5,5,40,3,53,Win,53.040002
2021-2022,2022-01-15 00:00:00,Man City,22,home,Chelsea,1,0,1,11,6,0.5454545454545454,0.09090909090909091,4,1,0.25,0.0,11,6,1.8333333333333333,0,2,0,0,9,1,41,3,56,Win,56.041005999999996
2021-2022,2022-01-22 00:00:00,Man City,23,away,Southampton,1,1,0,20,5,0.25,0.05,7,3,0.42857142857142855,0.14285714285714285,5,13,0.38461538461538464,0,3,0,0,11,2,41,1,57,Draw,57.041005
2021-2022,2022-02-09 00:00:00,Man City,24,home,Brentford,2,0,2,15,7,0.4666666666666667,0.13333333333333333,6,2,0.3333333333333333,0.0,7,13,0.5384615384615384,0,0,0,0,9,3,43,3,60,Win,60.043006999999996
2021-2022,2022-02-12 00:00:00,Man City,25,away,Norwich,4,0,4,22,9,0.4090909090909091,0.18181818181818182,8,3,0.375,0.0,8,7,1.1428571428571428,2,0,0,0,12,4,47,3,63,Win,63.047008999999996
2021-2022,2022-02-19 00:00:00,Man City,26,home,Tottenham,2,3,-1,21,4,0.19047619047619047,0.09523809523809523,6,5,0.8333333333333334,0.5,5,7,0.7142857142857143,0,3,0,0,10,0,46,0,63,Loss,63.046003999999996
2021-2022,2022-02-26 00:00:00,Man City,27,away,Everton,1,0,1,13,8,0.6153846153846154,0.07692307692307693,6,2,0.3333333333333333,0.0,14,7,2.0,2,3,0,0,4,3,47,3,66,Win,66.04700799999999
2021-2022,2022-03-06 00:00:00,Man City,28,home,Man United,4,1,3,24,10,0.4166666666666667,0.16666666666666666,5,2,0.4,0.2,10,14,0.7142857142857143,0,1,0,0,9,3,50,3,69,Win,69.05001
2021-2022,2022-03-14 00:00:00,Man City,29,away,Crystal Palace,0,0,0,18,4,0.2222222222222222,0.0,7,1,0.14285714285714285,0.0,11,6,1.8333333333333333,1,3,0,0,6,2,50,1,70,Draw,70.050004
2021-2022,2022-04-02 00:00:00,Man City,30,away,Burnley,2,0,2,18,6,0.3333333333333333,0.1111111111111111,3,1,0.3333333333333333,0.0,6,11,0.5454545454545454,0,1,0,0,8,1,52,3,73,Win,73.052006
2021-2022,2022-04-10 00:00:00,Man City,31,home,Liverpool,2,2,0,11,5,0.45454545454545453,0.18181818181818182,6,4,0.6666666666666666,0.3333333333333333,9,11,0.8181818181818182,1,4,0,0,4,1,52,1,74,Draw,74.05200500000001
2021-2022,2022-04-20 00:00:00,Man City,32,home,Brighton,3,0,3,17,5,0.29411764705882354,0.17647058823529413,2,1,0.5,0.0,12,7,1.7142857142857142,0,3,0,0,7,4,55,3,77,Win,77.05500500000001
2021-2022,2022-04-23 00:00:00,Man City,33,home,Watford,5,1,4,21,8,0.38095238095238093,0.23809523809523808,5,2,0.4,0.2,9,7,1.2857142857142858,1,0,0,0,11,4,59,3,80,Win,80.05900799999999
2021-2022,2022-04-30 00:00:00,Man City,34,away,Leeds,4,0,4,19,6,0.3157894736842105,0.21052631578947367,7,2,0.2857142857142857,0.0,3,13,0.23076923076923078,2,1,0,0,6,3,63,3,83,Win,83.063006
2021-2022,2022-05-08 00:00:00,Man City,35,home,Newcastle,5,0,5,21,9,0.42857142857142855,0.23809523809523808,7,3,0.42857142857142855,0.0,6,11,0.5454545454545454,1,3,0,0,8,2,68,3,86,Win,86.068009
2021-2022,2022-05-11 00:00:00,Man City,36,away,Wolves,5,1,4,16,5,0.3125,0.3125,7,3,0.42857142857142855,0.14285714285714285,10,2,5.0,1,0,0,0,2,6,72,3,89,Win,89.072005
2021-2022,2022-05-15 00:00:00,Man City,37,away,West Ham,2,2,0,31,8,0.25806451612903225,0.06451612903225806,6,2,0.3333333333333333,0.3333333333333333,5,9,0.5555555555555556,1,3,0,0,9,4,72,1,90,Draw,90.072008
2021-2022,2022-05-22 00:00:00,Man City,38,home,Aston Villa,3,2,1,24,5,0.20833333333333334,0.125,4,2,0.5,0.5,5,11,0.45454545454545453,0,1,0,0,13,1,73,3,93,Win,93.073005
2021-2022,2021-08-14 00:00:00,Man United,1,home,Leeds,5,1,4,16,8,0.5,0.3125,10,3,0.3,0.1,11,9,1.2222222222222223,1,2,0,0,5,4,4,3,3,Win,3.004008
2021-2022,2021-08-22 00:00:00,Man United,2,away,Southampton,1,1,0,15,4,0.26666666666666666,0.06666666666666667,8,3,0.375,0.125,10,12,0.8333333333333334,3,2,0,0,7,7,4,1,4,Draw,4.004003999999999
2021-2022,2021-08-29 00:00:00,Man United,3,away,Wolves,1,0,1,10,3,0.3,0.1,15,6,0.4,0.0,9,7,1.2857142857142858,4,3,0,0,7,5,5,3,7,Win,7.005003
2021-2022,2021-09-11 00:00:00,Man United,4,home,Newcastle,4,1,3,21,7,0.3333333333333333,0.19047619047619047,12,3,0.25,0.08333333333333333,9,2,4.5,1,0,0,0,7,3,8,3,10,Win,10.008007
2021-2022,2021-09-19 00:00:00,Man United,5,away,West Ham,2,1,1,17,10,0.5882352941176471,0.11764705882352941,13,4,0.3076923076923077,0.07692307692307693,8,5,1.6,0,0,0,0,11,2,9,3,13,Win,13.00901
2021-2022,2021-09-25 00:00:00,Man United,6,home,Aston Villa,0,1,-1,28,4,0.14285714285714285,0.0,7,3,0.42857142857142855,0.14285714285714285,9,13,0.6923076923076923,2,2,0,0,5,5,8,0,13,Loss,13.008004
2021-2022,2021-10-02 00:00:00,Man United,7,home,Everton,1,1,0,13,6,0.46153846153846156,0.07692307692307693,12,2,0.16666666666666666,0.08333333333333333,10,9,1.1111111111111112,1,1,0,0,10,1,8,1,14,Draw,14.008006
2021-2022,2021-10-16 00:00:00,Man United,8,away,Leicester,2,4,-2,18,6,0.3333333333333333,0.1111111111111111,22,11,0.5,0.18181818181818182,17,5,3.4,3,0,0,0,3,4,6,0,14,Loss,14.006006000000001
2021-2022,2021-10-24 00:00:00,Man United,9,home,Liverpool,0,5,-5,12,4,0.3333333333333333,0.0,19,8,0.42105263157894735,0.2631578947368421,10,8,1.25,6,0,1,0,6,3,1,0,14,Loss,14.001004
2021-2022,2021-10-30 00:00:00,Man United,10,away,Tottenham,3,0,3,10,4,0.4,0.3,9,0,0.0,0.0,14,12,1.1666666666666667,3,2,0,0,2,10,4,3,17,Win,17.004004000000002
2021-2022,2021-11-06 00:00:00,Man United,11,home,Man City,0,2,-2,5,1,0.2,0.0,16,5,0.3125,0.125,9,12,0.75,1,2,0,0,1,9,2,0,17,Loss,17.002001
2021-2022,2021-11-20 00:00:00,Man United,12,away,Watford,1,4,-3,9,3,0.3333333333333333,0.1111111111111111,20,7,0.35,0.2,5,7,0.7142857142857143,1,2,1,0,3,9,-1,0,17,Loss,16.999003
2021-2022,2021-11-28 00:00:00,Man United,13,away,Chelsea,1,1,0,3,2,0.6666666666666666,0.3333333333333333,24,6,0.25,0.041666666666666664,14,13,1.0769230769230769,5,2,0,0,2,15,-1,1,18,Draw,17.999001999999997
2021-2022,2021-12-02 00:00:00,Man United,14,home,Arsenal,3,2,1,14,10,0.7142857142857143,0.21428571428571427,17,8,0.47058823529411764,0.11764705882352941,9,10,0.9,1,0,0,0,3,8,0,3,21,Win,21.00001
2021-2022,2021-12-05 00:00:00,Man United,15,home,Crystal Palace,1,0,1,16,3,0.1875,0.0625,8,2,0.25,0.0,16,9,1.7777777777777777,2,2,0,0,9,6,1,3,24,Win,24.001003
2021-2022,2021-12-11 00:00:00,Man United,16,away,Norwich,1,0,1,13,5,0.38461538461538464,0.07692307692307693,11,5,0.45454545454545453,0.0,17,6,2.8333333333333335,1,1,0,0,6,8,2,3,27,Win,27.002005
2021-2022,2021-12-27 00:00:00,Man United,17,away,Newcastle,1,1,0,13,4,0.3076923076923077,0.07692307692307693,13,8,0.6153846153846154,0.07692307692307693,8,11,0.7272727272727273,3,3,0,0,4,2,2,1,28,Draw,28.002004
2021-2022,2021-12-30 00:00:00,Man United,18,home,Burnley,3,1,2,18,6,0.3333333333333333,0.16666666666666666,10,3,0.3,0.1,5,10,0.5,0,0,0,0,7,5,4,3,31,Win,31.004006
2021-2022,2022-01-03 00:00:00,Man United,19,home,Wolves,0,1,-1,9,2,0.2222222222222222,0.0,19,6,0.3157894736842105,0.05263157894736842,9,8,1.125,3,1,0,0,3,8,3,0,31,Loss,31.003002
2021-2022,2022-01-15 00:00:00,Man United,20,away,Aston Villa,2,2,0,13,6,0.46153846153846156,0.15384615384615385,13,9,0.6923076923076923,0.15384615384615385,13,8,1.625,2,1,0,0,6,3,3,1,32,Draw,32.003006
2021-2022,2022-01-19 00:00:00,Man United,21,away,Brentford,3,1,2,13,5,0.38461538461538464,0.23076923076923078,18,8,0.4444444444444444,0.05555555555555555,9,7,1.2857142857142858,0,0,0,0,9,6,5,3,35,Win,35.005005000000004
2021-2022,2022-01-22 00:00:00,Man United,22,home,West Ham,1,0,1,18,3,0.16666666666666666,0.05555555555555555,6,1,0.16666666666666666,0.0,9,8,1.125,1,1,0,0,3,3,6,3,38,Win,38.006003
2021-2022,2022-02-08 00:00:00,Man United,23,away,Burnley,1,1,0,22,5,0.22727272727272727,0.045454545454545456,9,3,0.3333333333333333,0.1111111111111111,10,11,0.9090909090909091,1,2,0,0,10,2,6,1,39,Draw,39.006005
2021-2022,2022-02-12 00:00:00,Man United,24,home,Southampton,1,1,0,12,8,0.6666666666666666,0.08333333333333333,13,4,0.3076923076923077,0.07692307692307693,12,13,0.9230769230769231,4,0,0,0,1,4,6,1,40,Draw,40.006008
2021-2022,2022-02-15 00:00:00,Man United,25,home,Brighton,2,0,2,19,7,0.3684210526315789,0.10526315789473684,10,3,0.3,0.0,8,10,0.8,3,1,0,1,10,2,8,3,43,Win,43.008007
2021-2022,2022-02-20 00:00:00,Man United,26,away,Leeds,4,2,2,15,9,0.6,0.26666666666666666,16,6,0.375,0.125,19,13,1.4615384615384615,3,6,0,0,3,3,10,3,46,Win,46.010009
2021-2022,2022-02-26 00:00:00,Man United,27,home,Watford,0,0,0,22,3,0.13636363636363635,0.0,10,2,0.2,0.0,2,7,0.2857142857142857,0,0,0,0,4,3,10,1,47,Draw,47.010003
2021-2022,2022-03-06 00:00:00,Man United,28,away,Man City,1,4,-3,5,2,0.4,0.2,24,10,0.4166666666666667,0.16666666666666666,14,10,1.4,1,0,0,0,3,9,7,0,47,Loss,47.007002
2021-2022,2022-03-12 00:00:00,Man United,29,home,Tottenham,3,2,1,10,6,0.6,0.3,10,3,0.3,0.2,8,7,1.1428571428571428,2,1,0,0,4,5,8,3,50,Win,50.008006
2021-2022,2022-04-02 00:00:00,Man United,30,home,Leicester,1,1,0,11,5,0.45454545454545453,0.09090909090909091,11,3,0.2727272727272727,0.09090909090909091,13,6,2.1666666666666665,2,2,0,0,6,5,8,1,51,Draw,51.008005000000004
2021-2022,2022-04-09 00:00:00,Man United,31,away,Everton,0,1,-1,12,4,0.3333333333333333,0.0,7,3,0.42857142857142855,0.14285714285714285,10,4,2.5,2,2,0,0,7,5,7,0,51,Loss,51.007003999999995
2021-2022,2022-04-16 00:00:00,Man United,32,home,Norwich,3,2,1,20,9,0.45,0.15,15,4,0.26666666666666666,0.13333333333333333,7,6,1.1666666666666667,0,0,0,0,6,7,8,3,54,Win,54.008009
2021-2022,2022-04-19 00:00:00,Man United,33,away,Liverpool,0,4,-4,2,1,0.5,0.0,14,5,0.35714285714285715,0.2857142857142857,6,3,2.0,2,1,0,0,2,10,4,0,54,Loss,54.004000999999995
2021-2022,2022-04-23 00:00:00,Man United,34,away,Arsenal,1,3,-2,14,5,0.35714285714285715,0.07142857142857142,14,7,0.5,0.21428571428571427,12,9,1.3333333333333333,4,3,0,0,7,1,2,0,54,Loss,54.002005000000004
2021-2022,2022-04-28 00:00:00,Man United,35,home,Chelsea,1,1,0,6,3,0.5,0.16666666666666666,21,6,0.2857142857142857,0.047619047619047616,9,12,0.75,0,1,0,0,2,9,2,1,55,Draw,55.002003
2021-2022,2022-05-02 00:00:00,Man United,36,home,Brentford,3,0,3,9,5,0.5555555555555556,0.3333333333333333,12,4,0.3333333333333333,0.0,4,6,0.6666666666666666,1,0,0,0,3,8,5,3,58,Win,58.005005000000004
2021-2022,2022-05-07 00:00:00,Man United,37,away,Brighton,0,4,-4,15,5,0.3333333333333333,0.0,17,6,0.35294117647058826,0.23529411764705882,9,13,0.6923076923076923,2,0,0,0,6,7,1,0,58,Loss,58.001005
2021-2022,2022-05-22 00:00:00,Man United,38,away,Crystal Palace,0,1,-1,10,4,0.4,0.0,6,3,0.5,0.16666666666666666,22,12,1.8333333333333333,4,2,0,0,6,3,0,0,58,Loss,58.000004
2021-2022,2021-08-15 00:00:00,Newcastle,1,home,West Ham,2,4,-2,17,3,0.17647058823529413,0.11764705882352941,8,9,1.125,0.5,4,3,1.3333333333333333,1,0,0,0,7,6,-2,0,0,Loss,-0.001997
2021-2022,2021-08-21 00:00:00,Newcastle,2,away,Aston Villa,0,2,-2,9,1,0.1111111111111111,0.0,10,2,0.2,0.2,18,8,2.25,4,3,0,0,4,3,-4,0,0,Loss,-0.003999
2021-2022,2021-08-28 00:00:00,Newcastle,3,home,Southampton,2,2,0,10,5,0.5,0.2,22,6,0.2727272727272727,0.09090909090909091,11,6,1.8333333333333333,3,3,0,0,4,4,-4,1,1,Draw,0.996005
2021-2022,2021-09-11 00:00:00,Newcastle,4,away,Man United,1,4,-3,12,3,0.25,0.08333333333333333,21,7,0.3333333333333333,0.19047619047619047,2,9,0.2222222222222222,0,1,0,0,3,7,-7,0,1,Loss,0.993003
2021-2022,2021-09-17 00:00:00,Newcastle,5,home,Leeds,1,1,0,17,7,0.4117647058823529,0.058823529411764705,22,9,0.4090909090909091,0.045454545454545456,9,11,0.8181818181818182,2,2,0,0,4,5,-7,1,2,Draw,1.9930070000000002
2021-2022,2021-09-25 00:00:00,Newcastle,6,away,Watford,1,1,0,20,6,0.3,0.05,15,4,0.26666666666666666,0.06666666666666667,12,19,0.631578947368421,3,4,0,0,6,5,-7,1,3,Draw,2.993006
2021-2022,2021-10-02 00:00:00,Newcastle,7,away,Wolves,1,2,-1,8,2,0.25,0.125,7,3,0.42857142857142855,0.2857142857142857,5,15,0.3333333333333333,2,0,0,0,4,0,-8,0,3,Loss,2.992002
2021-2022,2021-10-17 00:00:00,Newcastle,8,home,Tottenham,2,3,-1,7,1,0.14285714285714285,0.2857142857142857,14,4,0.2857142857142857,0.21428571428571427,13,4,3.25,4,1,1,0,2,9,-9,0,3,Loss,2.9910010000000002
2021-2022,2021-10-23 00:00:00,Newcastle,9,away,Crystal Palace,1,1,0,6,2,0.3333333333333333,0.16666666666666666,15,3,0.2,0.06666666666666667,9,13,0.6923076923076923,4,3,0,0,7,3,-9,1,4,Draw,3.991002
2021-2022,2021-10-30 00:00:00,Newcastle,10,home,Chelsea,0,3,-3,6,1,0.16666666666666666,0.0,19,6,0.3157894736842105,0.15789473684210525,14,12,1.1666666666666667,3,2,0,0,0,2,-12,0,4,Loss,3.988001
2021-2022,2021-11-06 00:00:00,Newcastle,11,away,Brighton,1,1,0,6,1,0.16666666666666666,0.16666666666666666,14,5,0.35714285714285715,0.07142857142857142,10,16,0.625,4,3,0,1,5,2,-12,1,5,Draw,4.988001000000001
2021-2022,2021-11-20 00:00:00,Newcastle,12,home,Brentford,3,3,0,23,9,0.391304347826087,0.13043478260869565,10,4,0.4,0.3,13,11,1.1818181818181819,2,2,0,0,8,2,-12,1,6,Draw,5.988009000000001
2021-2022,2021-11-27 00:00:00,Newcastle,13,away,Arsenal,0,2,-2,9,5,0.5555555555555556,0.0,24,6,0.25,0.08333333333333333,12,6,2.0,3,1,0,0,4,4,-14,0,6,Loss,5.986005
2021-2022,2021-11-30 00:00:00,Newcastle,14,home,Norwich,1,1,0,9,1,0.1111111111111111,0.1111111111111111,16,6,0.375,0.0625,8,11,0.7272727272727273,0,0,0,1,2,5,-14,1,7,Draw,6.986001
2021-2022,2021-12-04 00:00:00,Newcastle,15,home,Burnley,1,0,1,19,4,0.21052631578947367,0.05263157894736842,10,1,0.1,0.0,11,9,1.2222222222222223,1,1,0,0,10,3,-13,3,10,Win,9.987004
2021-2022,2021-12-12 00:00:00,Newcastle,16,away,Leicester,0,4,-4,12,3,0.25,0.0,8,5,0.625,0.5,16,9,1.7777777777777777,3,2,0,0,6,4,-17,0,10,Loss,9.983003
2021-2022,2021-12-16 00:00:00,Newcastle,17,away,Liverpool,1,3,-2,4,2,0.5,0.25,23,8,0.34782608695652173,0.13043478260869565,4,9,0.4444444444444444,3,1,0,0,0,11,-19,0,10,Loss,9.981002
2021-2022,2021-12-19 00:00:00,Newcastle,18,home,Man City,0,4,-4,5,1,0.2,0.0,18,7,0.3888888888888889,0.2222222222222222,9,6,1.5,1,2,0,0,3,6,-23,0,10,Loss,9.977001
2021-2022,2021-12-27 00:00:00,Newcastle,19,home,Man United,1,1,0,13,8,0.6153846153846154,0.07692307692307693,13,4,0.3076923076923077,0.07692307692307693,11,8,1.375,3,3,0,0,2,4,-23,1,11,Draw,10.977008
2021-2022,2022-01-15 00:00:00,Newcastle,20,home,Watford,1,1,0,12,1,0.08333333333333333,0.08333333333333333,18,5,0.2777777777777778,0.05555555555555555,13,13,1.0,3,2,0,0,4,6,-23,1,12,Draw,11.977001
2021-2022,2022-01-22 00:00:00,Newcastle,21,away,Leeds,1,0,1,15,3,0.2,0.06666666666666667,13,4,0.3076923076923077,0.0,9,9,1.0,2,4,0,0,7,6,-22,3,15,Win,14.978003
2021-2022,2022-02-08 00:00:00,Newcastle,22,home,Everton,3,1,2,20,9,0.45,0.15,11,3,0.2727272727272727,0.09090909090909091,13,13,1.0,2,3,0,0,6,2,-20,3,18,Win,17.980009
2021-2022,2022-02-13 00:00:00,Newcastle,23,home,Aston Villa,1,0,1,10,2,0.2,0.1,11,1,0.09090909090909091,0.0,22,15,1.4666666666666666,3,4,0,0,3,6,-19,3,21,Win,20.981002
2021-2022,2022-02-19 00:00:00,Newcastle,24,away,West Ham,1,1,0,14,3,0.21428571428571427,0.07142857142857142,11,3,0.2727272727272727,0.09090909090909091,7,3,2.3333333333333335,3,3,0,0,7,3,-19,1,22,Draw,21.981003
2021-2022,2022-02-26 00:00:00,Newcastle,25,away,Brentford,2,0,2,26,11,0.4230769230769231,0.07692307692307693,6,1,0.16666666666666666,0.0,7,9,0.7777777777777778,1,3,0,1,6,6,-17,3,25,Win,24.983011
2021-2022,2022-03-05 00:00:00,Newcastle,26,home,Brighton,2,1,1,10,4,0.4,0.2,15,4,0.26666666666666666,0.06666666666666667,8,10,0.8,1,1,0,0,4,7,-16,3,28,Win,27.984004000000002
2021-2022,2022-03-10 00:00:00,Newcastle,27,away,Southampton,2,1,1,8,4,0.5,0.25,14,5,0.35714285714285715,0.07142857142857142,7,6,1.1666666666666667,1,1,0,0,5,12,-15,3,31,Win,30.985004
2021-2022,2022-03-13 00:00:00,Newcastle,28,away,Chelsea,0,1,-1,7,2,0.2857142857142857,0.0,8,3,0.375,0.125,16,17,0.9411764705882353,3,4,0,0,2,7,-16,0,31,Loss,30.984002
2021-2022,2022-03-17 00:00:00,Newcastle,29,away,Everton,0,1,-1,17,6,0.35294117647058826,0.0,9,3,0.3333333333333333,0.1111111111111111,11,13,0.8461538461538461,1,2,0,1,7,5,-17,0,31,Loss,30.983006
2021-2022,2022-04-03 00:00:00,Newcastle,30,away,Tottenham,1,5,-4,8,1,0.125,0.125,19,6,0.3157894736842105,0.2631578947368421,7,10,0.7,3,2,0,0,3,2,-21,0,31,Loss,30.979001
2021-2022,2022-04-08 00:00:00,Newcastle,31,home,Wolves,1,0,1,12,4,0.3333333333333333,0.08333333333333333,5,2,0.4,0.0,6,13,0.46153846153846156,1,1,0,0,1,2,-20,3,34,Win,33.980003999999994
2021-2022,2022-04-17 00:00:00,Newcastle,32,home,Leicester,2,1,1,16,7,0.4375,0.125,8,2,0.25,0.125,10,10,1.0,2,2,0,0,3,5,-19,3,37,Win,36.981007
2021-2022,2022-04-20 00:00:00,Newcastle,33,home,Crystal Palace,1,0,1,13,4,0.3076923076923077,0.07692307692307693,10,2,0.2,0.0,12,12,1.0,1,1,0,0,2,5,-18,3,40,Win,39.982003999999996
2021-2022,2022-04-23 00:00:00,Newcastle,34,away,Norwich,3,0,3,13,7,0.5384615384615384,0.23076923076923078,5,2,0.4,0.0,10,11,0.9090909090909091,2,0,0,0,3,2,-15,3,43,Win,42.985006999999996
2021-2022,2022-04-30 00:00:00,Newcastle,35,home,Liverpool,0,1,-1,4,2,0.5,0.0,24,10,0.4166666666666667,0.041666666666666664,11,11,1.0,1,3,0,0,0,6,-16,0,43,Loss,42.984002000000004
2021-2022,2022-05-08 00:00:00,Newcastle,36,away,Man City,0,5,-5,7,3,0.42857142857142855,0.0,21,9,0.42857142857142855,0.23809523809523808,11,6,1.8333333333333333,3,1,0,0,2,8,-21,0,43,Loss,42.979003
2021-2022,2022-05-16 00:00:00,Newcastle,37,home,Arsenal,2,0,2,16,4,0.25,0.125,11,2,0.18181818181818182,0.0,11,8,1.375,0,3,0,0,12,8,-19,3,46,Win,45.981004
2021-2022,2022-05-22 00:00:00,Newcastle,38,away,Burnley,2,1,1,8,6,0.75,0.25,12,5,0.4166666666666667,0.08333333333333333,9,8,1.125,0,1,0,0,2,8,-18,3,49,Win,48.982006
2021-2022,2021-08-14 00:00:00,Norwich,1,home,Liverpool,0,3,-3,14,3,0.21428571428571427,0.0,19,8,0.42105263157894735,0.15789473684210525,4,14,0.2857142857142857,1,1,0,0,3,11,-3,0,0,Loss,-0.002997
2021-2022,2021-08-21 00:00:00,Norwich,2,away,Man City,0,5,-5,1,0,0.0,0.0,16,4,0.25,0.3125,7,13,0.5384615384615384,0,1,0,0,1,6,-8,0,0,Loss,-0.008
2021-2022,2021-08-28 00:00:00,Norwich,3,home,Leicester,1,2,-1,14,4,0.2857142857142857,0.07142857142857142,9,3,0.3333333333333333,0.2222222222222222,8,9,0.8888888888888888,2,1,0,0,9,9,-9,0,0,Loss,-0.008995999999999999
2021-2022,2021-09-11 00:00:00,Norwich,4,away,Arsenal,0,1,-1,10,1,0.1,0.0,30,7,0.23333333333333334,0.03333333333333333,11,9,1.2222222222222223,2,1,0,0,4,8,-10,0,0,Loss,-0.009999000000000001
2021-2022,2021-09-18 00:00:00,Norwich,5,home,Watford,1,3,-2,12,5,0.4166666666666667,0.08333333333333333,12,8,0.6666666666666666,0.25,10,14,0.7142857142857143,1,1,0,0,4,8,-12,0,0,Loss,-0.011995
2021-2022,2021-09-25 00:00:00,Norwich,6,away,Everton,0,2,-2,10,2,0.2,0.0,11,4,0.36363636363636365,0.18181818181818182,9,12,0.75,3,2,0,0,4,6,-14,0,0,Loss,-0.013998
2021-2022,2021-10-02 00:00:00,Norwich,7,away,Burnley,0,0,0,10,2,0.2,0.0,14,4,0.2857142857142857,0.0,3,13,0.23076923076923078,2,5,0,0,5,9,-14,1,1,Draw,0.9860019999999999
2021-2022,2021-10-16 00:00:00,Norwich,8,home,Brighton,0,0,0,15,3,0.2,0.0,11,3,0.2727272727272727,0.0,5,14,0.35714285714285715,3,5,0,0,8,4,-14,1,2,Draw,1.986003
2021-2022,2021-10-23 00:00:00,Norwich,9,away,Chelsea,0,7,-7,3,1,0.3333333333333333,0.0,23,13,0.5652173913043478,0.30434782608695654,16,14,1.1428571428571428,2,0,1,0,0,5,-21,0,2,Loss,1.979001
2021-2022,2021-10-31 00:00:00,Norwich,10,home,Leeds,1,2,-1,14,3,0.21428571428571427,0.07142857142857142,13,6,0.46153846153846156,0.15384615384615385,14,23,0.6086956521739131,1,4,0,0,5,0,-22,0,2,Loss,1.978003
2021-2022,2021-11-06 00:00:00,Norwich,11,away,Brentford,2,1,1,9,5,0.5555555555555556,0.2222222222222222,19,7,0.3684210526315789,0.05263157894736842,13,12,1.0833333333333333,3,2,0,0,2,6,-21,3,5,Win,4.979005
2021-2022,2021-11-20 00:00:00,Norwich,12,home,Southampton,2,1,1,8,4,0.5,0.25,17,5,0.29411764705882354,0.058823529411764705,8,9,0.8888888888888888,3,2,0,0,5,7,-20,3,8,Win,7.980004
2021-2022,2021-11-27 00:00:00,Norwich,13,home,Wolves,0,0,0,14,4,0.2857142857142857,0.0,5,2,0.4,0.0,11,10,1.1,2,2,0,0,4,3,-20,1,9,Draw,8.980004000000001
2021-2022,2021-11-30 00:00:00,Norwich,14,away,Newcastle,1,1,0,16,6,0.375,0.0625,9,1,0.1111111111111111,0.1111111111111111,11,8,1.375,0,0,1,0,5,2,-20,1,10,Draw,9.980006000000001
2021-2022,2021-12-05 00:00:00,Norwich,15,away,Tottenham,0,3,-3,10,1,0.1,0.0,17,7,0.4117647058823529,0.17647058823529413,4,11,0.36363636363636365,2,1,0,0,4,6,-23,0,10,Loss,9.977001
2021-2022,2021-12-11 00:00:00,Norwich,16,home,Man United,0,1,-1,11,5,0.45454545454545453,0.0,13,5,0.38461538461538464,0.07692307692307693,6,17,0.35294117647058826,1,1,0,0,8,6,-24,0,10,Loss,9.976005
2021-2022,2021-12-14 00:00:00,Norwich,17,home,Aston Villa,0,2,-2,7,3,0.42857142857142855,0.0,17,6,0.35294117647058826,0.11764705882352941,12,9,1.3333333333333333,3,1,0,0,7,10,-26,0,10,Loss,9.974003
2021-2022,2021-12-26 00:00:00,Norwich,18,home,Arsenal,0,5,-5,4,2,0.5,0.0,16,6,0.375,0.3125,13,7,1.8571428571428572,1,2,0,0,3,5,-31,0,10,Loss,9.969002
2021-2022,2021-12-28 00:00:00,Norwich,19,away,Crystal Palace,0,3,-3,12,3,0.25,0.0,19,6,0.3157894736842105,0.15789473684210525,13,9,1.4444444444444444,2,1,0,0,8,8,-34,0,10,Loss,9.966002999999999
2021-2022,2022-01-12 00:00:00,Norwich,20,away,West Ham,0,2,-2,7,3,0.42857142857142855,0.0,13,5,0.38461538461538464,0.15384615384615385,8,9,0.8888888888888888,0,0,0,0,2,11,-36,0,10,Loss,9.964003
2021-2022,2022-01-15 00:00:00,Norwich,21,home,Everton,2,1,1,14,3,0.21428571428571427,0.14285714285714285,12,5,0.4166666666666667,0.08333333333333333,12,14,0.8571428571428571,3,1,0,0,8,8,-35,3,13,Win,12.965003
2021-2022,2022-01-21 00:00:00,Norwich,22,away,Watford,3,0,3,7,2,0.2857142857142857,0.42857142857142855,15,4,0.26666666666666666,0.0,11,16,0.6875,1,0,0,1,1,5,-32,3,16,Win,15.968002
2021-2022,2022-02-09 00:00:00,Norwich,23,home,Crystal Palace,1,1,0,5,1,0.2,0.2,13,5,0.38461538461538464,0.07692307692307693,11,15,0.7333333333333333,1,2,0,0,4,6,-32,1,17,Draw,16.968001
2021-2022,2022-02-12 00:00:00,Norwich,24,home,Man City,0,4,-4,8,3,0.375,0.0,22,9,0.4090909090909091,0.18181818181818182,7,8,0.875,0,2,0,0,4,12,-36,0,17,Loss,16.964002999999998
2021-2022,2022-02-19 00:00:00,Norwich,25,away,Liverpool,1,3,-2,6,1,0.16666666666666666,0.16666666666666666,29,8,0.27586206896551724,0.10344827586206896,8,7,1.1428571428571428,1,0,0,0,4,9,-38,0,17,Loss,16.962001
2021-2022,2022-02-25 00:00:00,Norwich,26,away,Southampton,0,2,-2,8,1,0.125,0.0,27,9,0.3333333333333333,0.07407407407407407,9,12,0.75,2,1,0,0,6,13,-40,0,17,Loss,16.960001000000002
2021-2022,2022-03-05 00:00:00,Norwich,27,home,Brentford,1,3,-2,15,7,0.4666666666666667,0.06666666666666667,10,6,0.6,0.3,13,18,0.7222222222222222,2,5,0,0,5,5,-42,0,17,Loss,16.958007
2021-2022,2022-03-10 00:00:00,Norwich,28,home,Chelsea,1,3,-2,9,3,0.3333333333333333,0.1111111111111111,15,7,0.4666666666666667,0.2,8,15,0.5333333333333333,0,2,0,0,3,8,-44,0,17,Loss,16.956003
2021-2022,2022-03-13 00:00:00,Norwich,29,away,Leeds,1,2,-1,12,4,0.3333333333333333,0.08333333333333333,13,7,0.5384615384615384,0.15384615384615385,8,18,0.4444444444444444,1,3,0,0,2,6,-45,0,17,Loss,16.955004
2021-2022,2022-04-02 00:00:00,Norwich,30,away,Brighton,0,0,0,6,0,0.0,0.0,31,4,0.12903225806451613,0.0,11,12,0.9166666666666666,1,1,0,0,2,11,-45,1,18,Draw,17.955
2021-2022,2022-04-10 00:00:00,Norwich,31,home,Burnley,2,0,2,17,6,0.35294117647058826,0.11764705882352941,18,4,0.2222222222222222,0.0,12,10,1.2,1,1,0,0,6,7,-43,3,21,Win,20.957006
2021-2022,2022-04-16 00:00:00,Norwich,32,away,Man United,2,3,-1,15,4,0.26666666666666666,0.13333333333333333,20,9,0.45,0.15,6,7,0.8571428571428571,0,0,0,0,7,6,-44,0,21,Loss,20.956004
2021-2022,2022-04-23 00:00:00,Norwich,33,home,Newcastle,0,3,-3,5,2,0.4,0.0,13,7,0.5384615384615384,0.23076923076923078,11,10,1.1,0,2,0,0,2,3,-47,0,21,Loss,20.953001999999998
2021-2022,2022-04-30 00:00:00,Norwich,34,away,Aston Villa,0,2,-2,9,3,0.3333333333333333,0.0,21,6,0.2857142857142857,0.09523809523809523,8,16,0.5,1,4,0,0,3,2,-49,0,21,Loss,20.951003
2021-2022,2022-05-08 00:00:00,Norwich,35,home,West Ham,0,4,-4,8,2,0.25,0.0,13,5,0.38461538461538464,0.3076923076923077,7,7,1.0,1,1,0,0,9,5,-53,0,21,Loss,20.947001999999998
2021-2022,2022-05-11 00:00:00,Norwich,36,away,Leicester,0,3,-3,9,5,0.5555555555555556,0.0,20,8,0.4,0.15,5,10,0.5,0,0,0,0,2,10,-56,0,21,Loss,20.944005
2021-2022,2022-05-15 00:00:00,Norwich,37,away,Wolves,1,1,0,11,2,0.18181818181818182,0.09090909090909091,17,4,0.23529411764705882,0.058823529411764705,10,5,2.0,3,0,0,0,3,5,-56,1,22,Draw,21.944001999999998
2021-2022,2022-05-22 00:00:00,Norwich,38,home,Tottenham,0,5,-5,9,0,0.0,0.0,19,13,0.6842105263157895,0.2631578947368421,13,7,1.8571428571428572,3,1,0,0,3,2,-61,0,22,Loss,21.939
2021-2022,2021-08-14 00:00:00,Southampton,1,away,Everton,1,3,-2,6,3,0.5,0.16666666666666666,14,6,0.42857142857142855,0.21428571428571427,15,13,1.1538461538461537,0,2,0,0,8,6,-2,0,0,Loss,-0.001997
2021-2022,2021-08-22 00:00:00,Southampton,2,home,Man United,1,1,0,8,3,0.375,0.125,15,4,0.26666666666666666,0.06666666666666667,12,10,1.2,2,3,0,0,7,7,-2,1,1,Draw,0.998003
2021-2022,2021-08-28 00:00:00,Southampton,3,away,Newcastle,2,2,0,22,6,0.2727272727272727,0.09090909090909091,10,5,0.5,0.2,6,11,0.5454545454545454,3,3,0,0,4,4,-2,1,2,Draw,1.998006
2021-2022,2021-09-11 00:00:00,Southampton,4,home,West Ham,0,0,0,11,3,0.2727272727272727,0.0,13,3,0.23076923076923078,0.0,10,12,0.8333333333333334,3,1,0,1,5,4,-2,1,3,Draw,2.998003
2021-2022,2021-09-18 00:00:00,Southampton,5,away,Man City,0,0,0,10,2,0.2,0.0,18,1,0.05555555555555555,0.0,12,5,2.4,2,0,0,0,5,8,-2,1,4,Draw,3.998002
2021-2022,2021-09-26 00:00:00,Southampton,6,home,Wolves,0,1,-1,18,6,0.3333333333333333,0.0,5,3,0.6,0.2,12,8,1.5,0,0,0,0,5,5,-3,0,4,Loss,3.997006
2021-2022,2021-10-02 00:00:00,Southampton,7,away,Chelsea,1,3,-2,6,2,0.3333333333333333,0.16666666666666666,20,9,0.45,0.15,13,11,1.1818181818181819,3,1,1,0,2,7,-5,0,4,Loss,3.995002
2021-2022,2021-10-16 00:00:00,Southampton,8,home,Leeds,1,0,1,19,5,0.2631578947368421,0.05263157894736842,3,0,0.0,0.0,16,14,1.1428571428571428,2,3,0,0,8,1,-4,3,7,Win,6.996005
2021-2022,2021-10-23 00:00:00,Southampton,9,home,Burnley,2,2,0,16,4,0.25,0.125,9,5,0.5555555555555556,0.2222222222222222,10,11,0.9090909090909091,1,3,0,0,6,2,-4,1,8,Draw,7.996004
2021-2022,2021-10-30 00:00:00,Southampton,10,away,Watford,1,0,1,12,1,0.08333333333333333,0.08333333333333333,10,4,0.4,0.0,6,16,0.375,2,2,0,0,8,5,-3,3,11,Win,10.997001
2021-2022,2021-11-05 00:00:00,Southampton,11,home,Aston Villa,1,0,1,9,3,0.3333333333333333,0.1111111111111111,14,3,0.21428571428571427,0.0,12,12,1.0,2,2,0,0,10,8,-2,3,14,Win,13.998002999999999
2021-2022,2021-11-20 00:00:00,Southampton,12,away,Norwich,1,2,-1,17,5,0.29411764705882354,0.058823529411764705,8,4,0.5,0.25,9,8,1.125,2,3,0,0,7,5,-3,0,14,Loss,13.997005
2021-2022,2021-11-27 00:00:00,Southampton,13,away,Liverpool,0,4,-4,7,3,0.42857142857142855,0.0,20,6,0.3,0.2,14,7,2.0,1,0,0,0,7,5,-7,0,14,Loss,13.993003
2021-2022,2021-12-01 00:00:00,Southampton,14,home,Leicester,2,2,0,15,7,0.4666666666666667,0.13333333333333333,15,6,0.4,0.13333333333333333,14,11,1.2727272727272727,1,3,0,0,2,4,-7,1,15,Draw,14.993007
2021-2022,2021-12-04 00:00:00,Southampton,15,home,Brighton,1,1,0,14,4,0.2857142857142857,0.07142857142857142,14,4,0.2857142857142857,0.07142857142857142,15,12,1.25,4,2,0,0,6,2,-7,1,16,Draw,15.993004
2021-2022,2021-12-11 00:00:00,Southampton,16,away,Arsenal,0,3,-3,11,6,0.5454545454545454,0.0,15,5,0.3333333333333333,0.2,9,5,1.8,0,2,0,0,8,9,-10,0,16,Loss,15.990006000000001
2021-2022,2021-12-15 00:00:00,Southampton,17,away,Crystal Palace,2,2,0,15,4,0.26666666666666666,0.13333333333333333,9,6,0.6666666666666666,0.2222222222222222,20,16,1.25,4,2,0,0,6,4,-10,1,17,Draw,16.990004
2021-2022,2021-12-26 00:00:00,Southampton,18,away,West Ham,3,2,1,11,6,0.5454545454545454,0.2727272727272727,11,5,0.45454545454545453,0.18181818181818182,9,10,0.9,3,2,0,0,2,10,-9,3,20,Win,19.991006
2021-2022,2021-12-28 00:00:00,Southampton,19,home,Tottenham,1,1,0,9,2,0.2222222222222222,0.1111111111111111,21,11,0.5238095238095238,0.047619047619047616,15,5,3.0,2,2,1,0,3,7,-9,1,21,Draw,20.991001999999998
2021-2022,2022-01-11 00:00:00,Southampton,20,home,Brentford,4,1,3,12,6,0.5,0.3333333333333333,5,4,0.8,0.2,9,8,1.125,0,1,0,0,5,2,-6,3,24,Win,23.994006
2021-2022,2022-01-15 00:00:00,Southampton,21,away,Wolves,1,3,-2,13,10,0.7692307692307693,0.07692307692307693,9,5,0.5555555555555556,0.3333333333333333,14,13,1.0769230769230769,3,2,0,0,10,2,-8,0,24,Loss,23.99201
2021-2022,2022-01-22 00:00:00,Southampton,22,home,Man City,1,1,0,7,3,0.42857142857142855,0.14285714285714285,20,5,0.25,0.05,13,5,2.6,3,0,0,0,2,11,-8,1,25,Draw,24.992003
2021-2022,2022-02-09 00:00:00,Southampton,23,away,Tottenham,3,2,1,23,10,0.43478260869565216,0.13043478260869565,8,3,0.375,0.25,13,7,1.8571428571428572,3,2,0,0,8,2,-7,3,28,Win,27.993009999999998
2021-2022,2022-02-12 00:00:00,Southampton,24,away,Man United,1,1,0,13,4,0.3076923076923077,0.07692307692307693,12,8,0.6666666666666666,0.08333333333333333,13,12,1.0833333333333333,0,4,0,0,4,1,-7,1,29,Draw,28.993004
2021-2022,2022-02-19 00:00:00,Southampton,25,home,Everton,2,0,2,19,11,0.5789473684210527,0.10526315789473684,9,0,0.0,0.0,6,9,0.6666666666666666,0,2,0,0,4,4,-5,3,32,Win,31.995011
2021-2022,2022-02-25 00:00:00,Southampton,26,home,Norwich,2,0,2,27,9,0.3333333333333333,0.07407407407407407,8,1,0.125,0.0,12,9,1.3333333333333333,1,2,0,0,13,6,-3,3,35,Win,34.997009
2021-2022,2022-03-05 00:00:00,Southampton,27,away,Aston Villa,0,4,-4,11,1,0.09090909090909091,0.0,14,9,0.6428571428571429,0.2857142857142857,8,10,0.8,1,1,0,0,7,4,-7,0,35,Loss,34.993001
2021-2022,2022-03-10 00:00:00,Southampton,28,home,Newcastle,1,2,-1,14,5,0.35714285714285715,0.07142857142857142,8,4,0.5,0.25,6,7,0.8571428571428571,1,1,0,0,12,5,-8,0,35,Loss,34.992005
2021-2022,2022-03-13 00:00:00,Southampton,29,home,Watford,1,2,-1,13,7,0.5384615384615384,0.07692307692307693,9,5,0.5555555555555556,0.2222222222222222,8,12,0.6666666666666666,3,2,0,0,11,3,-9,0,35,Loss,34.991006999999996
2021-2022,2022-04-02 00:00:00,Southampton,30,away,Leeds,1,1,0,14,6,0.42857142857142855,0.07142857142857142,12,3,0.25,0.08333333333333333,7,14,0.5,1,1,0,0,7,4,-9,1,36,Draw,35.991006
2021-2022,2022-04-09 00:00:00,Southampton,31,home,Chelsea,0,6,-6,4,1,0.25,0.0,24,14,0.5833333333333334,0.25,11,10,1.1,1,0,0,0,3,3,-15,0,36,Loss,35.985001
2021-2022,2022-04-16 00:00:00,Southampton,32,home,Arsenal,1,0,1,9,3,0.3333333333333333,0.1111111111111111,23,6,0.2608695652173913,0.0,6,6,1.0,2,1,0,0,6,8,-14,3,39,Win,38.986003
2021-2022,2022-04-21 00:00:00,Southampton,33,away,Burnley,0,2,-2,11,3,0.2727272727272727,0.0,16,6,0.375,0.125,7,7,1.0,2,2,0,0,10,10,-16,0,39,Loss,38.984003
2021-2022,2022-04-24 00:00:00,Southampton,34,away,Brighton,2,2,0,18,5,0.2777777777777778,0.1111111111111111,8,5,0.625,0.25,7,12,0.5833333333333334,0,1,0,0,6,6,-16,1,40,Draw,39.984005
2021-2022,2022-04-30 00:00:00,Southampton,35,home,Crystal Palace,1,2,-1,8,3,0.375,0.125,14,5,0.35714285714285715,0.14285714285714285,13,11,1.1818181818181819,1,3,0,0,6,7,-17,0,40,Loss,39.983003
2021-2022,2022-05-07 00:00:00,Southampton,36,away,Brentford,0,3,-3,19,4,0.21052631578947367,0.0,18,5,0.2777777777777778,0.16666666666666666,9,12,0.75,1,0,0,0,7,4,-20,0,40,Loss,39.980003999999994
2021-2022,2022-05-17 00:00:00,Southampton,37,home,Liverpool,1,2,-1,4,2,0.5,0.25,24,5,0.20833333333333334,0.08333333333333333,6,6,1.0,2,0,0,0,1,9,-21,0,40,Loss,39.979002
2021-2022,2022-05-22 00:00:00,Southampton,38,away,Leicester,1,4,-3,7,2,0.2857142857142857,0.14285714285714285,12,6,0.5,0.3333333333333333,5,10,0.5,1,0,0,0,3,3,-24,0,40,Loss,39.976002
2021-2022,2021-08-15 00:00:00,Tottenham,1,home,Man City,1,0,1,13,3,0.23076923076923078,0.07692307692307693,18,4,0.2222222222222222,0.0,11,8,1.375,2,1,0,0,3,11,1,3,3,Win,3.001003
2021-2022,2021-08-22 00:00:00,Tottenham,2,away,Wolves,1,0,1,8,6,0.75,0.125,25,6,0.24,0.0,7,9,0.7777777777777778,4,1,0,0,4,5,2,3,6,Win,6.002006
2021-2022,2021-08-29 00:00:00,Tottenham,3,home,Watford,1,0,1,15,8,0.5333333333333333,0.06666666666666667,9,2,0.2222222222222222,0.0,8,14,0.5714285714285714,3,3,0,0,10,3,3,3,9,Win,9.003008
2021-2022,2021-09-11 00:00:00,Tottenham,4,away,Crystal Palace,0,3,-3,2,1,0.5,0.0,18,4,0.2222222222222222,0.16666666666666666,15,13,1.1538461538461537,1,2,1,0,2,8,0,0,9,Loss,9.000001
2021-2022,2021-09-19 00:00:00,Tottenham,5,home,Chelsea,0,3,-3,8,2,0.25,0.0,20,10,0.5,0.15,4,15,0.26666666666666666,0,1,0,0,5,11,-3,0,9,Loss,8.997002
2021-2022,2021-09-26 00:00:00,Tottenham,6,away,Arsenal,1,3,-2,10,4,0.4,0.1,12,7,0.5833333333333334,0.25,13,12,1.0833333333333333,1,2,0,0,4,4,-5,0,9,Loss,8.995004
2021-2022,2021-10-03 00:00:00,Tottenham,7,home,Aston Villa,2,1,1,17,8,0.47058823529411764,0.11764705882352941,14,3,0.21428571428571427,0.07142857142857142,11,14,0.7857142857142857,2,1,0,0,5,8,-4,3,12,Win,11.996008
2021-2022,2021-10-17 00:00:00,Tottenham,8,away,Newcastle,3,2,1,14,4,0.2857142857142857,0.21428571428571427,7,1,0.14285714285714285,0.2857142857142857,4,13,0.3076923076923077,1,4,0,1,9,2,-3,3,15,Win,14.997004
2021-2022,2021-10-24 00:00:00,Tottenham,9,away,West Ham,0,1,-1,7,4,0.5714285714285714,0.0,13,4,0.3076923076923077,0.07692307692307693,4,11,0.36363636363636365,1,2,0,0,4,2,-4,0,15,Loss,14.996004000000001
2021-2022,2021-10-30 00:00:00,Tottenham,10,home,Man United,0,3,-3,9,0,0.0,0.0,10,4,0.4,0.3,12,14,0.8571428571428571,2,3,0,0,10,2,-7,0,15,Loss,14.993
2021-2022,2021-11-07 00:00:00,Tottenham,11,away,Everton,0,0,0,8,0,0.0,0.0,12,2,0.16666666666666666,0.0,17,13,1.3076923076923077,4,2,0,1,2,4,-7,1,16,Draw,15.993
2021-2022,2021-11-21 00:00:00,Tottenham,12,home,Leeds,2,1,1,13,4,0.3076923076923077,0.15384615384615385,18,7,0.3888888888888889,0.05555555555555555,11,12,0.9166666666666666,1,4,0,0,4,8,-6,3,19,Win,18.994004
2021-2022,2021-12-02 00:00:00,Tottenham,13,home,Brentford,2,0,2,11,6,0.5454545454545454,0.18181818181818182,6,2,0.3333333333333333,0.0,13,11,1.1818181818181819,0,0,0,0,11,5,-4,3,22,Win,21.996005999999998
2021-2022,2021-12-05 00:00:00,Tottenham,14,home,Norwich,3,0,3,17,7,0.4117647058823529,0.17647058823529413,10,1,0.1,0.0,11,4,2.75,1,2,0,0,6,4,-1,3,25,Win,24.999007
2021-2022,2021-12-19 00:00:00,Tottenham,15,home,Liverpool,2,2,0,10,5,0.5,0.2,18,6,0.3333333333333333,0.1111111111111111,12,11,1.0909090909090908,4,4,0,1,6,4,-1,1,26,Draw,25.999005
2021-2022,2021-12-26 00:00:00,Tottenham,16,home,Crystal Palace,3,0,3,17,6,0.35294117647058826,0.17647058823529413,4,0,0.0,0.0,16,10,1.6,1,1,0,1,4,2,2,3,29,Win,29.002005999999998
2021-2022,2021-12-28 00:00:00,Tottenham,17,away,Southampton,1,1,0,21,11,0.5238095238095238,0.047619047619047616,9,2,0.2222222222222222,0.1111111111111111,5,15,0.3333333333333333,2,2,0,1,7,3,2,1,30,Draw,30.002011
2021-2022,2022-01-01 00:00:00,Tottenham,18,away,Watford,1,0,1,21,9,0.42857142857142855,0.047619047619047616,6,4,0.6666666666666666,0.0,9,6,1.5,1,0,0,0,7,3,3,3,33,Win,33.003009
2021-2022,2022-01-19 00:00:00,Tottenham,19,away,Leicester,3,2,1,27,10,0.37037037037037035,0.1111111111111111,14,4,0.2857142857142857,0.14285714285714285,12,6,2.0,2,1,0,0,8,3,4,3,36,Win,36.00401
2021-2022,2022-01-23 00:00:00,Tottenham,20,away,Chelsea,0,2,-2,6,3,0.5,0.0,15,7,0.4666666666666667,0.13333333333333333,14,17,0.8235294117647058,1,2,0,0,3,10,2,0,36,Loss,36.002003
2021-2022,2022-02-09 00:00:00,Tottenham,21,home,Southampton,2,3,-1,8,3,0.375,0.25,23,10,0.43478260869565216,0.13043478260869565,7,13,0.5384615384615384,2,3,0,0,2,8,1,0,36,Loss,36.001003
2021-2022,2022-02-13 00:00:00,Tottenham,22,home,Wolves,0,2,-2,17,7,0.4117647058823529,0.0,11,7,0.6363636363636364,0.18181818181818182,13,13,1.0,3,1,0,0,7,3,-1,0,36,Loss,35.999007
2021-2022,2022-02-19 00:00:00,Tottenham,23,away,Man City,3,2,1,6,5,0.8333333333333334,0.5,21,4,0.19047619047619047,0.09523809523809523,7,5,1.4,3,0,0,0,0,10,0,3,39,Win,39.000005
2021-2022,2022-02-23 00:00:00,Tottenham,24,away,Burnley,0,1,-1,12,2,0.16666666666666666,0.0,15,4,0.26666666666666666,0.06666666666666667,8,8,1.0,0,0,0,0,7,3,-1,0,39,Loss,38.999002000000004
2021-2022,2022-02-26 00:00:00,Tottenham,25,away,Leeds,4,0,4,15,11,0.7333333333333333,0.26666666666666666,19,3,0.15789473684210525,0.0,11,16,0.6875,2,4,0,0,6,3,3,3,42,Win,42.003011
2021-2022,2022-03-07 00:00:00,Tottenham,26,home,Everton,5,0,5,14,7,0.5,0.35714285714285715,6,0,0.0,0.0,15,10,1.5,2,0,0,0,5,2,8,3,45,Win,45.008007
2021-2022,2022-03-12 00:00:00,Tottenham,27,away,Man United,2,3,-1,10,3,0.3,0.2,10,6,0.6,0.3,7,8,0.875,1,2,0,0,5,4,7,0,45,Loss,45.007003
2021-2022,2022-03-16 00:00:00,Tottenham,28,away,Brighton,2,0,2,17,7,0.4117647058823529,0.11764705882352941,15,0,0.0,0.0,9,11,0.8181818181818182,2,2,0,0,3,6,9,3,48,Win,48.009007
2021-2022,2022-03-20 00:00:00,Tottenham,29,home,West Ham,3,1,2,17,4,0.23529411764705882,0.17647058823529413,6,1,0.16666666666666666,0.16666666666666666,7,7,1.0,0,1,0,0,5,3,11,3,51,Win,51.011004
2021-2022,2022-04-03 00:00:00,Tottenham,30,home,Newcastle,5,1,4,19,6,0.3157894736842105,0.2631578947368421,8,1,0.125,0.125,10,7,1.4285714285714286,2,3,0,0,2,3,15,3,54,Win,54.015006
2021-2022,2022-04-09 00:00:00,Tottenham,31,away,Aston Villa,4,0,4,11,5,0.45454545454545453,0.36363636363636365,9,8,0.8888888888888888,0.0,14,12,1.1666666666666667,3,2,0,0,3,9,19,3,57,Win,57.019005
2021-2022,2022-04-16 00:00:00,Tottenham,32,home,Brighton,0,1,-1,5,0,0.0,0.0,12,5,0.4166666666666667,0.08333333333333333,14,10,1.4,3,3,0,0,4,4,18,0,57,Loss,57.018
2021-2022,2022-04-23 00:00:00,Tottenham,33,away,Brentford,0,0,0,9,0,0.0,0.0,15,2,0.13333333333333333,0.0,7,8,0.875,1,2,0,0,8,12,18,1,58,Draw,58.018
2021-2022,2022-05-01 00:00:00,Tottenham,34,home,Leicester,3,1,2,13,7,0.5384615384615384,0.23076923076923078,6,2,0.3333333333333333,0.16666666666666666,13,8,1.625,2,3,0,0,7,3,20,3,61,Win,61.020007
2021-2022,2022-05-07 00:00:00,Tottenham,35,away,Liverpool,1,1,0,8,3,0.375,0.125,22,3,0.13636363636363635,0.045454545454545456,8,12,0.6666666666666666,2,3,0,0,5,11,20,1,62,Draw,62.020003
2021-2022,2022-05-12 00:00:00,Tottenham,36,home,Arsenal,3,0,3,16,6,0.375,0.1875,8,4,0.5,0.0,8,15,0.5333333333333333,1,3,0,1,2,2,23,3,65,Win,65.023006
2021-2022,2022-05-15 00:00:00,Tottenham,37,home,Burnley,1,0,1,21,8,0.38095238095238093,0.047619047619047616,8,1,0.125,0.0,12,8,1.5,3,2,0,0,8,2,24,3,68,Win,68.024008
2021-2022,2022-05-22 00:00:00,Tottenham,38,away,Norwich,5,0,5,19,13,0.6842105263157895,0.2631578947368421,9,0,0.0,0.0,7,13,0.5384615384615384,1,3,0,0,2,3,29,3,71,Win,71.02901299999999
2021-2022,2021-08-14 00:00:00,Watford,1,home,Aston Villa,3,2,1,13,7,0.5384615384615384,0.23076923076923078,11,2,0.18181818181818182,0.18181818181818182,18,13,1.3846153846153846,3,1,0,0,2,4,1,3,3,Win,3.001007
2021-2022,2021-08-21 00:00:00,Watford,2,away,Brighton,0,2,-2,10,1,0.1,0.0,13,3,0.23076923076923078,0.15384615384615385,6,11,0.5454545454545454,0,4,0,0,2,7,-1,0,3,Loss,2.9990010000000002
2021-2022,2021-08-29 00:00:00,Watford,3,away,Tottenham,0,1,-1,9,2,0.2222222222222222,0.0,15,8,0.5333333333333333,0.06666666666666667,14,8,1.75,3,3,0,0,3,10,-2,0,3,Loss,2.998002
2021-2022,2021-09-11 00:00:00,Watford,4,home,Wolves,0,2,-2,6,2,0.3333333333333333,0.0,14,5,0.35714285714285715,0.14285714285714285,15,13,1.1538461538461537,3,3,0,0,6,8,-4,0,3,Loss,2.996002
2021-2022,2021-09-18 00:00:00,Watford,5,away,Norwich,3,1,2,12,8,0.6666666666666666,0.25,12,5,0.4166666666666667,0.08333333333333333,14,10,1.4,1,1,0,0,8,4,-2,3,6,Win,5.9980080000000005
2021-2022,2021-09-25 00:00:00,Watford,6,home,Newcastle,1,1,0,15,4,0.26666666666666666,0.06666666666666667,20,6,0.3,0.05,19,12,1.5833333333333333,4,3,0,0,5,6,-2,1,7,Draw,6.998004
2021-2022,2021-10-02 00:00:00,Watford,7,away,Leeds,0,1,-1,5,1,0.2,0.0,20,4,0.2,0.05,16,10,1.6,3,0,0,0,3,6,-3,0,7,Loss,6.997001
2021-2022,2021-10-16 00:00:00,Watford,8,home,Liverpool,0,5,-5,6,2,0.3333333333333333,0.0,19,8,0.42105263157894735,0.2631578947368421,4,10,0.4,0,0,0,0,1,9,-8,0,7,Loss,6.992002
2021-2022,2021-10-23 00:00:00,Watford,9,away,Everton,5,2,3,20,8,0.4,0.25,15,4,0.26666666666666666,0.13333333333333333,13,9,1.4444444444444444,3,4,0,0,5,3,-5,3,10,Win,9.995007999999999
2021-2022,2021-10-30 00:00:00,Watford,10,home,Southampton,0,1,-1,10,4,0.4,0.0,12,1,0.08333333333333333,0.08333333333333333,16,6,2.6666666666666665,2,2,0,0,5,8,-6,0,10,Loss,9.994004
2021-2022,2021-11-07 00:00:00,Watford,11,away,Arsenal,0,1,-1,7,1,0.14285714285714285,0.0,14,6,0.42857142857142855,0.07142857142857142,19,6,3.1666666666666665,2,4,1,0,2,4,-7,0,10,Loss,9.993001
2021-2022,2021-11-20 00:00:00,Watford,12,home,Man United,4,1,3,20,7,0.35,0.2,9,3,0.3333333333333333,0.1111111111111111,7,5,1.4,2,1,0,1,9,3,-4,3,13,Win,12.996007
2021-2022,2021-11-28 00:00:00,Watford,13,away,Leicester,2,4,-2,16,5,0.3125,0.125,18,8,0.4444444444444444,0.2222222222222222,19,5,3.8,0,0,0,0,6,8,-6,0,13,Loss,12.994005
2021-2022,2021-12-01 00:00:00,Watford,14,home,Chelsea,1,2,-1,13,6,0.46153846153846156,0.07692307692307693,8,4,0.5,0.25,18,16,1.125,4,3,0,0,6,0,-7,0,13,Loss,12.993006000000001
2021-2022,2021-12-04 00:00:00,Watford,15,home,Man City,1,3,-2,11,4,0.36363636363636365,0.09090909090909091,26,13,0.5,0.11538461538461539,10,7,1.4285714285714286,3,0,0,0,5,11,-9,0,13,Loss,12.991004
2021-2022,2021-12-10 00:00:00,Watford,16,away,Brentford,1,2,-1,6,2,0.3333333333333333,0.16666666666666666,14,5,0.35714285714285715,0.14285714285714285,18,12,1.5,0,4,0,0,2,8,-10,0,13,Loss,12.990002
2021-2022,2021-12-28 00:00:00,Watford,17,home,West Ham,1,4,-3,14,5,0.35714285714285715,0.07142857142857142,13,6,0.46153846153846156,0.3076923076923077,12,12,1.0,0,1,0,0,4,5,-13,0,13,Loss,12.987005
2021-2022,2022-01-01 00:00:00,Watford,18,home,Tottenham,0,1,-1,6,4,0.6666666666666666,0.0,21,9,0.42857142857142855,0.047619047619047616,6,9,0.6666666666666666,0,1,0,0,3,7,-14,0,13,Loss,12.986004000000001
2021-2022,2022-01-15 00:00:00,Watford,19,away,Newcastle,1,1,0,18,5,0.2777777777777778,0.05555555555555555,12,1,0.08333333333333333,0.08333333333333333,13,13,1.0,2,3,0,0,6,4,-14,1,14,Draw,13.986005
2021-2022,2022-01-21 00:00:00,Watford,20,home,Norwich,0,3,-3,15,4,0.26666666666666666,0.0,7,2,0.2857142857142857,0.42857142857142855,16,11,1.4545454545454546,0,1,1,0,5,1,-17,0,14,Loss,13.983004000000001
2021-2022,2022-02-05 00:00:00,Watford,21,away,Burnley,0,0,0,11,5,0.45454545454545453,0.0,13,2,0.15384615384615385,0.0,9,16,0.5625,2,1,0,0,7,4,-17,1,15,Draw,14.983005
2021-2022,2022-02-08 00:00:00,Watford,22,away,West Ham,0,1,-1,6,1,0.16666666666666666,0.0,9,3,0.3333333333333333,0.1111111111111111,6,1,6.0,0,1,0,0,6,5,-18,0,15,Loss,14.982000999999999
2021-2022,2022-02-12 00:00:00,Watford,23,home,Brighton,0,2,-2,9,1,0.1111111111111111,0.0,11,6,0.5454545454545454,0.18181818181818182,16,9,1.7777777777777777,3,2,0,0,4,5,-20,0,15,Loss,14.980001
2021-2022,2022-02-19 00:00:00,Watford,24,away,Aston Villa,1,0,1,8,4,0.5,0.125,20,1,0.05,0.0,7,12,0.5833333333333334,2,1,0,0,5,10,-19,3,18,Win,17.981004000000002
2021-2022,2022-02-23 00:00:00,Watford,25,home,Crystal Palace,1,4,-3,8,1,0.125,0.125,7,5,0.7142857142857143,0.5714285714285714,12,9,1.3333333333333333,2,1,0,0,6,4,-22,0,18,Loss,17.978001000000003
2021-2022,2022-02-26 00:00:00,Watford,26,away,Man United,0,0,0,10,2,0.2,0.0,22,3,0.13636363636363635,0.0,7,2,3.5,0,0,0,0,3,4,-22,1,19,Draw,18.978002
2021-2022,2022-03-06 00:00:00,Watford,27,home,Arsenal,2,3,-1,13,7,0.5384615384615384,0.15384615384615385,16,4,0.25,0.1875,5,11,0.45454545454545453,1,2,0,0,1,5,-23,0,19,Loss,18.977007
2021-2022,2022-03-10 00:00:00,Watford,28,away,Wolves,0,4,-4,9,0,0.0,0.0,10,5,0.5,0.4,10,11,0.9090909090909091,2,2,0,0,2,5,-27,0,19,Loss,18.973
2021-2022,2022-03-13 00:00:00,Watford,29,away,Southampton,2,1,1,9,5,0.5555555555555556,0.2222222222222222,13,7,0.5384615384615384,0.07692307692307693,12,8,1.5,2,3,0,0,3,11,-26,3,22,Win,21.974005000000002
2021-2022,2022-04-02 00:00:00,Watford,30,away,Liverpool,0,2,-2,5,2,0.4,0.0,20,3,0.15,0.1,8,9,0.8888888888888888,1,1,0,0,3,9,-28,0,22,Loss,21.972002
2021-2022,2022-04-09 00:00:00,Watford,31,home,Leeds,0,3,-3,8,1,0.125,0.0,10,5,0.5,0.3,8,12,0.6666666666666666,2,0,0,0,3,8,-31,0,22,Loss,21.969001000000002
2021-2022,2022-04-16 00:00:00,Watford,32,home,Brentford,1,2,-1,17,4,0.23529411764705882,0.058823529411764705,16,5,0.3125,0.125,11,9,1.2222222222222223,2,1,0,0,6,5,-32,0,22,Loss,21.968004
2021-2022,2022-04-23 00:00:00,Watford,33,away,Man City,1,5,-4,5,2,0.4,0.2,21,8,0.38095238095238093,0.23809523809523808,7,9,0.7777777777777778,0,1,0,0,4,11,-36,0,22,Loss,21.964001999999997
2021-2022,2022-04-30 00:00:00,Watford,34,home,Burnley,1,2,-1,13,1,0.07692307692307693,0.07692307692307693,17,6,0.35294117647058826,0.11764705882352941,13,9,1.4444444444444444,1,2,0,0,5,6,-37,0,22,Loss,21.963001000000002
2021-2022,2022-05-07 00:00:00,Watford,35,away,Crystal Palace,0,1,-1,6,1,0.16666666666666666,0.0,15,7,0.4666666666666667,0.06666666666666667,18,11,1.6363636363636365,1,2,1,0,5,8,-38,0,22,Loss,21.962001
2021-2022,2022-05-11 00:00:00,Watford,36,home,Everton,0,0,0,6,0,0.0,0.0,16,5,0.3125,0.0,5,12,0.4166666666666667,1,2,0,0,1,13,-38,1,23,Draw,22.962
2021-2022,2022-05-15 00:00:00,Watford,37,home,Leicester,1,5,-4,13,5,0.38461538461538464,0.07692307692307693,13,7,0.5384615384615384,0.38461538461538464,4,6,0.6666666666666666,0,1,0,0,7,3,-42,0,23,Loss,22.958005
2021-2022,2022-05-22 00:00:00,Watford,38,away,Chelsea,1,2,-1,8,3,0.375,0.125,19,8,0.42105263157894735,0.10526315789473684,9,9,1.0,0,0,0,0,3,3,-43,0,23,Loss,22.957003
2021-2022,2021-08-15 00:00:00,West Ham,1,away,Newcastle,4,2,2,8,9,1.125,0.5,17,3,0.17647058823529413,0.11764705882352941,3,4,0.75,0,1,0,0,6,7,2,3,3,Win,3.0020089999999997
2021-2022,2021-08-23 00:00:00,West Ham,2,home,Leicester,4,1,3,13,7,0.5384615384615384,0.3076923076923077,5,1,0.2,0.2,8,8,1.0,0,1,0,1,10,0,5,3,6,Win,6.005007
2021-2022,2021-08-28 00:00:00,West Ham,3,home,Crystal Palace,2,2,0,14,4,0.2857142857142857,0.14285714285714285,9,2,0.2222222222222222,0.2222222222222222,10,7,1.4285714285714286,1,0,0,0,5,3,5,1,7,Draw,7.005004
2021-2022,2021-09-11 00:00:00,West Ham,4,away,Southampton,0,0,0,13,3,0.23076923076923078,0.0,11,3,0.2727272727272727,0.0,12,10,1.2,1,3,1,0,4,5,5,1,8,Draw,8.005003
2021-2022,2021-09-19 00:00:00,West Ham,5,home,Man United,1,2,-1,13,4,0.3076923076923077,0.07692307692307693,17,10,0.5882352941176471,0.11764705882352941,5,8,0.625,0,0,0,0,2,11,4,0,8,Loss,8.004004
2021-2022,2021-09-25 00:00:00,West Ham,6,away,Leeds,2,1,1,20,7,0.35,0.1,15,5,0.3333333333333333,0.06666666666666667,6,10,0.6,2,3,0,0,7,5,5,3,11,Win,11.005007
2021-2022,2021-10-03 00:00:00,West Ham,7,home,Brentford,1,2,-1,18,5,0.2777777777777778,0.05555555555555555,13,6,0.46153846153846156,0.15384615384615385,16,13,1.2307692307692308,2,3,0,0,11,6,4,0,11,Loss,11.004005
2021-2022,2021-10-17 00:00:00,West Ham,8,away,Everton,1,0,1,16,4,0.25,0.0625,15,2,0.13333333333333333,0.0,3,3,1.0,2,0,0,0,9,7,5,3,14,Win,14.005004000000001
2021-2022,2021-10-24 00:00:00,West Ham,9,home,Tottenham,1,0,1,13,4,0.3076923076923077,0.07692307692307693,7,4,0.5714285714285714,0.0,11,4,2.75,2,1,0,0,2,4,6,3,17,Win,17.006004
2021-2022,2021-10-31 00:00:00,West Ham,10,away,Aston Villa,4,1,3,21,9,0.42857142857142855,0.19047619047619047,9,3,0.3333333333333333,0.1111111111111111,13,7,1.8571428571428572,2,1,0,1,6,3,9,3,20,Win,20.009009
2021-2022,2021-11-07 00:00:00,West Ham,11,home,Liverpool,3,2,1,7,3,0.42857142857142855,0.42857142857142855,16,5,0.3125,0.125,11,6,1.8333333333333333,1,1,0,0,3,2,10,3,23,Win,23.010003
2021-2022,2021-11-20 00:00:00,West Ham,12,away,Wolves,0,1,-1,8,3,0.375,0.0,15,5,0.3333333333333333,0.06666666666666667,9,6,1.5,1,1,0,0,3,7,9,0,23,Loss,23.009003
2021-2022,2021-11-28 00:00:00,West Ham,13,away,Man City,1,2,-1,5,3,0.6,0.2,19,9,0.47368421052631576,0.10526315789473684,6,7,0.8571428571428571,0,2,0,0,4,8,8,0,23,Loss,23.008003
2021-2022,2021-12-01 00:00:00,West Ham,14,home,Brighton,1,1,0,14,6,0.42857142857142855,0.07142857142857142,9,3,0.3333333333333333,0.1111111111111111,10,8,1.25,1,1,0,0,9,5,8,1,24,Draw,24.008005999999998
2021-2022,2021-12-04 00:00:00,West Ham,15,home,Chelsea,3,2,1,11,5,0.45454545454545453,0.2727272727272727,19,7,0.3684210526315789,0.10526315789473684,10,10,1.0,1,3,0,0,1,9,9,3,27,Win,27.009005000000002
2021-2022,2021-12-12 00:00:00,West Ham,16,away,Burnley,0,0,0,16,3,0.1875,0.0,9,1,0.1111111111111111,0.0,11,13,0.8461538461538461,1,2,0,0,4,6,9,1,28,Draw,28.009003
2021-2022,2021-12-15 00:00:00,West Ham,17,away,Arsenal,0,2,-2,7,1,0.14285714285714285,0.0,21,8,0.38095238095238093,0.09523809523809523,9,8,1.125,0,2,1,0,2,5,7,0,28,Loss,28.007001000000002
2021-2022,2021-12-26 00:00:00,West Ham,18,home,Southampton,2,3,-1,11,5,0.45454545454545453,0.18181818181818182,11,6,0.5454545454545454,0.2727272727272727,10,9,1.1111111111111112,2,3,0,0,10,2,6,0,28,Loss,28.006005000000002
2021-2022,2021-12-28 00:00:00,West Ham,19,away,Watford,4,1,3,13,6,0.46153846153846156,0.3076923076923077,14,5,0.35714285714285715,0.07142857142857142,12,12,1.0,1,0,0,0,5,4,9,3,31,Win,31.009006
2021-2022,2022-01-01 00:00:00,West Ham,20,away,Crystal Palace,3,2,1,10,5,0.5,0.3,22,6,0.2727272727272727,0.09090909090909091,16,6,2.6666666666666665,2,0,0,0,1,9,10,3,34,Win,34.010005
2021-2022,2022-01-12 00:00:00,West Ham,21,home,Norwich,2,0,2,13,5,0.38461538461538464,0.15384615384615385,7,3,0.42857142857142855,0.0,9,8,1.125,0,0,0,0,11,2,12,3,37,Win,37.012005
2021-2022,2022-01-16 00:00:00,West Ham,22,home,Leeds,2,3,-1,15,5,0.3333333333333333,0.13333333333333333,18,5,0.2777777777777778,0.16666666666666666,6,9,0.6666666666666666,3,2,0,0,4,3,11,0,37,Loss,37.011005000000004
2021-2022,2022-01-22 00:00:00,West Ham,23,away,Man United,0,1,-1,6,1,0.16666666666666666,0.0,18,3,0.16666666666666666,0.05555555555555555,8,9,0.8888888888888888,1,1,0,0,3,3,10,0,37,Loss,37.010000999999995
2021-2022,2022-02-08 00:00:00,West Ham,24,home,Watford,1,0,1,9,3,0.3333333333333333,0.1111111111111111,6,1,0.16666666666666666,0.0,1,6,0.16666666666666666,1,0,0,0,5,6,11,3,40,Win,40.011003
2021-2022,2022-02-13 00:00:00,West Ham,25,away,Leicester,2,2,0,8,3,0.375,0.25,13,2,0.15384615384615385,0.15384615384615385,9,10,0.9,2,1,0,0,4,5,11,1,41,Draw,41.011003
2021-2022,2022-02-19 00:00:00,West Ham,26,home,Newcastle,1,1,0,11,3,0.2727272727272727,0.09090909090909091,14,3,0.21428571428571427,0.07142857142857142,3,7,0.42857142857142855,3,3,0,0,3,7,11,1,42,Draw,42.011003
2021-2022,2022-02-27 00:00:00,West Ham,27,home,Wolves,1,0,1,13,4,0.3076923076923077,0.07692307692307693,14,1,0.07142857142857142,0.0,8,2,4.0,1,0,0,0,3,5,12,3,45,Win,45.012004
2021-2022,2022-03-05 00:00:00,West Ham,28,away,Liverpool,0,1,-1,13,5,0.38461538461538464,0.0,22,5,0.22727272727272727,0.045454545454545456,7,7,1.0,1,2,0,0,6,4,11,0,45,Loss,45.011005000000004
2021-2022,2022-03-13 00:00:00,West Ham,29,home,Aston Villa,2,1,1,11,4,0.36363636363636365,0.18181818181818182,13,7,0.5384615384615384,0.07692307692307693,9,3,3.0,1,0,0,0,5,7,12,3,48,Win,48.012004
2021-2022,2022-03-20 00:00:00,West Ham,30,away,Tottenham,1,3,-2,6,1,0.16666666666666666,0.16666666666666666,17,4,0.23529411764705882,0.17647058823529413,7,7,1.0,1,0,0,0,3,5,10,0,48,Loss,48.010000999999995
2021-2022,2022-04-03 00:00:00,West Ham,31,home,Everton,2,1,1,11,5,0.45454545454545453,0.18181818181818182,13,2,0.15384615384615385,0.07692307692307693,9,12,0.75,1,1,0,1,2,4,11,3,51,Win,51.011005000000004
2021-2022,2022-04-10 00:00:00,West Ham,32,away,Brentford,0,2,-2,5,1,0.2,0.0,15,7,0.4666666666666667,0.13333333333333333,6,2,3.0,1,0,0,0,6,4,9,0,51,Loss,51.009001
2021-2022,2022-04-17 00:00:00,West Ham,33,home,Burnley,1,1,0,21,8,0.38095238095238093,0.047619047619047616,9,1,0.1111111111111111,0.1111111111111111,9,10,0.9,2,2,0,0,13,4,9,1,52,Draw,52.009008
2021-2022,2022-04-24 00:00:00,West Ham,34,away,Chelsea,0,1,-1,6,2,0.3333333333333333,0.0,26,5,0.19230769230769232,0.038461538461538464,9,11,0.8181818181818182,0,1,1,0,1,3,8,0,52,Loss,52.008002000000005
2021-2022,2022-05-01 00:00:00,West Ham,35,home,Arsenal,1,2,-1,8,3,0.375,0.125,13,7,0.5384615384615384,0.15384615384615385,8,9,0.8888888888888888,2,2,0,0,3,7,7,0,52,Loss,52.007003
2021-2022,2022-05-08 00:00:00,West Ham,36,away,Norwich,4,0,4,13,5,0.38461538461538464,0.3076923076923077,8,2,0.25,0.0,7,7,1.0,1,1,0,0,5,9,11,3,55,Win,55.011005000000004
2021-2022,2022-05-15 00:00:00,West Ham,37,home,Man City,2,2,0,6,2,0.3333333333333333,0.3333333333333333,31,8,0.25806451612903225,0.06451612903225806,9,5,1.8,3,1,0,0,4,9,11,1,56,Draw,56.011002000000005
2021-2022,2022-05-22 00:00:00,West Ham,38,away,Brighton,1,3,-2,7,2,0.2857142857142857,0.14285714285714285,18,7,0.3888888888888889,0.16666666666666666,9,9,1.0,1,1,0,0,6,5,9,0,56,Loss,56.009002
2021-2022,2021-08-14 00:00:00,Wolves,1,away,Leicester,0,1,-1,17,3,0.17647058823529413,0.0,9,5,0.5555555555555556,0.1111111111111111,10,6,1.6666666666666667,2,1,0,0,4,5,-1,0,0,Loss,-0.000997
2021-2022,2021-08-22 00:00:00,Wolves,2,home,Tottenham,0,1,-1,25,6,0.24,0.0,8,6,0.75,0.125,9,7,1.2857142857142858,1,4,0,0,5,4,-2,0,0,Loss,-0.001994
2021-2022,2021-08-29 00:00:00,Wolves,3,home,Man United,0,1,-1,15,6,0.4,0.0,10,3,0.3,0.1,7,9,0.7777777777777778,3,4,0,0,5,7,-3,0,0,Loss,-0.002994
2021-2022,2021-09-11 00:00:00,Wolves,4,away,Watford,2,0,2,14,5,0.35714285714285715,0.14285714285714285,6,2,0.3333333333333333,0.0,13,15,0.8666666666666667,3,3,0,0,8,6,-1,3,3,Win,2.999005
2021-2022,2021-09-18 00:00:00,Wolves,5,home,Brentford,0,2,-2,11,0,0.0,0.0,9,3,0.3333333333333333,0.2222222222222222,10,7,1.4285714285714286,4,2,0,1,4,2,-3,0,3,Loss,2.997
2021-2022,2021-09-26 00:00:00,Wolves,6,away,Southampton,1,0,1,5,3,0.6,0.2,18,6,0.3333333333333333,0.0,8,12,0.6666666666666666,0,0,0,0,5,5,-2,3,6,Win,5.998003000000001
2021-2022,2021-10-02 00:00:00,Wolves,7,home,Newcastle,2,1,1,7,3,0.42857142857142855,0.2857142857142857,8,2,0.25,0.125,15,5,3.0,0,2,0,0,0,4,-1,3,9,Win,8.999003
2021-2022,2021-10-16 00:00:00,Wolves,8,away,Aston Villa,3,2,1,9,4,0.4444444444444444,0.3333333333333333,14,5,0.35714285714285715,0.14285714285714285,17,8,2.125,3,2,0,0,7,6,0,3,12,Win,12.000004
2021-2022,2021-10-23 00:00:00,Wolves,9,away,Leeds,1,1,0,8,4,0.5,0.125,18,4,0.2222222222222222,0.05555555555555555,14,15,0.9333333333333333,3,2,0,0,3,6,0,1,13,Draw,13.000004
2021-2022,2021-11-01 00:00:00,Wolves,10,home,Everton,2,1,1,10,4,0.4,0.2,14,5,0.35714285714285715,0.07142857142857142,10,8,1.25,1,1,0,0,4,3,1,3,16,Win,16.001004000000002
2021-2022,2021-11-06 00:00:00,Wolves,11,away,Crystal Palace,0,2,-2,4,2,0.5,0.0,13,6,0.46153846153846156,0.15384615384615385,13,14,0.9285714285714286,1,2,0,0,6,4,-1,0,16,Loss,15.999002
2021-2022,2021-11-20 00:00:00,Wolves,12,home,West Ham,1,0,1,15,5,0.3333333333333333,0.06666666666666667,8,3,0.375,0.0,6,9,0.6666666666666666,1,1,0,0,7,3,0,3,19,Win,19.000005
2021-2022,2021-11-27 00:00:00,Wolves,13,away,Norwich,0,0,0,5,2,0.4,0.0,14,4,0.2857142857142857,0.0,10,11,0.9090909090909091,2,2,0,0,3,4,0,1,20,Draw,20.000002
2021-2022,2021-12-01 00:00:00,Wolves,14,home,Burnley,0,0,0,16,2,0.125,0.0,6,1,0.16666666666666666,0.0,5,7,0.7142857142857143,2,3,0,0,5,5,0,1,21,Draw,21.000002
2021-2022,2021-12-04 00:00:00,Wolves,15,home,Liverpool,0,1,-1,3,1,0.3333333333333333,0.0,17,5,0.29411764705882354,0.058823529411764705,4,7,0.5714285714285714,2,2,0,0,2,8,-1,0,21,Loss,20.999001
2021-2022,2021-12-11 00:00:00,Wolves,16,away,Man City,0,1,-1,2,1,0.5,0.0,24,10,0.4166666666666667,0.041666666666666664,5,12,0.4166666666666667,2,3,1,0,1,14,-2,0,21,Loss,20.998001000000002
2021-2022,2021-12-15 00:00:00,Wolves,17,away,Brighton,1,0,1,8,5,0.625,0.125,12,2,0.16666666666666666,0.0,14,11,1.2727272727272727,0,2,0,0,4,7,-1,3,24,Win,23.999005
2021-2022,2021-12-19 00:00:00,Wolves,18,home,Chelsea,0,0,0,4,1,0.25,0.0,8,1,0.125,0.0,9,7,1.2857142857142858,0,2,0,0,4,9,-1,1,25,Draw,24.999001
2021-2022,2022-01-03 00:00:00,Wolves,19,away,Man United,1,0,1,19,6,0.3157894736842105,0.05263157894736842,9,2,0.2222222222222222,0.0,8,9,0.8888888888888888,1,3,0,0,8,3,0,3,28,Win,28.000006
2021-2022,2022-01-15 00:00:00,Wolves,20,home,Southampton,3,1,2,9,5,0.5555555555555556,0.3333333333333333,13,10,0.7692307692307693,0.07692307692307693,13,14,0.9285714285714286,2,3,0,0,2,10,2,3,31,Win,31.002005
2021-2022,2022-01-22 00:00:00,Wolves,21,away,Brentford,2,1,1,7,2,0.2857142857142857,0.2857142857142857,11,1,0.09090909090909091,0.09090909090909091,7,6,1.1666666666666667,3,2,0,0,3,6,3,3,34,Win,34.003002
2021-2022,2022-02-10 00:00:00,Wolves,22,home,Arsenal,0,1,-1,15,4,0.26666666666666666,0.0,12,2,0.16666666666666666,0.08333333333333333,12,13,0.9230769230769231,2,3,0,1,7,4,2,0,34,Loss,34.002004
2021-2022,2022-02-13 00:00:00,Wolves,23,away,Tottenham,2,0,2,11,7,0.6363636363636364,0.18181818181818182,17,7,0.4117647058823529,0.0,13,13,1.0,1,3,0,0,3,7,4,3,37,Win,37.004006999999994
2021-2022,2022-02-20 00:00:00,Wolves,24,home,Leicester,2,1,1,11,3,0.2727272727272727,0.18181818181818182,17,7,0.4117647058823529,0.058823529411764705,12,9,1.3333333333333333,4,4,0,0,7,10,5,3,40,Win,40.005003
2021-2022,2022-02-24 00:00:00,Wolves,25,away,Arsenal,1,2,-1,6,2,0.3333333333333333,0.16666666666666666,26,5,0.19230769230769232,0.07692307692307693,9,8,1.125,1,1,0,0,4,5,4,0,40,Loss,40.004002
2021-2022,2022-02-27 00:00:00,Wolves,26,away,West Ham,0,1,-1,14,1,0.07142857142857142,0.0,13,4,0.3076923076923077,0.07692307692307693,2,8,0.25,0,1,0,0,5,3,3,0,40,Loss,40.003001
2021-2022,2022-03-05 00:00:00,Wolves,27,home,Crystal Palace,0,2,-2,12,5,0.4166666666666667,0.0,12,8,0.6666666666666666,0.16666666666666666,13,8,1.625,0,3,0,0,7,7,1,0,40,Loss,40.001005
2021-2022,2022-03-10 00:00:00,Wolves,28,home,Watford,4,0,4,10,5,0.5,0.4,9,0,0.0,0.0,11,10,1.1,2,2,0,0,5,2,5,3,43,Win,43.005005000000004
2021-2022,2022-03-13 00:00:00,Wolves,29,away,Everton,1,0,1,14,3,0.21428571428571427,0.07142857142857142,8,2,0.25,0.0,11,13,0.8461538461538461,1,2,0,1,2,5,6,3,46,Win,46.006003
2021-2022,2022-03-18 00:00:00,Wolves,30,home,Leeds,2,3,-1,14,8,0.5714285714285714,0.14285714285714285,15,6,0.4,0.2,13,14,0.9285714285714286,1,4,1,0,2,5,5,0,46,Loss,46.005008000000004
2021-2022,2022-04-02 00:00:00,Wolves,31,home,Aston Villa,2,1,1,11,5,0.45454545454545453,0.18181818181818182,15,5,0.3333333333333333,0.06666666666666667,15,8,1.875,4,3,0,0,4,9,6,3,49,Win,49.006005
2021-2022,2022-04-08 00:00:00,Wolves,32,away,Newcastle,0,1,-1,5,2,0.4,0.0,12,4,0.3333333333333333,0.08333333333333333,13,6,2.1666666666666665,1,1,0,0,2,1,5,0,49,Loss,49.005002000000005
2021-2022,2022-04-24 00:00:00,Wolves,33,away,Burnley,0,1,-1,10,4,0.4,0.0,14,5,0.35714285714285715,0.07142857142857142,7,8,0.875,1,3,0,0,6,3,4,0,49,Loss,49.004003999999995
2021-2022,2022-04-30 00:00:00,Wolves,34,home,Brighton,0,3,-3,11,1,0.09090909090909091,0.0,17,9,0.5294117647058824,0.17647058823529413,6,4,1.5,2,1,0,0,7,3,1,0,49,Loss,49.001000999999995
2021-2022,2022-05-07 00:00:00,Wolves,35,away,Chelsea,2,2,0,14,4,0.2857142857142857,0.14285714285714285,19,6,0.3157894736842105,0.10526315789473684,11,7,1.5714285714285714,3,1,0,0,3,9,1,1,50,Draw,50.001003999999995
2021-2022,2022-05-11 00:00:00,Wolves,36,home,Man City,1,5,-4,7,3,0.42857142857142855,0.14285714285714285,16,5,0.3125,0.3125,2,10,0.2,0,1,0,0,6,2,-3,0,50,Loss,49.997003
2021-2022,2022-05-15 00:00:00,Wolves,37,home,Norwich,1,1,0,17,4,0.23529411764705882,0.058823529411764705,11,2,0.18181818181818182,0.09090909090909091,5,10,0.5,0,3,0,0,5,3,-3,1,51,Draw,50.997004
2021-2022,2022-05-22 00:00:00,Wolves,38,away,Liverpool,1,3,-2,7,5,0.7142857142857143,0.14285714285714285,29,8,0.27586206896551724,0.10344827586206896,3,6,0.5,0,1,0,0,3,5,-5,0,51,Loss,50.995005
2022-2023,2022-08-05 00:00:00,Arsenal,1,away,Crystal Palace,2,0,2,10,2,0.2,0.2,10,2,0.2,0.0,11,16,0.6875,2,1,0,0,5,3,2,3,3,Win,3.0020019999999996
2022-2023,2022-08-13 00:00:00,Arsenal,2,home,Leicester,4,2,2,19,7,0.3684210526315789,0.21052631578947367,6,2,0.3333333333333333,0.3333333333333333,15,9,1.6666666666666667,1,1,0,0,6,2,4,3,6,Win,6.004007
2022-2023,2022-08-20 00:00:00,Arsenal,3,away,Bournemouth,3,0,3,14,6,0.42857142857142855,0.21428571428571427,6,1,0.16666666666666666,0.0,10,12,0.8333333333333334,1,2,0,0,4,3,7,3,9,Win,9.007006
2022-2023,2022-08-27 00:00:00,Arsenal,4,home,Fulham,2,1,1,22,8,0.36363636363636365,0.09090909090909091,11,3,0.2727272727272727,0.09090909090909091,6,12,0.5,2,3,0,0,9,2,8,3,12,Win,12.008007999999998
2022-2023,2022-08-31 00:00:00,Arsenal,5,home,Aston Villa,2,1,1,22,9,0.4090909090909091,0.09090909090909091,4,3,0.75,0.25,10,14,0.7142857142857143,2,3,0,0,10,3,9,3,15,Win,15.009009
2022-2023,2022-09-04 00:00:00,Arsenal,6,away,Man United,1,3,-2,16,3,0.1875,0.0625,10,6,0.6,0.3,9,13,0.6923076923076923,3,3,0,0,5,2,7,0,15,Loss,15.007003
2022-2023,2022-09-18 00:00:00,Arsenal,7,away,Brentford,3,0,3,13,7,0.5384615384615384,0.23076923076923078,5,2,0.4,0.0,10,10,1.0,2,0,0,0,3,3,10,3,18,Win,18.010007
2022-2023,2022-10-01 00:00:00,Arsenal,8,home,Tottenham,3,1,2,22,9,0.4090909090909091,0.13636363636363635,7,3,0.42857142857142855,0.14285714285714285,10,10,1.0,2,1,0,1,5,2,12,3,21,Win,21.012009
2022-2023,2022-10-09 00:00:00,Arsenal,9,home,Liverpool,3,2,1,11,7,0.6363636363636364,0.2727272727272727,8,3,0.375,0.25,11,11,1.0,1,2,0,0,4,3,13,3,24,Win,24.013007
2022-2023,2022-10-16 00:00:00,Arsenal,10,away,Leeds,1,0,1,9,4,0.4444444444444444,0.1111111111111111,16,4,0.25,0.0,11,10,1.1,2,0,0,0,3,6,14,3,27,Win,27.014004
2022-2023,2022-10-23 00:00:00,Arsenal,11,away,Southampton,1,1,0,12,3,0.25,0.08333333333333333,10,3,0.3,0.1,8,11,0.7272727272727273,1,2,0,0,4,9,14,1,28,Draw,28.014003
2022-2023,2022-10-30 00:00:00,Arsenal,12,home,Nott'm Forest,5,0,5,24,10,0.4166666666666667,0.20833333333333334,5,2,0.4,0.0,9,8,1.125,0,1,0,0,9,4,19,3,31,Win,31.019009999999998
2022-2023,2022-11-06 00:00:00,Arsenal,13,away,Chelsea,1,0,1,14,2,0.14285714285714285,0.07142857142857142,5,1,0.2,0.0,13,20,0.65,2,5,0,0,6,4,20,3,34,Win,34.020002000000005
2022-2023,2022-11-12 00:00:00,Arsenal,14,away,Wolves,2,0,2,14,4,0.2857142857142857,0.14285714285714285,11,2,0.18181818181818182,0.0,6,5,1.2,2,3,0,0,4,6,22,3,37,Win,37.022003999999995
2022-2023,2022-12-26 00:00:00,Arsenal,15,home,West Ham,3,1,2,16,5,0.3125,0.1875,8,4,0.5,0.125,13,17,0.7647058823529411,0,2,0,0,7,5,24,3,40,Win,40.024005
2022-2023,2022-12-31 00:00:00,Arsenal,16,away,Brighton,4,2,2,14,7,0.5,0.2857142857142857,9,5,0.5555555555555556,0.2222222222222222,11,7,1.5714285714285714,3,3,0,0,4,7,26,3,43,Win,43.026007
2022-2023,2023-01-03 00:00:00,Arsenal,17,home,Newcastle,0,0,0,17,4,0.23529411764705882,0.0,8,1,0.125,0.0,10,16,0.625,4,4,0,0,5,5,26,1,44,Draw,44.026004
2022-2023,2023-01-15 00:00:00,Arsenal,18,away,Tottenham,2,0,2,14,5,0.35714285714285715,0.14285714285714285,17,7,0.4117647058823529,0.0,15,16,0.9375,2,4,0,0,3,4,28,3,47,Win,47.028005
2022-2023,2023-01-22 00:00:00,Arsenal,19,home,Man United,3,2,1,25,5,0.2,0.12,6,4,0.6666666666666666,0.3333333333333333,8,9,0.8888888888888888,1,2,0,0,12,4,29,3,50,Win,50.029005000000005
2022-2023,2023-02-04 00:00:00,Arsenal,20,away,Everton,0,1,-1,15,3,0.2,0.0,12,4,0.3333333333333333,0.08333333333333333,8,13,0.6153846153846154,1,4,0,0,5,7,28,0,50,Loss,50.028003
2022-2023,2023-02-11 00:00:00,Arsenal,21,home,Brentford,1,1,0,23,7,0.30434782608695654,0.043478260869565216,9,2,0.2222222222222222,0.1111111111111111,9,9,1.0,0,2,0,0,7,4,28,1,51,Draw,51.028006999999995
2022-2023,2023-02-15 00:00:00,Arsenal,22,home,Man City,1,3,-2,10,1,0.1,0.1,9,6,0.6666666666666666,0.3333333333333333,11,15,0.7333333333333333,2,3,0,0,1,3,26,0,51,Loss,51.026001
2022-2023,2023-02-18 00:00:00,Arsenal,23,away,Aston Villa,4,2,2,20,5,0.25,0.2,7,5,0.7142857142857143,0.2857142857142857,4,13,0.3076923076923077,1,2,0,0,9,2,28,3,54,Win,54.028005
2022-2023,2023-02-25 00:00:00,Arsenal,24,away,Leicester,1,0,1,10,2,0.2,0.1,1,0,0.0,0.0,9,14,0.6428571428571429,1,0,0,0,8,0,29,3,57,Win,57.029002000000006
2022-2023,2023-03-01 00:00:00,Arsenal,25,home,Everton,4,0,4,15,5,0.3333333333333333,0.26666666666666666,8,5,0.625,0.0,5,12,0.4166666666666667,0,2,0,0,5,1,33,3,60,Win,60.033005
2022-2023,2023-03-04 00:00:00,Arsenal,26,home,Bournemouth,3,2,1,31,9,0.2903225806451613,0.0967741935483871,4,4,1.0,0.5,6,8,0.75,0,2,0,0,17,1,34,3,63,Win,63.034009
2022-2023,2023-03-12 00:00:00,Arsenal,27,away,Fulham,3,0,3,15,7,0.4666666666666667,0.2,12,2,0.16666666666666666,0.0,9,10,0.9,1,0,0,0,8,4,37,3,66,Win,66.037007
2022-2023,2023-03-19 00:00:00,Arsenal,28,home,Crystal Palace,4,1,3,15,5,0.3333333333333333,0.26666666666666666,8,4,0.5,0.125,8,10,0.8,0,1,0,0,5,4,40,3,69,Win,69.04000500000001
2022-2023,2023-04-01 00:00:00,Arsenal,29,home,Leeds,4,1,3,13,6,0.46153846153846156,0.3076923076923077,7,5,0.7142857142857143,0.14285714285714285,11,13,0.8461538461538461,0,2,0,0,4,3,43,3,72,Win,72.043006
2022-2023,2023-04-09 00:00:00,Arsenal,30,away,Liverpool,2,2,0,9,5,0.5555555555555556,0.2222222222222222,21,6,0.2857142857142857,0.09523809523809523,11,11,1.0,4,4,0,0,4,5,43,1,73,Draw,73.04300500000001
2022-2023,2023-04-16 00:00:00,Arsenal,31,away,West Ham,2,2,0,11,5,0.45454545454545453,0.18181818181818182,16,3,0.1875,0.125,8,11,0.7272727272727273,2,1,0,0,2,7,43,1,74,Draw,74.04300500000001
2022-2023,2023-04-21 00:00:00,Arsenal,32,home,Southampton,3,3,0,25,6,0.24,0.12,8,6,0.75,0.375,10,14,0.7142857142857143,1,5,0,0,7,2,43,1,75,Draw,75.043006
2022-2023,2023-04-26 00:00:00,Arsenal,33,away,Man City,1,4,-3,8,2,0.25,0.125,14,9,0.6428571428571429,0.2857142857142857,13,13,1.0,1,3,0,0,3,1,40,0,75,Loss,75.040002
2022-2023,2023-05-02 00:00:00,Arsenal,34,home,Chelsea,3,1,2,16,10,0.625,0.1875,7,4,0.5714285714285714,0.14285714285714285,10,10,1.0,0,2,0,0,7,2,42,3,78,Win,78.04201
2022-2023,2023-05-07 00:00:00,Arsenal,35,away,Newcastle,2,0,2,10,6,0.6,0.2,12,5,0.4166666666666667,0.0,12,16,0.75,1,2,0,0,4,9,44,3,81,Win,81.044006
2022-2023,2023-05-14 00:00:00,Arsenal,36,home,Brighton,0,3,-3,14,2,0.14285714285714285,0.0,12,6,0.5,0.25,13,17,0.7647058823529411,1,2,0,0,5,2,41,0,81,Loss,81.04100199999999
2022-2023,2023-05-20 00:00:00,Arsenal,37,away,Nott'm Forest,0,1,-1,11,3,0.2727272727272727,0.0,6,2,0.3333333333333333,0.16666666666666666,12,11,1.0909090909090908,2,3,0,0,6,3,40,0,81,Loss,81.04000300000001
2022-2023,2023-05-28 00:00:00,Arsenal,38,home,Wolves,5,0,5,14,8,0.5714285714285714,0.35714285714285715,6,0,0.0,0.0,8,11,0.7272727272727273,0,0,0,0,8,4,45,3,84,Win,84.045008
2022-2023,2022-08-06 00:00:00,Aston Villa,1,away,Bournemouth,0,2,-2,15,2,0.13333333333333333,0.0,7,3,0.42857142857142855,0.2857142857142857,16,18,0.8888888888888888,3,3,0,0,5,5,-2,0,0,Loss,-0.001998
2022-2023,2022-08-13 00:00:00,Aston Villa,2,home,Everton,2,1,1,12,4,0.3333333333333333,0.16666666666666666,15,4,0.26666666666666666,0.06666666666666667,9,7,1.2857142857142858,4,1,0,0,5,8,-1,3,3,Win,2.9990040000000002
2022-2023,2022-08-20 00:00:00,Aston Villa,3,away,Crystal Palace,1,3,-2,13,5,0.38461538461538464,0.07692307692307693,17,9,0.5294117647058824,0.17647058823529413,14,16,0.875,1,2,0,0,2,4,-3,0,3,Loss,2.9970049999999997
2022-2023,2022-08-28 00:00:00,Aston Villa,4,home,West Ham,0,1,-1,9,3,0.3333333333333333,0.0,7,2,0.2857142857142857,0.14285714285714285,10,10,1.0,2,0,0,0,3,2,-4,0,3,Loss,2.996003
2022-2023,2022-08-31 00:00:00,Aston Villa,5,away,Arsenal,1,2,-1,4,3,0.75,0.25,22,9,0.4090909090909091,0.09090909090909091,14,10,1.4,3,2,0,0,3,10,-5,0,3,Loss,2.995003
2022-2023,2022-09-03 00:00:00,Aston Villa,6,home,Man City,1,1,0,3,1,0.3333333333333333,0.3333333333333333,13,4,0.3076923076923077,0.07692307692307693,7,6,1.1666666666666667,2,0,0,0,1,4,-5,1,4,Draw,3.9950010000000002
2022-2023,2022-09-16 00:00:00,Aston Villa,7,home,Southampton,1,0,1,11,3,0.2727272727272727,0.09090909090909091,7,1,0.14285714285714285,0.0,13,13,1.0,3,1,0,0,6,3,-4,3,7,Win,6.996003000000001
2022-2023,2022-10-02 00:00:00,Aston Villa,8,away,Leeds,0,0,0,19,7,0.3684210526315789,0.0,9,1,0.1111111111111111,0.0,12,23,0.5217391304347826,2,3,0,1,9,2,-4,1,8,Draw,7.9960070000000005
2022-2023,2022-10-10 00:00:00,Aston Villa,9,away,Nott'm Forest,1,1,0,12,2,0.16666666666666666,0.08333333333333333,6,3,0.5,0.16666666666666666,19,13,1.4615384615384615,3,3,0,0,4,1,-4,1,9,Draw,8.996002
2022-2023,2022-10-16 00:00:00,Aston Villa,10,home,Chelsea,0,2,-2,18,7,0.3888888888888889,0.0,8,4,0.5,0.25,12,11,1.0909090909090908,0,3,0,0,7,1,-6,0,9,Loss,8.994007
2022-2023,2022-10-20 00:00:00,Aston Villa,11,away,Fulham,0,3,-3,12,6,0.5,0.0,18,8,0.4444444444444444,0.16666666666666666,11,11,1.0,2,0,1,0,7,9,-9,0,9,Loss,8.991006
2022-2023,2022-10-23 00:00:00,Aston Villa,12,home,Brentford,4,0,4,19,11,0.5789473684210527,0.21052631578947367,12,3,0.25,0.0,14,11,1.2727272727272727,1,0,0,0,7,6,-5,3,12,Win,11.995011
2022-2023,2022-10-29 00:00:00,Aston Villa,13,away,Newcastle,0,4,-4,3,0,0.0,0.0,20,7,0.35,0.2,11,11,1.0,1,1,0,0,0,3,-9,0,12,Loss,11.991
2022-2023,2022-11-06 00:00:00,Aston Villa,14,home,Man United,3,1,2,6,4,0.6666666666666666,0.5,8,3,0.375,0.125,6,12,0.5,3,3,0,0,3,5,-7,3,15,Win,14.993004
2022-2023,2022-11-13 00:00:00,Aston Villa,15,away,Brighton,2,1,1,8,2,0.25,0.25,7,2,0.2857142857142857,0.14285714285714285,11,14,0.7857142857142857,7,2,0,0,4,11,-6,3,18,Win,17.994002
2022-2023,2022-12-26 00:00:00,Aston Villa,16,home,Liverpool,1,3,-2,12,6,0.5,0.08333333333333333,16,9,0.5625,0.1875,7,12,0.5833333333333334,0,0,0,0,0,6,-8,0,18,Loss,17.992006
2022-2023,2023-01-01 00:00:00,Aston Villa,17,away,Tottenham,2,0,2,13,4,0.3076923076923077,0.15384615384615385,6,2,0.3333333333333333,0.0,10,15,0.6666666666666666,3,4,0,0,3,5,-6,3,21,Win,20.994004
2022-2023,2023-01-04 00:00:00,Aston Villa,18,home,Wolves,1,1,0,13,4,0.3076923076923077,0.07692307692307693,10,3,0.3,0.1,6,12,0.5,1,3,0,0,7,8,-6,1,22,Draw,21.994004
2022-2023,2023-01-13 00:00:00,Aston Villa,19,home,Leeds,2,1,1,11,5,0.45454545454545453,0.18181818181818182,16,4,0.25,0.0625,12,8,1.5,2,2,0,0,0,11,-5,3,25,Win,24.995005000000003
2022-2023,2023-01-21 00:00:00,Aston Villa,20,away,Southampton,1,0,1,16,5,0.3125,0.0625,8,5,0.625,0.0,9,19,0.47368421052631576,2,1,0,0,2,2,-4,3,28,Win,27.996005
2022-2023,2023-02-04 00:00:00,Aston Villa,21,home,Leicester,2,4,-2,19,4,0.21052631578947367,0.10526315789473684,9,5,0.5555555555555556,0.4444444444444444,10,10,1.0,0,2,0,0,11,3,-6,0,28,Loss,27.994004
2022-2023,2023-02-12 00:00:00,Aston Villa,22,away,Man City,1,3,-2,6,2,0.3333333333333333,0.16666666666666666,17,9,0.5294117647058824,0.17647058823529413,14,13,1.0769230769230769,2,1,0,0,4,8,-8,0,28,Loss,27.992002
2022-2023,2023-02-18 00:00:00,Aston Villa,23,home,Arsenal,2,4,-2,7,5,0.7142857142857143,0.2857142857142857,20,5,0.25,0.2,13,4,3.25,2,1,0,0,2,9,-10,0,28,Loss,27.990005
2022-2023,2023-02-25 00:00:00,Aston Villa,24,away,Everton,2,0,2,9,5,0.5555555555555556,0.2222222222222222,15,5,0.3333333333333333,0.0,12,12,1.0,1,2,0,0,1,5,-8,3,31,Win,30.992005000000002
2022-2023,2023-03-04 00:00:00,Aston Villa,25,home,Crystal Palace,1,0,1,8,1,0.125,0.125,3,0,0.0,0.0,14,17,0.8235294117647058,2,3,0,1,2,4,-7,3,34,Win,33.993001
2022-2023,2023-03-12 00:00:00,Aston Villa,26,away,West Ham,1,1,0,12,4,0.3333333333333333,0.08333333333333333,17,6,0.35294117647058826,0.058823529411764705,6,8,0.75,0,1,0,0,2,13,-7,1,35,Draw,34.993004
2022-2023,2023-03-18 00:00:00,Aston Villa,27,home,Bournemouth,3,0,3,20,9,0.45,0.15,10,3,0.3,0.0,8,13,0.6153846153846154,1,4,0,0,9,6,-4,3,38,Win,37.996009
2022-2023,2023-04-01 00:00:00,Aston Villa,28,away,Chelsea,2,0,2,5,2,0.4,0.4,27,8,0.2962962962962963,0.0,16,14,1.1428571428571428,3,3,0,0,2,13,-2,3,41,Win,40.998002
2022-2023,2023-04-04 00:00:00,Aston Villa,29,away,Leicester,2,1,1,15,5,0.3333333333333333,0.13333333333333333,9,4,0.4444444444444444,0.1111111111111111,14,10,1.4,0,2,0,1,8,4,-1,3,44,Win,43.999005000000004
2022-2023,2023-04-08 00:00:00,Aston Villa,30,home,Nott'm Forest,2,0,2,8,3,0.375,0.25,6,2,0.3333333333333333,0.0,7,17,0.4117647058823529,3,4,0,0,1,8,1,3,47,Win,47.001003
2022-2023,2023-04-15 00:00:00,Aston Villa,31,home,Newcastle,3,0,3,16,6,0.375,0.1875,8,2,0.25,0.0,13,15,0.8666666666666667,1,1,0,0,7,2,4,3,50,Win,50.004006
2022-2023,2023-04-22 00:00:00,Aston Villa,32,away,Brentford,1,1,0,14,2,0.14285714285714285,0.07142857142857142,6,5,0.8333333333333334,0.16666666666666666,8,12,0.6666666666666666,2,3,0,0,4,8,4,1,51,Draw,51.004002
2022-2023,2023-04-25 00:00:00,Aston Villa,33,home,Fulham,1,0,1,14,3,0.21428571428571427,0.07142857142857142,1,0,0.0,0.0,6,18,0.3333333333333333,3,2,0,0,8,2,5,3,54,Win,54.005003
2022-2023,2023-04-30 00:00:00,Aston Villa,34,away,Man United,0,1,-1,7,1,0.14285714285714285,0.0,14,6,0.42857142857142855,0.07142857142857142,7,16,0.4375,0,2,0,0,4,1,4,0,54,Loss,54.004000999999995
2022-2023,2023-05-06 00:00:00,Aston Villa,35,away,Wolves,0,1,-1,16,3,0.1875,0.0,6,2,0.3333333333333333,0.16666666666666666,9,20,0.45,3,3,0,0,6,5,3,0,54,Loss,54.003003
2022-2023,2023-05-13 00:00:00,Aston Villa,36,home,Tottenham,2,1,1,8,4,0.5,0.25,5,2,0.4,0.2,9,14,0.6428571428571429,3,3,0,0,8,3,4,3,57,Win,57.004003999999995
2022-2023,2023-05-20 00:00:00,Aston Villa,37,away,Liverpool,1,1,0,6,3,0.5,0.16666666666666666,10,5,0.5,0.1,13,16,0.8125,5,3,0,0,4,9,4,1,58,Draw,58.004003
2022-2023,2023-05-28 00:00:00,Aston Villa,38,home,Brighton,2,1,1,12,5,0.4166666666666667,0.16666666666666666,8,4,0.5,0.125,15,16,0.9375,4,4,0,0,4,3,5,3,61,Win,61.005005000000004
2022-2023,2022-08-06 00:00:00,Bournemouth,1,home,Aston Villa,2,0,2,7,3,0.42857142857142855,0.2857142857142857,15,2,0.13333333333333333,0.0,18,16,1.125,3,3,0,0,5,5,2,3,3,Win,3.0020029999999998
2022-2023,2022-08-13 00:00:00,Bournemouth,2,away,Man City,0,4,-4,3,1,0.3333333333333333,0.0,19,7,0.3684210526315789,0.21052631578947367,9,9,1.0,3,0,0,0,1,11,-2,0,3,Loss,2.9980010000000004
2022-2023,2022-08-20 00:00:00,Bournemouth,3,home,Arsenal,0,3,-3,6,1,0.16666666666666666,0.0,14,6,0.42857142857142855,0.21428571428571427,12,10,1.2,2,1,0,0,3,4,-5,0,3,Loss,2.9950010000000002
2022-2023,2022-08-27 00:00:00,Bournemouth,4,away,Liverpool,0,9,-9,5,2,0.4,0.0,19,12,0.631578947368421,0.47368421052631576,5,6,0.8333333333333334,1,0,0,0,1,8,-14,0,3,Loss,2.986002
2022-2023,2022-08-31 00:00:00,Bournemouth,5,home,Wolves,0,0,0,5,2,0.4,0.0,17,4,0.23529411764705882,0.0,12,12,1.0,2,1,0,0,2,5,-14,1,4,Draw,3.986002
2022-2023,2022-09-03 00:00:00,Bournemouth,6,away,Nott'm Forest,3,2,1,8,3,0.375,0.375,11,3,0.2727272727272727,0.18181818181818182,10,13,0.7692307692307693,1,2,0,0,6,4,-13,3,7,Win,6.9870030000000005
2022-2023,2022-09-17 00:00:00,Bournemouth,7,away,Newcastle,1,1,0,10,3,0.3,0.1,20,7,0.35,0.05,11,10,1.1,2,2,0,0,1,8,-13,1,8,Draw,7.9870030000000005
2022-2023,2022-10-01 00:00:00,Bournemouth,8,home,Brentford,0,0,0,7,1,0.14285714285714285,0.0,13,4,0.3076923076923077,0.0,11,10,1.1,1,2,0,0,7,8,-13,1,9,Draw,8.987001
2022-2023,2022-10-08 00:00:00,Bournemouth,9,home,Leicester,2,1,1,10,4,0.4,0.2,9,5,0.5555555555555556,0.1111111111111111,8,16,0.5,1,2,0,0,7,2,-12,3,12,Win,11.988004
2022-2023,2022-10-15 00:00:00,Bournemouth,10,away,Fulham,2,2,0,10,6,0.6,0.2,19,4,0.21052631578947367,0.10526315789473684,11,9,1.2222222222222223,0,2,0,0,6,5,-12,1,13,Draw,12.988006
2022-2023,2022-10-19 00:00:00,Bournemouth,11,home,Southampton,0,1,-1,15,3,0.2,0.0,9,3,0.3333333333333333,0.1111111111111111,8,13,0.6153846153846154,1,3,0,0,7,3,-13,0,13,Loss,12.987003
2022-2023,2022-10-24 00:00:00,Bournemouth,12,away,West Ham,0,2,-2,5,3,0.6,0.0,20,4,0.2,0.1,11,9,1.2222222222222223,2,0,0,0,0,5,-15,0,13,Loss,12.985002999999999
2022-2023,2022-10-29 00:00:00,Bournemouth,13,home,Tottenham,2,3,-1,6,4,0.6666666666666666,0.3333333333333333,23,7,0.30434782608695654,0.13043478260869565,10,5,2.0,1,2,0,0,2,19,-16,0,13,Loss,12.984004
2022-2023,2022-11-05 00:00:00,Bournemouth,14,away,Leeds,3,4,-1,9,6,0.6666666666666666,0.3333333333333333,18,4,0.2222222222222222,0.2222222222222222,10,16,0.625,2,2,0,0,3,13,-17,0,13,Loss,12.983006000000001
2022-2023,2022-11-12 00:00:00,Bournemouth,15,home,Everton,3,0,3,16,9,0.5625,0.1875,15,3,0.2,0.0,12,8,1.5,2,0,0,0,3,5,-14,3,16,Win,15.986009000000001
2022-2023,2022-12-27 00:00:00,Bournemouth,16,away,Chelsea,0,2,-2,9,4,0.4444444444444444,0.0,15,5,0.3333333333333333,0.13333333333333333,10,8,1.25,0,0,0,0,8,6,-16,0,16,Loss,15.984004
2022-2023,2022-12-31 00:00:00,Bournemouth,17,home,Crystal Palace,0,2,-2,6,2,0.3333333333333333,0.0,15,6,0.4,0.13333333333333333,17,11,1.5454545454545454,4,1,0,0,2,7,-18,0,16,Loss,15.982002
2022-2023,2023-01-03 00:00:00,Bournemouth,18,away,Man United,0,3,-3,7,4,0.5714285714285714,0.0,18,6,0.3333333333333333,0.16666666666666666,7,13,0.5384615384615384,3,0,0,0,5,6,-21,0,16,Loss,15.979004
2022-2023,2023-01-14 00:00:00,Bournemouth,19,away,Brentford,0,2,-2,7,2,0.2857142857142857,0.0,12,4,0.3333333333333333,0.16666666666666666,9,5,1.8,1,1,0,0,3,5,-23,0,16,Loss,15.977002
2022-2023,2023-01-21 00:00:00,Bournemouth,20,home,Nott'm Forest,1,1,0,16,4,0.25,0.0625,20,5,0.25,0.05,10,7,1.4285714285714286,1,2,0,0,4,6,-23,1,17,Draw,16.977004
2022-2023,2023-02-04 00:00:00,Bournemouth,21,away,Brighton,0,1,-1,12,2,0.16666666666666666,0.0,20,6,0.3,0.05,7,14,0.5,1,3,0,0,3,7,-24,0,17,Loss,16.976001999999998
2022-2023,2023-02-11 00:00:00,Bournemouth,22,home,Newcastle,1,1,0,11,5,0.45454545454545453,0.09090909090909091,15,7,0.4666666666666667,0.06666666666666667,8,10,0.8,2,3,0,0,4,6,-24,1,18,Draw,17.976005
2022-2023,2023-02-18 00:00:00,Bournemouth,23,away,Wolves,1,0,1,5,1,0.2,0.2,15,4,0.26666666666666666,0.0,10,12,0.8333333333333334,3,3,0,0,2,12,-23,3,21,Win,20.977001
2022-2023,2023-02-25 00:00:00,Bournemouth,24,home,Man City,1,4,-3,13,2,0.15384615384615385,0.07692307692307693,20,5,0.25,0.2,10,9,1.1111111111111112,2,2,0,0,4,6,-26,0,21,Loss,20.974002
2022-2023,2023-03-04 00:00:00,Bournemouth,25,away,Arsenal,2,3,-1,4,4,1.0,0.5,31,9,0.2903225806451613,0.0967741935483871,8,6,1.3333333333333333,2,0,0,0,1,17,-27,0,21,Loss,20.973004
2022-2023,2023-03-11 00:00:00,Bournemouth,26,home,Liverpool,1,0,1,5,2,0.4,0.2,15,6,0.4,0.0,7,9,0.7777777777777778,2,1,0,0,3,8,-26,3,24,Win,23.974002
2022-2023,2023-03-18 00:00:00,Bournemouth,27,away,Aston Villa,0,3,-3,10,3,0.3,0.0,20,9,0.45,0.15,13,8,1.625,4,1,0,0,6,9,-29,0,24,Loss,23.971003
2022-2023,2023-04-01 00:00:00,Bournemouth,28,home,Fulham,2,1,1,12,7,0.5833333333333334,0.16666666666666666,10,2,0.2,0.1,15,13,1.1538461538461537,1,4,0,0,4,3,-28,3,27,Win,26.972007
2022-2023,2023-04-04 00:00:00,Bournemouth,29,home,Brighton,0,2,-2,14,3,0.21428571428571427,0.0,16,6,0.375,0.125,11,5,2.2,1,1,0,0,5,5,-30,0,27,Loss,26.970003
2022-2023,2023-04-08 00:00:00,Bournemouth,30,away,Leicester,1,0,1,19,7,0.3684210526315789,0.05263157894736842,14,4,0.2857142857142857,0.0,13,10,1.3,3,0,0,0,6,6,-29,3,30,Win,29.971007
2022-2023,2023-04-15 00:00:00,Bournemouth,31,away,Tottenham,3,2,1,6,6,1.0,0.5,24,8,0.3333333333333333,0.08333333333333333,9,8,1.125,2,1,0,0,1,8,-28,3,33,Win,32.972006
2022-2023,2023-04-23 00:00:00,Bournemouth,32,home,West Ham,0,4,-4,17,5,0.29411764705882354,0.0,18,10,0.5555555555555556,0.2222222222222222,7,8,0.875,1,2,0,0,8,5,-32,0,33,Loss,32.968005000000005
2022-2023,2023-04-27 00:00:00,Bournemouth,33,away,Southampton,1,0,1,16,2,0.125,0.0625,11,2,0.18181818181818182,0.0,11,9,1.2222222222222223,3,0,0,0,4,6,-31,3,36,Win,35.969002
2022-2023,2023-04-30 00:00:00,Bournemouth,34,home,Leeds,4,1,3,12,7,0.5833333333333334,0.3333333333333333,15,6,0.4,0.06666666666666667,12,14,0.8571428571428571,1,0,0,0,2,6,-28,3,39,Win,38.972007
2022-2023,2023-05-06 00:00:00,Bournemouth,35,home,Chelsea,1,3,-2,10,4,0.4,0.1,11,5,0.45454545454545453,0.2727272727272727,9,11,0.8181818181818182,1,3,0,0,7,7,-30,0,39,Loss,38.970003999999996
2022-2023,2023-05-13 00:00:00,Bournemouth,36,away,Crystal Palace,0,2,-2,5,0,0.0,0.0,17,5,0.29411764705882354,0.11764705882352941,12,5,2.4,2,0,0,0,2,11,-32,0,39,Loss,38.968
2022-2023,2023-05-20 00:00:00,Bournemouth,37,home,Man United,0,1,-1,10,4,0.4,0.0,20,5,0.25,0.05,6,7,0.8571428571428571,1,0,0,0,3,6,-33,0,39,Loss,38.967003999999996
2022-2023,2023-05-28 00:00:00,Bournemouth,38,away,Everton,0,1,-1,7,2,0.2857142857142857,0.0,13,6,0.46153846153846156,0.07692307692307693,12,11,1.0909090909090908,3,1,0,0,3,9,-34,0,39,Loss,38.966002
2022-2023,2022-08-07 00:00:00,Brentford,1,away,Leicester,2,2,0,8,3,0.375,0.25,14,5,0.35714285714285715,0.14285714285714285,5,6,0.8333333333333334,0,0,0,0,6,5,0,1,1,Draw,1.000003
2022-2023,2022-08-13 00:00:00,Brentford,2,home,Man United,4,0,4,13,7,0.5384615384615384,0.3076923076923077,15,4,0.26666666666666666,0.0,6,15,0.4,0,4,0,0,8,2,4,3,4,Win,4.004007
2022-2023,2022-08-20 00:00:00,Brentford,3,away,Fulham,2,3,-1,13,5,0.38461538461538464,0.15384615384615385,18,9,0.5,0.16666666666666666,7,13,0.5384615384615384,2,3,0,0,3,6,3,0,4,Loss,4.003005
2022-2023,2022-08-27 00:00:00,Brentford,4,home,Everton,1,1,0,19,5,0.2631578947368421,0.05263157894736842,14,7,0.5,0.07142857142857142,8,8,1.0,2,2,0,0,8,5,3,1,5,Draw,5.003005
2022-2023,2022-08-30 00:00:00,Brentford,5,away,Crystal Palace,1,1,0,9,3,0.3333333333333333,0.1111111111111111,13,4,0.3076923076923077,0.07692307692307693,8,11,0.7272727272727273,2,1,0,0,6,4,3,1,6,Draw,6.0030030000000005
2022-2023,2022-09-03 00:00:00,Brentford,6,home,Leeds,5,2,3,14,8,0.5714285714285714,0.35714285714285715,17,6,0.35294117647058826,0.11764705882352941,8,9,0.8888888888888888,2,2,0,0,2,6,6,3,9,Win,9.006008
2022-2023,2022-09-18 00:00:00,Brentford,7,home,Arsenal,0,3,-3,5,2,0.4,0.0,13,7,0.5384615384615384,0.23076923076923078,10,10,1.0,0,2,0,0,3,3,3,0,9,Loss,9.003002
2022-2023,2022-10-01 00:00:00,Brentford,8,away,Bournemouth,0,0,0,13,4,0.3076923076923077,0.0,7,1,0.14285714285714285,0.0,10,11,0.9090909090909091,2,1,0,0,8,7,3,1,10,Draw,10.003004
2022-2023,2022-10-08 00:00:00,Brentford,9,away,Newcastle,1,5,-4,6,3,0.5,0.16666666666666666,16,6,0.375,0.3125,9,14,0.6428571428571429,1,0,0,0,5,9,-1,0,10,Loss,9.999003
2022-2023,2022-10-14 00:00:00,Brentford,10,home,Brighton,2,0,2,7,3,0.42857142857142855,0.2857142857142857,21,7,0.3333333333333333,0.0,12,15,0.8,3,1,0,0,2,11,1,3,13,Win,13.001002999999999
2022-2023,2022-10-19 00:00:00,Brentford,11,home,Chelsea,0,0,0,8,5,0.625,0.0,14,5,0.35714285714285715,0.0,7,7,1.0,0,0,0,0,6,2,1,1,14,Draw,14.001005
2022-2023,2022-10-23 00:00:00,Brentford,12,away,Aston Villa,0,4,-4,12,3,0.25,0.0,19,11,0.5789473684210527,0.21052631578947367,11,14,0.7857142857142857,0,1,0,0,6,7,-3,0,14,Loss,13.997003
2022-2023,2022-10-29 00:00:00,Brentford,13,home,Wolves,1,1,0,12,3,0.25,0.08333333333333333,14,4,0.2857142857142857,0.07142857142857142,10,17,0.5882352941176471,3,3,0,1,3,6,-3,1,15,Draw,14.997003
2022-2023,2022-11-05 00:00:00,Brentford,14,away,Nott'm Forest,2,2,0,6,2,0.3333333333333333,0.3333333333333333,15,7,0.4666666666666667,0.13333333333333333,11,10,1.1,2,2,0,0,3,3,-3,1,16,Draw,15.997002
2022-2023,2022-11-12 00:00:00,Brentford,15,away,Man City,2,1,1,10,8,0.8,0.2,29,6,0.20689655172413793,0.034482758620689655,7,9,0.7777777777777778,2,2,0,0,2,10,-2,3,19,Win,18.998008000000002
2022-2023,2022-12-26 00:00:00,Brentford,16,home,Tottenham,2,2,0,9,5,0.5555555555555556,0.2222222222222222,16,8,0.5,0.125,11,10,1.1,3,1,0,0,6,5,-2,1,20,Draw,19.998005000000003
2022-2023,2022-12-30 00:00:00,Brentford,17,away,West Ham,2,0,2,9,6,0.6666666666666666,0.2222222222222222,20,5,0.25,0.0,5,9,0.5555555555555556,0,1,0,0,1,8,0,3,23,Win,23.000006
2022-2023,2023-01-02 00:00:00,Brentford,18,home,Liverpool,3,1,2,10,7,0.7,0.3,16,6,0.375,0.0625,5,8,0.625,1,3,0,0,4,9,2,3,26,Win,26.002007
2022-2023,2023-01-14 00:00:00,Brentford,19,home,Bournemouth,2,0,2,12,4,0.3333333333333333,0.16666666666666666,7,2,0.2857142857142857,0.0,5,9,0.5555555555555556,1,1,0,0,5,3,4,3,29,Win,29.004004000000002
2022-2023,2023-01-22 00:00:00,Brentford,20,away,Leeds,0,0,0,6,0,0.0,0.0,9,5,0.5555555555555556,0.0,18,10,1.8,2,2,0,0,3,2,4,1,30,Draw,30.004
2022-2023,2023-02-04 00:00:00,Brentford,21,home,Southampton,3,0,3,14,4,0.2857142857142857,0.21428571428571427,14,6,0.42857142857142855,0.0,10,9,1.1111111111111112,1,2,0,0,4,4,7,3,33,Win,33.007003999999995
2022-2023,2023-02-11 00:00:00,Brentford,22,away,Arsenal,1,1,0,9,2,0.2222222222222222,0.1111111111111111,23,7,0.30434782608695654,0.043478260869565216,9,9,1.0,2,0,0,0,4,7,7,1,34,Draw,34.007002
2022-2023,2023-02-18 00:00:00,Brentford,23,home,Crystal Palace,1,1,0,12,5,0.4166666666666667,0.08333333333333333,10,4,0.4,0.1,10,8,1.25,2,2,0,0,2,6,7,1,35,Draw,35.007005
2022-2023,2023-03-06 00:00:00,Brentford,24,home,Fulham,3,2,1,14,6,0.42857142857142855,0.21428571428571427,9,5,0.5555555555555556,0.2222222222222222,12,17,0.7058823529411765,0,3,0,0,2,3,8,3,38,Win,38.008006
2022-2023,2023-03-11 00:00:00,Brentford,25,away,Everton,0,1,-1,12,4,0.3333333333333333,0.0,13,6,0.46153846153846156,0.07692307692307693,12,11,1.0909090909090908,1,2,0,0,8,5,7,0,38,Loss,38.007003999999995
2022-2023,2023-03-15 00:00:00,Brentford,26,away,Southampton,2,0,2,11,5,0.45454545454545453,0.18181818181818182,7,1,0.14285714285714285,0.0,10,14,0.7142857142857143,2,1,0,0,3,3,9,3,41,Win,41.009005
2022-2023,2023-03-18 00:00:00,Brentford,27,home,Leicester,1,1,0,11,2,0.18181818181818182,0.09090909090909091,14,1,0.07142857142857142,0.07142857142857142,10,11,0.9090909090909091,1,2,1,0,8,4,9,1,42,Draw,42.009002
2022-2023,2023-04-01 00:00:00,Brentford,28,away,Brighton,3,3,0,7,5,0.7142857142857143,0.42857142857142855,33,15,0.45454545454545453,0.09090909090909091,10,16,0.625,1,2,0,0,0,14,9,1,43,Draw,43.009005
2022-2023,2023-04-05 00:00:00,Brentford,29,away,Man United,0,1,-1,6,1,0.16666666666666666,0.0,18,3,0.16666666666666666,0.05555555555555555,13,8,1.625,2,3,0,0,3,12,8,0,43,Loss,43.008001
2022-2023,2023-04-08 00:00:00,Brentford,30,home,Newcastle,1,2,-1,12,6,0.5,0.08333333333333333,10,4,0.4,0.2,10,15,0.6666666666666666,0,0,0,0,6,5,7,0,43,Loss,43.007006
2022-2023,2023-04-15 00:00:00,Brentford,31,away,Wolves,0,2,-2,10,3,0.3,0.0,11,9,0.8181818181818182,0.18181818181818182,8,12,0.6666666666666666,1,1,0,0,2,5,5,0,43,Loss,43.005003
2022-2023,2023-04-22 00:00:00,Brentford,32,home,Aston Villa,1,1,0,6,5,0.8333333333333334,0.16666666666666666,14,2,0.14285714285714285,0.07142857142857142,12,8,1.5,3,2,0,0,8,4,5,1,44,Draw,44.005005000000004
2022-2023,2023-04-26 00:00:00,Brentford,33,away,Chelsea,2,0,2,7,1,0.14285714285714285,0.2857142857142857,15,4,0.26666666666666666,0.0,13,5,2.6,2,1,0,0,2,5,7,3,47,Win,47.007000999999995
2022-2023,2023-04-29 00:00:00,Brentford,34,home,Nott'm Forest,2,1,1,14,8,0.5714285714285714,0.14285714285714285,5,3,0.6,0.2,6,13,0.46153846153846156,1,2,0,0,6,0,8,3,50,Win,50.008008000000004
2022-2023,2023-05-06 00:00:00,Brentford,35,away,Liverpool,0,1,-1,5,1,0.2,0.0,15,5,0.3333333333333333,0.06666666666666667,10,19,0.5263157894736842,2,4,0,0,3,7,7,0,50,Loss,50.007000999999995
2022-2023,2023-05-14 00:00:00,Brentford,36,home,West Ham,2,0,2,24,10,0.4166666666666667,0.08333333333333333,4,4,1.0,0.0,5,5,1.0,1,0,0,0,7,5,9,3,53,Win,53.00901
2022-2023,2023-05-20 00:00:00,Brentford,37,away,Tottenham,3,1,2,11,4,0.36363636363636365,0.2727272727272727,22,8,0.36363636363636365,0.045454545454545456,9,11,0.8181818181818182,1,1,0,0,2,8,11,3,56,Win,56.011004
2022-2023,2023-05-28 00:00:00,Brentford,38,home,Man City,1,0,1,11,4,0.36363636363636365,0.09090909090909091,17,3,0.17647058823529413,0.0,12,8,1.5,4,0,0,0,3,4,12,3,59,Win,59.012004
2022-2023,2022-08-07 00:00:00,Brighton,1,away,Man United,2,1,1,15,4,0.26666666666666666,0.13333333333333333,17,5,0.29411764705882354,0.058823529411764705,12,7,1.7142857142857142,1,4,0,0,2,6,1,3,3,Win,3.001004
2022-2023,2022-08-13 00:00:00,Brighton,2,home,Newcastle,0,0,0,13,7,0.5384615384615384,0.0,4,1,0.25,0.0,8,6,1.3333333333333333,2,3,0,0,7,3,1,1,4,Draw,4.001007
2022-2023,2022-08-21 00:00:00,Brighton,3,away,West Ham,2,0,2,11,2,0.18181818181818182,0.18181818181818182,13,3,0.23076923076923078,0.0,7,10,0.7,0,2,0,0,4,5,3,3,7,Win,7.003002
2022-2023,2022-08-27 00:00:00,Brighton,4,home,Leeds,1,0,1,13,4,0.3076923076923077,0.07692307692307693,10,2,0.2,0.0,10,14,0.7142857142857143,2,3,0,0,5,3,4,3,10,Win,10.004004
2022-2023,2022-08-30 00:00:00,Brighton,5,away,Fulham,1,2,-1,7,4,0.5714285714285714,0.14285714285714285,10,3,0.3,0.2,11,9,1.2222222222222223,1,2,0,0,3,3,3,0,10,Loss,10.003004
2022-2023,2022-09-04 00:00:00,Brighton,6,home,Leicester,5,2,3,23,11,0.4782608695652174,0.21739130434782608,6,4,0.6666666666666666,0.3333333333333333,6,8,0.75,1,1,0,0,10,1,6,3,13,Win,13.006011
2022-2023,2022-10-01 00:00:00,Brighton,7,away,Liverpool,3,3,0,6,6,1.0,0.5,15,7,0.4666666666666667,0.2,13,9,1.4444444444444444,1,1,0,0,2,9,6,1,14,Draw,14.006006000000001
2022-2023,2022-10-08 00:00:00,Brighton,8,home,Tottenham,0,1,-1,14,4,0.2857142857142857,0.0,8,3,0.375,0.125,9,14,0.6428571428571429,1,2,0,0,6,2,5,0,14,Loss,14.005004000000001
2022-2023,2022-10-14 00:00:00,Brighton,9,away,Brentford,0,2,-2,21,7,0.3333333333333333,0.0,7,3,0.42857142857142855,0.2857142857142857,15,12,1.25,1,3,0,0,11,2,3,0,14,Loss,14.003007
2022-2023,2022-10-18 00:00:00,Brighton,10,home,Nott'm Forest,0,0,0,19,7,0.3684210526315789,0.0,3,0,0.0,0.0,10,14,0.7142857142857143,3,1,0,0,9,1,3,1,15,Draw,15.003007
2022-2023,2022-10-22 00:00:00,Brighton,11,away,Man City,1,3,-2,8,2,0.25,0.125,10,4,0.4,0.3,12,11,1.0909090909090908,3,1,0,0,3,7,1,0,15,Loss,15.001002
2022-2023,2022-10-29 00:00:00,Brighton,12,home,Chelsea,4,1,3,19,9,0.47368421052631576,0.21052631578947367,15,7,0.4666666666666667,0.06666666666666667,16,6,2.6666666666666665,1,2,0,0,8,7,4,3,18,Win,18.004009
2022-2023,2022-11-05 00:00:00,Brighton,13,away,Wolves,3,2,1,19,8,0.42105263157894735,0.15789473684210525,8,5,0.625,0.25,11,15,0.7333333333333333,0,2,0,1,9,4,5,3,21,Win,21.005008
2022-2023,2022-11-13 00:00:00,Brighton,14,home,Aston Villa,1,2,-1,7,2,0.2857142857142857,0.14285714285714285,8,2,0.25,0.25,14,11,1.2727272727272727,2,7,0,0,11,4,4,0,21,Loss,21.004002
2022-2023,2022-12-26 00:00:00,Brighton,15,away,Southampton,3,1,2,7,4,0.5714285714285714,0.42857142857142855,14,4,0.2857142857142857,0.07142857142857142,10,9,1.1111111111111112,2,1,0,0,2,4,6,3,24,Win,24.006004
2022-2023,2022-12-31 00:00:00,Brighton,16,home,Arsenal,2,4,-2,9,5,0.5555555555555556,0.2222222222222222,14,7,0.5,0.2857142857142857,7,11,0.6363636363636364,3,3,0,0,7,4,4,0,24,Loss,24.004005000000003
2022-2023,2023-01-03 00:00:00,Brighton,17,away,Everton,4,1,3,19,8,0.42105263157894735,0.21052631578947367,10,4,0.4,0.1,10,8,1.25,1,3,0,0,2,5,7,3,27,Win,27.007008000000003
2022-2023,2023-01-14 00:00:00,Brighton,18,home,Liverpool,3,0,3,16,9,0.5625,0.1875,6,2,0.3333333333333333,0.0,8,15,0.5333333333333333,1,3,0,0,7,1,10,3,30,Win,30.010009
2022-2023,2023-01-21 00:00:00,Brighton,19,away,Leicester,2,2,0,13,4,0.3076923076923077,0.15384615384615385,9,2,0.2222222222222222,0.2222222222222222,9,9,1.0,1,0,0,0,6,5,10,1,31,Draw,31.010004000000002
2022-2023,2023-02-04 00:00:00,Brighton,20,home,Bournemouth,1,0,1,20,6,0.3,0.05,12,2,0.16666666666666666,0.0,14,7,2.0,3,1,0,0,7,3,11,3,34,Win,34.011006
2022-2023,2023-02-11 00:00:00,Brighton,21,away,Crystal Palace,1,1,0,17,7,0.4117647058823529,0.058823529411764705,6,1,0.16666666666666666,0.16666666666666666,11,10,1.1,1,4,0,0,6,1,11,1,35,Draw,35.011007
2022-2023,2023-02-18 00:00:00,Brighton,22,home,Fulham,0,1,-1,21,7,0.3333333333333333,0.0,5,2,0.4,0.2,12,14,0.8571428571428571,0,5,0,0,10,2,10,0,35,Loss,35.010006999999995
2022-2023,2023-03-04 00:00:00,Brighton,23,home,West Ham,4,0,4,20,9,0.45,0.2,3,2,0.6666666666666666,0.0,6,8,0.75,0,3,0,0,7,3,14,3,38,Win,38.014009
2022-2023,2023-03-11 00:00:00,Brighton,24,away,Leeds,2,2,0,14,2,0.14285714285714285,0.14285714285714285,12,4,0.3333333333333333,0.16666666666666666,9,12,0.75,1,1,0,0,7,4,14,1,39,Draw,39.014002000000005
2022-2023,2023-03-15 00:00:00,Brighton,25,home,Crystal Palace,1,0,1,11,5,0.45454545454545453,0.09090909090909091,11,3,0.2727272727272727,0.0,13,20,0.65,1,2,0,0,1,4,15,3,42,Win,42.015005
2022-2023,2023-04-01 00:00:00,Brighton,26,home,Brentford,3,3,0,33,15,0.45454545454545453,0.09090909090909091,7,5,0.7142857142857143,0.42857142857142855,16,10,1.6,2,1,0,0,14,0,15,1,43,Draw,43.015015
2022-2023,2023-04-04 00:00:00,Brighton,27,away,Bournemouth,2,0,2,16,6,0.375,0.125,14,3,0.21428571428571427,0.0,5,11,0.45454545454545453,1,1,0,0,5,5,17,3,46,Win,46.017006
2022-2023,2023-04-08 00:00:00,Brighton,28,away,Tottenham,1,2,-1,17,4,0.23529411764705882,0.058823529411764705,9,3,0.3333333333333333,0.2222222222222222,15,15,1.0,1,3,0,0,7,3,16,0,46,Loss,46.016003999999995
2022-2023,2023-04-15 00:00:00,Brighton,29,away,Chelsea,2,1,1,26,10,0.38461538461538464,0.07692307692307693,8,2,0.25,0.125,11,11,1.0,2,2,0,0,8,2,17,3,49,Win,49.017010000000006
2022-2023,2023-04-26 00:00:00,Brighton,30,away,Nott'm Forest,1,3,-2,17,7,0.4117647058823529,0.058823529411764705,12,5,0.4166666666666667,0.25,8,7,1.1428571428571428,0,2,0,0,7,2,15,0,49,Loss,49.015007
2022-2023,2023-04-29 00:00:00,Brighton,31,home,Wolves,6,0,6,22,8,0.36363636363636365,0.2727272727272727,10,2,0.2,0.0,14,11,1.2727272727272727,1,1,0,0,2,5,21,3,52,Win,52.021008
2022-2023,2023-05-04 00:00:00,Brighton,32,home,Man United,1,0,1,22,6,0.2727272727272727,0.045454545454545456,16,5,0.3125,0.0,10,14,0.7142857142857143,4,4,0,0,8,6,22,3,55,Win,55.022006
2022-2023,2023-05-08 00:00:00,Brighton,33,home,Everton,1,5,-4,23,5,0.21739130434782608,0.043478260869565216,10,5,0.5,0.5,11,13,0.8461538461538461,1,5,0,0,15,1,18,0,55,Loss,55.018005
2022-2023,2023-05-14 00:00:00,Brighton,34,away,Arsenal,3,0,3,12,6,0.5,0.25,14,2,0.14285714285714285,0.0,17,13,1.3076923076923077,2,1,0,0,2,5,21,3,58,Win,58.021006
2022-2023,2023-05-18 00:00:00,Brighton,35,away,Newcastle,1,4,-3,8,2,0.25,0.125,22,9,0.4090909090909091,0.18181818181818182,16,17,0.9411764705882353,4,2,0,0,1,6,18,0,58,Loss,58.018002
2022-2023,2023-05-21 00:00:00,Brighton,36,home,Southampton,3,1,2,26,8,0.3076923076923077,0.11538461538461539,5,1,0.2,0.2,8,9,0.8888888888888888,2,5,0,0,4,3,20,3,61,Win,61.020008000000004
2022-2023,2023-05-24 00:00:00,Brighton,37,home,Man City,1,1,0,20,7,0.35,0.05,13,4,0.3076923076923077,0.07692307692307693,16,11,1.4545454545454546,2,1,0,0,5,1,20,1,62,Draw,62.020007
2022-2023,2023-05-28 00:00:00,Brighton,38,away,Aston Villa,1,2,-1,8,4,0.5,0.125,12,5,0.4166666666666667,0.16666666666666666,16,15,1.0666666666666667,4,4,0,0,3,4,19,0,62,Loss,62.019003999999995
2022-2023,2022-08-06 00:00:00,Chelsea,1,away,Everton,1,0,1,15,6,0.4,0.06666666666666667,8,4,0.5,0.0,11,14,0.7857142857142857,2,3,0,0,16,4,1,3,3,Win,3.001006
2022-2023,2022-08-14 00:00:00,Chelsea,2,home,Tottenham,2,2,0,16,3,0.1875,0.125,10,5,0.5,0.2,9,9,1.0,3,0,0,0,8,5,1,1,4,Draw,4.001003000000001
2022-2023,2022-08-21 00:00:00,Chelsea,3,away,Leeds,0,3,-3,14,3,0.21428571428571427,0.0,12,6,0.5,0.25,15,16,0.9375,1,0,1,0,6,4,-2,0,4,Loss,3.998003
2022-2023,2022-08-27 00:00:00,Chelsea,4,home,Leicester,2,1,1,7,3,0.42857142857142855,0.2857142857142857,17,5,0.29411764705882354,0.058823529411764705,10,7,1.4285714285714286,1,2,1,0,3,11,-1,3,7,Win,6.999003
2022-2023,2022-08-30 00:00:00,Chelsea,5,away,Southampton,1,2,-1,10,4,0.4,0.1,9,7,0.7777777777777778,0.2222222222222222,10,15,0.6666666666666666,1,2,0,0,3,5,-2,0,7,Loss,6.998004
2022-2023,2022-09-03 00:00:00,Chelsea,6,home,West Ham,2,1,1,8,3,0.375,0.25,6,3,0.5,0.16666666666666666,6,11,0.5454545454545454,4,2,0,0,10,3,-1,3,10,Win,9.999003
2022-2023,2022-10-01 00:00:00,Chelsea,7,away,Crystal Palace,2,1,1,13,3,0.23076923076923078,0.15384615384615385,7,3,0.42857142857142855,0.14285714285714285,13,11,1.1818181818181819,3,1,0,0,2,5,0,3,13,Win,13.000003
2022-2023,2022-10-08 00:00:00,Chelsea,8,home,Wolves,3,0,3,20,7,0.35,0.15,8,2,0.25,0.0,8,8,1.0,2,0,0,0,4,2,3,3,16,Win,16.003007
2022-2023,2022-10-16 00:00:00,Chelsea,9,away,Aston Villa,2,0,2,8,4,0.5,0.25,18,7,0.3888888888888889,0.0,11,12,0.9166666666666666,3,0,0,0,1,7,5,3,19,Win,19.005004
2022-2023,2022-10-19 00:00:00,Chelsea,10,away,Brentford,0,0,0,14,5,0.35714285714285715,0.0,8,5,0.625,0.0,7,7,1.0,0,0,0,0,2,6,5,1,20,Draw,20.005005
2022-2023,2022-10-22 00:00:00,Chelsea,11,home,Man United,1,1,0,6,2,0.3333333333333333,0.16666666666666666,13,6,0.46153846153846156,0.07692307692307693,8,10,0.8,1,4,0,0,6,4,5,1,21,Draw,21.005001999999998
2022-2023,2022-10-29 00:00:00,Chelsea,12,away,Brighton,1,4,-3,15,7,0.4666666666666667,0.06666666666666667,19,9,0.47368421052631576,0.21052631578947367,6,16,0.375,2,1,0,0,7,8,2,0,21,Loss,21.002007
2022-2023,2022-11-06 00:00:00,Chelsea,13,home,Arsenal,0,1,-1,5,1,0.2,0.0,14,2,0.14285714285714285,0.07142857142857142,20,13,1.5384615384615385,5,2,0,0,4,6,1,0,21,Loss,21.001001000000002
2022-2023,2022-11-12 00:00:00,Chelsea,14,away,Newcastle,0,1,-1,5,2,0.4,0.0,10,3,0.3,0.1,11,14,0.7857142857142857,2,3,0,0,3,5,0,0,21,Loss,21.000002
2022-2023,2022-12-27 00:00:00,Chelsea,15,home,Bournemouth,2,0,2,15,5,0.3333333333333333,0.13333333333333333,9,4,0.4444444444444444,0.0,8,10,0.8,0,0,0,0,6,8,2,3,24,Win,24.002005
2022-2023,2023-01-01 00:00:00,Chelsea,16,away,Nott'm Forest,1,1,0,7,2,0.2857142857142857,0.14285714285714285,12,5,0.4166666666666667,0.08333333333333333,14,16,0.875,2,2,0,0,2,1,2,1,25,Draw,25.002001999999997
2022-2023,2023-01-05 00:00:00,Chelsea,17,home,Man City,0,1,-1,8,2,0.25,0.0,12,3,0.25,0.08333333333333333,9,9,1.0,2,0,0,0,3,2,1,0,25,Loss,25.001002
2022-2023,2023-01-12 00:00:00,Chelsea,18,away,Fulham,1,2,-1,20,10,0.5,0.05,8,3,0.375,0.25,16,12,1.3333333333333333,3,4,1,0,7,5,0,0,25,Loss,25.00001
2022-2023,2023-01-15 00:00:00,Chelsea,19,home,Crystal Palace,1,0,1,15,5,0.3333333333333333,0.06666666666666667,10,5,0.5,0.0,10,17,0.5882352941176471,2,5,0,0,11,7,1,3,28,Win,28.001005000000003
2022-2023,2023-01-21 00:00:00,Chelsea,20,away,Liverpool,0,0,0,11,2,0.18181818181818182,0.0,15,3,0.2,0.0,9,16,0.5625,1,3,0,0,5,5,1,1,29,Draw,29.001002
2022-2023,2023-02-03 00:00:00,Chelsea,21,home,Fulham,0,0,0,12,3,0.25,0.0,10,4,0.4,0.0,16,12,1.3333333333333333,1,4,0,0,6,2,1,1,30,Draw,30.001003
2022-2023,2023-02-11 00:00:00,Chelsea,22,away,West Ham,1,1,0,12,4,0.3333333333333333,0.08333333333333333,10,2,0.2,0.1,11,9,1.2222222222222223,1,1,0,0,6,5,1,1,31,Draw,31.001004000000002
2022-2023,2023-02-18 00:00:00,Chelsea,23,home,Southampton,0,1,-1,17,5,0.29411764705882354,0.0,8,5,0.625,0.125,16,24,0.6666666666666666,3,6,0,0,8,2,0,0,31,Loss,31.000005
2022-2023,2023-02-26 00:00:00,Chelsea,24,away,Tottenham,0,2,-2,10,2,0.2,0.0,8,3,0.375,0.25,10,10,1.0,3,2,0,0,4,4,-2,0,31,Loss,30.998002
2022-2023,2023-03-04 00:00:00,Chelsea,25,home,Leeds,1,0,1,13,3,0.23076923076923078,0.07692307692307693,11,2,0.18181818181818182,0.0,10,7,1.4285714285714286,2,0,0,0,5,7,-1,3,34,Win,33.999003
2022-2023,2023-03-11 00:00:00,Chelsea,26,away,Leicester,3,1,2,12,6,0.5,0.25,17,7,0.4117647058823529,0.058823529411764705,11,10,1.1,2,1,0,1,5,2,1,3,37,Win,37.001006
2022-2023,2023-03-18 00:00:00,Chelsea,27,home,Everton,2,2,0,20,7,0.35,0.1,12,3,0.25,0.16666666666666666,8,12,0.6666666666666666,2,2,0,0,8,2,1,1,38,Draw,38.001006999999994
2022-2023,2023-04-01 00:00:00,Chelsea,28,home,Aston Villa,0,2,-2,27,8,0.2962962962962963,0.0,5,2,0.4,0.4,14,16,0.875,3,3,0,0,13,2,-1,0,38,Loss,37.999008
2022-2023,2023-04-04 00:00:00,Chelsea,29,home,Liverpool,0,0,0,12,3,0.25,0.0,7,4,0.5714285714285714,0.0,6,17,0.35294117647058826,1,4,0,0,3,5,-1,1,39,Draw,38.999003
2022-2023,2023-04-08 00:00:00,Chelsea,30,away,Wolves,0,1,-1,13,1,0.07692307692307693,0.0,9,4,0.4444444444444444,0.1111111111111111,10,14,0.7142857142857143,5,2,0,0,8,8,-2,0,39,Loss,38.998000999999995
2022-2023,2023-04-15 00:00:00,Chelsea,31,home,Brighton,1,2,-1,8,2,0.25,0.125,26,10,0.38461538461538464,0.07692307692307693,11,11,1.0,2,2,0,0,2,8,-3,0,39,Loss,38.997002
2022-2023,2023-04-26 00:00:00,Chelsea,32,home,Brentford,0,2,-2,15,4,0.26666666666666666,0.0,7,1,0.14285714285714285,0.2857142857142857,5,13,0.38461538461538464,1,2,0,0,5,2,-5,0,39,Loss,38.995003999999994
2022-2023,2023-05-02 00:00:00,Chelsea,33,away,Arsenal,1,3,-2,7,4,0.5714285714285714,0.14285714285714285,16,10,0.625,0.1875,10,10,1.0,2,0,0,0,2,7,-7,0,39,Loss,38.993004
2022-2023,2023-05-06 00:00:00,Chelsea,34,away,Bournemouth,3,1,2,11,5,0.45454545454545453,0.2727272727272727,10,4,0.4,0.1,11,9,1.2222222222222223,3,1,0,0,7,7,-5,3,42,Win,41.995005
2022-2023,2023-05-13 00:00:00,Chelsea,35,home,Nott'm Forest,2,2,0,14,6,0.42857142857142855,0.14285714285714285,11,2,0.18181818181818182,0.18181818181818182,13,15,0.8666666666666667,3,1,0,0,2,5,-5,1,43,Draw,42.995006
2022-2023,2023-05-21 00:00:00,Chelsea,36,away,Man City,0,1,-1,13,6,0.46153846153846156,0.0,15,2,0.13333333333333333,0.06666666666666667,9,12,0.75,2,0,0,0,2,5,-6,0,43,Loss,42.994006
2022-2023,2023-05-25 00:00:00,Chelsea,37,away,Man United,1,4,-3,14,5,0.35714285714285715,0.07142857142857142,18,9,0.5,0.2222222222222222,6,12,0.5,1,1,0,0,4,3,-9,0,43,Loss,42.991005
2022-2023,2023-05-28 00:00:00,Chelsea,38,home,Newcastle,1,1,0,22,5,0.22727272727272727,0.045454545454545456,13,4,0.3076923076923077,0.07692307692307693,9,11,0.8181818181818182,0,0,0,0,10,3,-9,1,44,Draw,43.991005
2022-2023,2022-08-05 00:00:00,Crystal Palace,1,home,Arsenal,0,2,-2,10,2,0.2,0.0,10,2,0.2,0.2,16,11,1.4545454545454546,1,2,0,0,3,5,-2,0,0,Loss,-0.001998
2022-2023,2022-08-15 00:00:00,Crystal Palace,2,away,Liverpool,1,1,0,7,3,0.42857142857142855,0.14285714285714285,24,4,0.16666666666666666,0.041666666666666664,8,7,1.1428571428571428,4,2,0,1,2,4,-2,1,1,Draw,0.998003
2022-2023,2022-08-20 00:00:00,Crystal Palace,3,home,Aston Villa,3,1,2,17,9,0.5294117647058824,0.17647058823529413,13,5,0.38461538461538464,0.07692307692307693,16,14,1.1428571428571428,2,1,0,0,4,2,0,3,4,Win,4.000009
2022-2023,2022-08-27 00:00:00,Crystal Palace,4,away,Man City,2,4,-2,2,2,1.0,1.0,18,5,0.2777777777777778,0.2222222222222222,8,14,0.5714285714285714,2,1,0,0,1,6,-2,0,4,Loss,3.998002
2022-2023,2022-08-30 00:00:00,Crystal Palace,5,home,Brentford,1,1,0,13,4,0.3076923076923077,0.07692307692307693,9,3,0.3333333333333333,0.1111111111111111,11,8,1.375,1,2,0,0,4,6,-2,1,5,Draw,4.998004
2022-2023,2022-09-03 00:00:00,Crystal Palace,6,away,Newcastle,0,0,0,19,9,0.47368421052631576,0.0,23,6,0.2608695652173913,0.0,12,19,0.631578947368421,1,2,0,0,5,13,-2,1,6,Draw,5.998009000000001
2022-2023,2022-10-01 00:00:00,Crystal Palace,7,home,Chelsea,1,2,-1,7,3,0.42857142857142855,0.14285714285714285,13,3,0.23076923076923078,0.15384615384615385,11,13,0.8461538461538461,1,3,0,0,5,2,-3,0,6,Loss,5.997003
2022-2023,2022-10-09 00:00:00,Crystal Palace,8,home,Leeds,2,1,1,13,5,0.38461538461538464,0.15384615384615385,10,4,0.4,0.1,13,23,0.5652173913043478,3,3,0,0,5,3,-2,3,9,Win,8.998005
2022-2023,2022-10-15 00:00:00,Crystal Palace,9,away,Leicester,0,0,0,8,1,0.125,0.0,14,5,0.35714285714285715,0.0,13,18,0.7222222222222222,2,2,0,0,2,9,-2,1,10,Draw,9.998000999999999
2022-2023,2022-10-18 00:00:00,Crystal Palace,10,home,Wolves,2,1,1,14,4,0.2857142857142857,0.14285714285714285,10,4,0.4,0.1,14,18,0.7777777777777778,3,1,0,0,4,3,-1,3,13,Win,12.999004000000001
2022-2023,2022-10-22 00:00:00,Crystal Palace,11,away,Everton,0,3,-3,9,2,0.2222222222222222,0.0,9,6,0.6666666666666666,0.3333333333333333,14,16,0.875,4,3,0,0,4,3,-4,0,13,Loss,12.996002
2022-2023,2022-10-29 00:00:00,Crystal Palace,12,home,Southampton,1,0,1,12,3,0.25,0.08333333333333333,14,4,0.2857142857142857,0.0,13,12,1.0833333333333333,3,3,0,0,8,4,-3,3,16,Win,15.997003
2022-2023,2022-11-06 00:00:00,Crystal Palace,13,away,West Ham,2,1,1,15,6,0.4,0.13333333333333333,5,2,0.4,0.2,7,10,0.7,1,1,0,0,5,2,-2,3,19,Win,18.998006
2022-2023,2022-11-12 00:00:00,Crystal Palace,14,away,Nott'm Forest,0,1,-1,8,0,0.0,0.0,9,2,0.2222222222222222,0.1111111111111111,13,11,1.1818181818181819,4,1,0,0,5,1,-3,0,19,Loss,18.997
2022-2023,2022-12-26 00:00:00,Crystal Palace,15,home,Fulham,0,3,-3,4,0,0.0,0.0,23,11,0.4782608695652174,0.13043478260869565,12,15,0.8,0,0,2,0,1,8,-6,0,19,Loss,18.994
2022-2023,2022-12-31 00:00:00,Crystal Palace,16,away,Bournemouth,2,0,2,15,6,0.4,0.13333333333333333,6,2,0.3333333333333333,0.0,11,17,0.6470588235294118,1,4,0,0,7,2,-4,3,22,Win,21.996005999999998
2022-2023,2023-01-04 00:00:00,Crystal Palace,17,home,Tottenham,0,4,-4,19,4,0.21052631578947367,0.0,14,6,0.42857142857142855,0.2857142857142857,11,8,1.375,1,2,0,0,10,4,-8,0,22,Loss,21.992004
2022-2023,2023-01-15 00:00:00,Crystal Palace,18,away,Chelsea,0,1,-1,10,5,0.5,0.0,15,5,0.3333333333333333,0.06666666666666667,17,10,1.7,5,2,0,0,7,11,-9,0,22,Loss,21.991005
2022-2023,2023-01-18 00:00:00,Crystal Palace,19,home,Man United,1,1,0,10,5,0.5,0.1,15,4,0.26666666666666666,0.06666666666666667,9,10,0.9,1,2,0,0,3,3,-9,1,23,Draw,22.991005
2022-2023,2023-01-21 00:00:00,Crystal Palace,20,home,Newcastle,0,0,0,6,1,0.16666666666666666,0.0,16,7,0.4375,0.0,13,7,1.8571428571428572,4,2,0,0,3,15,-9,1,24,Draw,23.991001
2022-2023,2023-02-04 00:00:00,Crystal Palace,21,away,Man United,1,2,-1,10,3,0.3,0.1,14,5,0.35714285714285715,0.14285714285714285,9,9,1.0,2,1,0,1,5,5,-10,0,24,Loss,23.990002999999998
2022-2023,2023-02-11 00:00:00,Crystal Palace,22,home,Brighton,1,1,0,6,1,0.16666666666666666,0.16666666666666666,17,7,0.4117647058823529,0.058823529411764705,10,11,0.9090909090909091,4,1,0,0,1,6,-10,1,25,Draw,24.990001
2022-2023,2023-02-18 00:00:00,Crystal Palace,23,away,Brentford,1,1,0,10,4,0.4,0.1,12,5,0.4166666666666667,0.08333333333333333,8,10,0.8,2,2,0,0,6,2,-10,1,26,Draw,25.990004
2022-2023,2023-02-25 00:00:00,Crystal Palace,24,home,Liverpool,0,0,0,6,0,0.0,0.0,12,4,0.3333333333333333,0.0,11,14,0.7857142857142857,2,5,0,0,5,3,-10,1,27,Draw,26.99
2022-2023,2023-03-04 00:00:00,Crystal Palace,25,away,Aston Villa,0,1,-1,3,0,0.0,0.0,8,1,0.125,0.125,17,14,1.2142857142857142,3,2,1,0,4,2,-11,0,27,Loss,26.989
2022-2023,2023-03-11 00:00:00,Crystal Palace,26,home,Man City,0,1,-1,4,0,0.0,0.0,14,4,0.2857142857142857,0.07142857142857142,11,17,0.6470588235294118,2,2,0,0,2,6,-12,0,27,Loss,26.988
2022-2023,2023-03-15 00:00:00,Crystal Palace,27,away,Brighton,0,1,-1,11,3,0.2727272727272727,0.0,11,5,0.45454545454545453,0.09090909090909091,20,13,1.5384615384615385,2,1,0,0,4,1,-13,0,27,Loss,26.987002999999998
2022-2023,2023-03-19 00:00:00,Crystal Palace,28,away,Arsenal,1,4,-3,8,4,0.5,0.125,15,5,0.3333333333333333,0.26666666666666666,10,8,1.25,1,0,0,0,4,5,-16,0,27,Loss,26.984004000000002
2022-2023,2023-04-01 00:00:00,Crystal Palace,29,home,Leicester,2,1,1,31,9,0.2903225806451613,0.06451612903225806,3,2,0.6666666666666666,0.3333333333333333,12,16,0.75,3,4,0,0,10,1,-15,3,30,Win,29.985008999999998
2022-2023,2023-04-09 00:00:00,Crystal Palace,30,away,Leeds,5,1,4,16,8,0.5,0.3125,11,7,0.6363636363636364,0.09090909090909091,8,11,0.7272727272727273,1,3,0,0,4,2,-11,3,33,Win,32.989008
2022-2023,2023-04-15 00:00:00,Crystal Palace,31,away,Southampton,2,0,2,9,2,0.2222222222222222,0.2222222222222222,11,4,0.36363636363636365,0.0,13,6,2.1666666666666665,1,3,0,0,2,6,-9,3,36,Win,35.991002
2022-2023,2023-04-22 00:00:00,Crystal Palace,32,home,Everton,0,0,0,12,2,0.16666666666666666,0.0,10,5,0.5,0.0,12,14,0.8571428571428571,1,1,0,1,8,1,-9,1,37,Draw,36.991002
2022-2023,2023-04-25 00:00:00,Crystal Palace,33,away,Wolves,0,2,-2,14,4,0.2857142857142857,0.0,9,3,0.3333333333333333,0.2222222222222222,14,13,1.0769230769230769,4,5,0,0,11,6,-11,0,37,Loss,36.989003999999994
2022-2023,2023-04-29 00:00:00,Crystal Palace,34,home,West Ham,4,3,1,16,6,0.375,0.25,8,4,0.5,0.375,9,17,0.5294117647058824,1,2,0,0,8,5,-10,3,40,Win,39.990006
2022-2023,2023-05-06 00:00:00,Crystal Palace,35,away,Tottenham,0,1,-1,7,2,0.2857142857142857,0.0,8,3,0.375,0.125,14,15,0.9333333333333333,5,3,0,0,4,8,-11,0,40,Loss,39.989002
2022-2023,2023-05-13 00:00:00,Crystal Palace,36,home,Bournemouth,2,0,2,17,5,0.29411764705882354,0.11764705882352941,5,0,0.0,0.0,5,12,0.4166666666666667,0,2,0,0,11,2,-9,3,43,Win,42.991005
2022-2023,2023-05-20 00:00:00,Crystal Palace,37,away,Fulham,2,2,0,11,5,0.45454545454545453,0.18181818181818182,11,4,0.36363636363636365,0.18181818181818182,12,13,0.9230769230769231,0,3,0,0,4,7,-9,1,44,Draw,43.991005
2022-2023,2023-05-28 00:00:00,Crystal Palace,38,home,Nott'm Forest,1,1,0,16,4,0.25,0.0625,7,4,0.5714285714285714,0.14285714285714285,9,13,0.6923076923076923,0,2,0,0,5,4,-9,1,45,Draw,44.991004
2022-2023,2022-08-06 00:00:00,Everton,1,home,Chelsea,0,1,-1,8,4,0.5,0.0,15,6,0.4,0.06666666666666667,14,11,1.2727272727272727,3,2,0,0,4,16,-1,0,0,Loss,-0.000996
2022-2023,2022-08-13 00:00:00,Everton,2,away,Aston Villa,1,2,-1,15,4,0.26666666666666666,0.06666666666666667,12,4,0.3333333333333333,0.16666666666666666,7,9,0.7777777777777778,1,4,0,0,8,5,-2,0,0,Loss,-0.001996
2022-2023,2022-08-20 00:00:00,Everton,3,home,Nott'm Forest,1,1,0,19,8,0.42105263157894735,0.05263157894736842,14,5,0.35714285714285715,0.07142857142857142,6,9,0.6666666666666666,3,2,0,0,6,2,-2,1,1,Draw,0.998008
2022-2023,2022-08-27 00:00:00,Everton,4,away,Brentford,1,1,0,14,7,0.5,0.07142857142857142,19,5,0.2631578947368421,0.05263157894736842,8,8,1.0,2,2,0,0,5,8,-2,1,2,Draw,1.998007
2022-2023,2022-08-30 00:00:00,Everton,5,away,Leeds,1,1,0,7,2,0.2857142857142857,0.14285714285714285,14,5,0.35714285714285715,0.07142857142857142,9,10,0.9,3,3,0,0,2,10,-2,1,3,Draw,2.998002
2022-2023,2022-09-03 00:00:00,Everton,6,home,Liverpool,0,0,0,14,3,0.21428571428571427,0.0,23,8,0.34782608695652173,0.0,7,11,0.6363636363636364,2,2,0,0,7,9,-2,1,4,Draw,3.998003
2022-2023,2022-09-18 00:00:00,Everton,7,home,West Ham,1,0,1,7,2,0.2857142857142857,0.14285714285714285,14,4,0.2857142857142857,0.0,8,11,0.7272727272727273,3,1,0,0,5,14,-1,3,7,Win,6.999002
2022-2023,2022-10-01 00:00:00,Everton,8,away,Southampton,2,1,1,12,5,0.4166666666666667,0.16666666666666666,22,6,0.2727272727272727,0.045454545454545456,10,11,0.9090909090909091,2,2,0,0,6,7,0,3,10,Win,10.000005
2022-2023,2022-10-09 00:00:00,Everton,9,home,Man United,1,2,-1,11,2,0.18181818181818182,0.09090909090909091,12,4,0.3333333333333333,0.16666666666666666,7,13,0.5384615384615384,2,1,0,0,5,4,-1,0,10,Loss,9.999002
2022-2023,2022-10-15 00:00:00,Everton,10,away,Tottenham,0,2,-2,4,0,0.0,0.0,21,7,0.3333333333333333,0.09523809523809523,13,12,1.0833333333333333,4,1,0,0,1,7,-3,0,10,Loss,9.997
2022-2023,2022-10-19 00:00:00,Everton,11,away,Newcastle,0,1,-1,1,0,0.0,0.0,16,4,0.25,0.0625,12,9,1.3333333333333333,4,2,0,0,2,8,-4,0,10,Loss,9.996
2022-2023,2022-10-22 00:00:00,Everton,12,home,Crystal Palace,3,0,3,9,6,0.6666666666666666,0.3333333333333333,9,2,0.2222222222222222,0.0,16,14,1.1428571428571428,3,4,0,0,3,4,-1,3,13,Win,12.999006000000001
2022-2023,2022-10-29 00:00:00,Everton,13,away,Fulham,0,0,0,9,4,0.4444444444444444,0.0,24,6,0.25,0.0,8,10,0.8,1,2,0,0,4,13,-1,1,14,Draw,13.999004000000001
2022-2023,2022-11-05 00:00:00,Everton,14,home,Leicester,0,2,-2,12,2,0.16666666666666666,0.0,22,8,0.36363636363636365,0.09090909090909091,9,5,1.8,0,0,0,0,8,3,-3,0,14,Loss,13.997002
2022-2023,2022-11-12 00:00:00,Everton,15,away,Bournemouth,0,3,-3,15,3,0.2,0.0,16,9,0.5625,0.1875,8,12,0.6666666666666666,0,2,0,0,5,3,-6,0,14,Loss,13.994003
2022-2023,2022-12-26 00:00:00,Everton,16,home,Wolves,1,2,-1,12,6,0.5,0.08333333333333333,7,4,0.5714285714285714,0.2857142857142857,9,22,0.4090909090909091,1,6,0,0,2,2,-7,0,14,Loss,13.993006000000001
2022-2023,2022-12-31 00:00:00,Everton,17,away,Man City,1,1,0,2,1,0.5,0.5,16,3,0.1875,0.0625,14,13,1.0769230769230769,4,3,0,0,1,7,-7,1,15,Draw,14.993001
2022-2023,2023-01-03 00:00:00,Everton,18,home,Brighton,1,4,-3,10,4,0.4,0.1,19,8,0.42105263157894735,0.21052631578947367,8,10,0.8,3,1,0,0,5,2,-10,0,15,Loss,14.990004
2022-2023,2023-01-14 00:00:00,Everton,19,home,Southampton,1,2,-1,12,4,0.3333333333333333,0.08333333333333333,13,5,0.38461538461538464,0.15384615384615385,7,19,0.3684210526315789,0,3,0,0,6,4,-11,0,15,Loss,14.989004000000001
2022-2023,2023-01-21 00:00:00,Everton,20,away,West Ham,0,2,-2,5,2,0.4,0.0,11,4,0.36363636363636365,0.18181818181818182,6,9,0.6666666666666666,1,1,0,0,9,4,-13,0,15,Loss,14.987002
2022-2023,2023-02-04 00:00:00,Everton,21,home,Arsenal,1,0,1,12,4,0.3333333333333333,0.08333333333333333,15,3,0.2,0.0,13,8,1.625,4,1,0,0,7,5,-12,3,18,Win,17.988004
2022-2023,2023-02-13 00:00:00,Everton,22,away,Liverpool,0,2,-2,6,1,0.16666666666666666,0.0,15,6,0.4,0.13333333333333333,16,8,2.0,3,1,0,0,3,3,-14,0,18,Loss,17.986001
2022-2023,2023-02-18 00:00:00,Everton,23,home,Leeds,1,0,1,15,6,0.4,0.06666666666666667,8,0,0.0,0.0,8,6,1.3333333333333333,2,3,0,0,6,4,-13,3,21,Win,20.987005999999997
2022-2023,2023-02-25 00:00:00,Everton,24,home,Aston Villa,0,2,-2,15,5,0.3333333333333333,0.0,9,5,0.5555555555555556,0.2222222222222222,12,12,1.0,2,1,0,0,5,1,-15,0,21,Loss,20.985005
2022-2023,2023-03-01 00:00:00,Everton,25,away,Arsenal,0,4,-4,8,5,0.625,0.0,15,5,0.3333333333333333,0.26666666666666666,12,5,2.4,2,0,0,0,1,5,-19,0,21,Loss,20.981005000000003
2022-2023,2023-03-05 00:00:00,Everton,26,away,Nott'm Forest,2,2,0,10,3,0.3,0.2,10,4,0.4,0.2,17,11,1.5454545454545454,5,3,0,0,3,3,-19,1,22,Draw,21.981003
2022-2023,2023-03-11 00:00:00,Everton,27,home,Brentford,1,0,1,13,6,0.46153846153846156,0.07692307692307693,12,4,0.3333333333333333,0.0,11,12,0.9166666666666666,2,1,0,0,5,8,-18,3,25,Win,24.982006
2022-2023,2023-03-18 00:00:00,Everton,28,away,Chelsea,2,2,0,12,3,0.25,0.16666666666666666,20,7,0.35,0.1,12,8,1.5,2,2,0,0,2,8,-18,1,26,Draw,25.982003
2022-2023,2023-04-03 00:00:00,Everton,29,home,Tottenham,1,1,0,15,6,0.4,0.06666666666666667,8,2,0.25,0.125,10,14,0.7142857142857143,0,3,1,1,3,3,-18,1,27,Draw,26.982006
2022-2023,2023-04-08 00:00:00,Everton,30,away,Man United,0,2,-2,15,1,0.06666666666666667,0.0,29,11,0.3793103448275862,0.06896551724137931,9,10,0.9,0,0,0,0,4,10,-20,0,27,Loss,26.980001
2022-2023,2023-04-15 00:00:00,Everton,31,home,Fulham,1,3,-2,15,7,0.4666666666666667,0.06666666666666667,21,7,0.3333333333333333,0.14285714285714285,10,6,1.6666666666666667,3,2,0,0,4,8,-22,0,27,Loss,26.978007
2022-2023,2023-04-22 00:00:00,Everton,32,away,Crystal Palace,0,0,0,10,5,0.5,0.0,12,2,0.16666666666666666,0.0,14,12,1.1666666666666667,1,1,1,0,1,8,-22,1,28,Draw,27.978005000000003
2022-2023,2023-04-27 00:00:00,Everton,33,home,Newcastle,1,4,-3,13,5,0.38461538461538464,0.07692307692307693,15,8,0.5333333333333333,0.26666666666666666,8,6,1.3333333333333333,2,1,0,0,3,14,-25,0,28,Loss,27.975005000000003
2022-2023,2023-05-01 00:00:00,Everton,34,away,Leicester,2,2,0,23,8,0.34782608695652173,0.08695652173913043,15,6,0.4,0.13333333333333333,12,10,1.2,1,4,0,0,9,2,-25,1,29,Draw,28.975008000000003
2022-2023,2023-05-08 00:00:00,Everton,35,away,Brighton,5,1,4,10,5,0.5,0.5,23,5,0.21739130434782608,0.043478260869565216,13,11,1.1818181818181819,5,1,0,0,1,15,-21,3,32,Win,31.979005
2022-2023,2023-05-14 00:00:00,Everton,36,home,Man City,0,3,-3,7,3,0.42857142857142855,0.0,9,4,0.4444444444444444,0.3333333333333333,12,4,3.0,1,0,0,0,8,6,-24,0,32,Loss,31.976003
2022-2023,2023-05-20 00:00:00,Everton,37,away,Wolves,1,1,0,19,4,0.21052631578947367,0.05263157894736842,13,5,0.38461538461538464,0.07692307692307693,10,18,0.5555555555555556,1,5,0,0,7,1,-24,1,33,Draw,32.976003999999996
2022-2023,2023-05-28 00:00:00,Everton,38,home,Bournemouth,1,0,1,13,6,0.46153846153846156,0.07692307692307693,7,2,0.2857142857142857,0.0,11,12,0.9166666666666666,1,3,0,0,9,3,-23,3,36,Win,35.977005999999996
2022-2023,2022-08-06 00:00:00,Fulham,1,home,Liverpool,2,2,0,9,3,0.3333333333333333,0.2222222222222222,11,4,0.36363636363636365,0.18181818181818182,7,9,0.7777777777777778,2,0,0,0,4,4,0,1,1,Draw,1.000003
2022-2023,2022-08-13 00:00:00,Fulham,2,away,Wolves,0,0,0,9,3,0.3333333333333333,0.0,7,1,0.14285714285714285,0.0,14,7,2.0,3,3,0,0,3,5,0,1,2,Draw,2.000003
2022-2023,2022-08-20 00:00:00,Fulham,3,home,Brentford,3,2,1,18,9,0.5,0.16666666666666666,13,5,0.38461538461538464,0.15384615384615385,13,7,1.8571428571428572,3,2,0,0,6,3,1,3,5,Win,5.001009000000001
2022-2023,2022-08-27 00:00:00,Fulham,4,away,Arsenal,1,2,-1,11,3,0.2727272727272727,0.09090909090909091,22,8,0.36363636363636365,0.09090909090909091,12,6,2.0,3,2,0,0,2,9,0,0,5,Loss,5.000003
2022-2023,2022-08-30 00:00:00,Fulham,5,home,Brighton,2,1,1,10,3,0.3,0.2,7,4,0.5714285714285714,0.14285714285714285,9,11,0.8181818181818182,2,1,0,0,3,3,1,3,8,Win,8.001002999999999
2022-2023,2022-09-03 00:00:00,Fulham,6,away,Tottenham,1,2,-1,9,3,0.3333333333333333,0.1111111111111111,23,10,0.43478260869565216,0.08695652173913043,6,9,0.6666666666666666,4,3,0,0,3,10,0,0,8,Loss,8.000003
2022-2023,2022-09-16 00:00:00,Fulham,7,away,Nott'm Forest,3,2,1,15,7,0.4666666666666667,0.2,11,3,0.2727272727272727,0.18181818181818182,10,11,0.9090909090909091,4,2,0,0,10,2,1,3,11,Win,11.001007
2022-2023,2022-10-01 00:00:00,Fulham,8,home,Newcastle,1,4,-3,3,1,0.3333333333333333,0.3333333333333333,19,10,0.5263157894736842,0.21052631578947367,9,10,0.9,2,0,1,0,1,8,-2,0,11,Loss,10.998000999999999
2022-2023,2022-10-09 00:00:00,Fulham,9,away,West Ham,1,3,-2,8,2,0.25,0.125,17,8,0.47058823529411764,0.17647058823529413,7,9,0.7777777777777778,3,1,0,0,2,4,-4,0,11,Loss,10.996002
2022-2023,2022-10-15 00:00:00,Fulham,10,home,Bournemouth,2,2,0,19,4,0.21052631578947367,0.10526315789473684,10,6,0.6,0.2,9,11,0.8181818181818182,2,0,0,0,5,6,-4,1,12,Draw,11.996004000000001
2022-2023,2022-10-20 00:00:00,Fulham,11,home,Aston Villa,3,0,3,18,8,0.4444444444444444,0.16666666666666666,12,6,0.5,0.0,11,11,1.0,0,2,0,1,9,7,-1,3,15,Win,14.999008
2022-2023,2022-10-23 00:00:00,Fulham,12,away,Leeds,3,2,1,11,5,0.45454545454545453,0.2727272727272727,14,5,0.35714285714285715,0.14285714285714285,8,12,0.6666666666666666,1,1,0,0,6,3,0,3,18,Win,18.000005
2022-2023,2022-10-29 00:00:00,Fulham,13,home,Everton,0,0,0,24,6,0.25,0.0,9,4,0.4444444444444444,0.0,10,8,1.25,2,1,0,0,13,4,0,1,19,Draw,19.000006
2022-2023,2022-11-05 00:00:00,Fulham,14,away,Man City,1,2,-1,4,2,0.5,0.25,16,5,0.3125,0.125,11,6,1.8333333333333333,4,2,0,1,0,9,-1,0,19,Loss,18.999001999999997
2022-2023,2022-11-13 00:00:00,Fulham,15,home,Man United,1,2,-1,14,7,0.5,0.07142857142857142,14,9,0.6428571428571429,0.14285714285714285,9,10,0.9,1,1,0,0,10,3,-2,0,19,Loss,18.998007
2022-2023,2022-12-26 00:00:00,Fulham,16,away,Crystal Palace,3,0,3,23,11,0.4782608695652174,0.13043478260869565,4,0,0.0,0.0,15,12,1.25,0,0,0,2,8,1,1,3,22,Win,22.001011000000002
2022-2023,2022-12-31 00:00:00,Fulham,17,home,Southampton,2,1,1,8,2,0.25,0.25,9,3,0.3333333333333333,0.1111111111111111,8,13,0.6153846153846154,0,1,0,0,4,4,2,3,25,Win,25.002001999999997
2022-2023,2023-01-03 00:00:00,Fulham,18,away,Leicester,1,0,1,11,2,0.18181818181818182,0.09090909090909091,15,6,0.4,0.0,11,12,0.9166666666666666,6,2,0,0,3,6,3,3,28,Win,28.003002
2022-2023,2023-01-12 00:00:00,Fulham,19,home,Chelsea,2,1,1,8,3,0.375,0.25,20,10,0.5,0.05,12,16,0.75,4,3,0,1,5,7,4,3,31,Win,31.004003
2022-2023,2023-01-15 00:00:00,Fulham,20,away,Newcastle,0,1,-1,5,0,0.0,0.0,20,5,0.25,0.05,14,6,2.3333333333333335,3,1,0,0,5,10,3,0,31,Loss,31.003
2022-2023,2023-01-23 00:00:00,Fulham,21,home,Tottenham,0,1,-1,10,5,0.5,0.0,10,3,0.3,0.1,10,10,1.0,1,3,0,0,3,8,2,0,31,Loss,31.002005
2022-2023,2023-02-03 00:00:00,Fulham,22,away,Chelsea,0,0,0,10,4,0.4,0.0,12,3,0.25,0.0,12,16,0.75,4,1,0,0,2,6,2,1,32,Draw,32.002004
2022-2023,2023-02-11 00:00:00,Fulham,23,home,Nott'm Forest,2,0,2,16,3,0.1875,0.125,10,1,0.1,0.0,9,11,0.8181818181818182,0,1,0,0,5,4,4,3,35,Win,35.004003
2022-2023,2023-02-18 00:00:00,Fulham,24,away,Brighton,1,0,1,5,2,0.4,0.2,21,7,0.3333333333333333,0.0,14,12,1.1666666666666667,5,0,0,0,2,10,5,3,38,Win,38.005002000000005
2022-2023,2023-02-24 00:00:00,Fulham,25,home,Wolves,1,1,0,10,5,0.5,0.1,8,2,0.25,0.125,12,17,0.7058823529411765,2,0,0,0,4,3,5,1,39,Draw,39.005005000000004
2022-2023,2023-03-06 00:00:00,Fulham,26,away,Brentford,2,3,-1,9,5,0.5555555555555556,0.2222222222222222,14,6,0.42857142857142855,0.21428571428571427,17,12,1.4166666666666667,3,0,0,0,3,2,4,0,39,Loss,39.004005
2022-2023,2023-03-12 00:00:00,Fulham,27,home,Arsenal,0,3,-3,12,2,0.16666666666666666,0.0,15,7,0.4666666666666667,0.2,10,9,1.1111111111111112,0,1,0,0,4,8,1,0,39,Loss,39.001002
2022-2023,2023-04-01 00:00:00,Fulham,28,away,Bournemouth,1,2,-1,10,2,0.2,0.1,12,7,0.5833333333333334,0.16666666666666666,13,15,0.8666666666666667,4,1,0,0,3,4,0,0,39,Loss,39.000002
2022-2023,2023-04-08 00:00:00,Fulham,29,home,West Ham,0,1,-1,16,3,0.1875,0.0,9,5,0.5555555555555556,0.1111111111111111,10,12,0.8333333333333334,1,1,0,0,11,4,-1,0,39,Loss,38.999003
2022-2023,2023-04-15 00:00:00,Fulham,30,away,Everton,3,1,2,21,7,0.3333333333333333,0.14285714285714285,15,7,0.4666666666666667,0.06666666666666667,6,10,0.6,2,3,0,0,8,4,1,3,42,Win,42.001006999999994
2022-2023,2023-04-22 00:00:00,Fulham,31,home,Leeds,2,1,1,12,5,0.4166666666666667,0.16666666666666666,10,2,0.2,0.1,10,15,0.6666666666666666,1,4,0,0,8,6,2,3,45,Win,45.002005000000004
2022-2023,2023-04-25 00:00:00,Fulham,32,away,Aston Villa,0,1,-1,1,0,0.0,0.0,14,3,0.21428571428571427,0.07142857142857142,18,6,3.0,2,3,0,0,2,8,1,0,45,Loss,45.001
2022-2023,2023-04-30 00:00:00,Fulham,33,home,Man City,1,2,-1,4,1,0.25,0.25,12,9,0.75,0.16666666666666666,9,10,0.9,1,3,0,0,2,5,0,0,45,Loss,45.000001
2022-2023,2023-05-03 00:00:00,Fulham,34,away,Liverpool,0,1,-1,9,3,0.3333333333333333,0.0,15,3,0.2,0.06666666666666667,8,10,0.8,0,0,0,0,5,7,-1,0,45,Loss,44.999003
2022-2023,2023-05-08 00:00:00,Fulham,35,home,Leicester,5,3,2,17,7,0.4117647058823529,0.29411764705882354,18,9,0.5,0.16666666666666666,13,15,0.8666666666666667,0,3,0,0,2,7,1,3,48,Win,48.001006999999994
2022-2023,2023-05-13 00:00:00,Fulham,36,away,Southampton,2,0,2,9,4,0.4444444444444444,0.2222222222222222,5,1,0.2,0.0,12,17,0.7058823529411765,0,2,0,0,8,1,3,3,51,Win,51.003004
2022-2023,2023-05-20 00:00:00,Fulham,37,home,Crystal Palace,2,2,0,11,4,0.36363636363636365,0.18181818181818182,11,5,0.45454545454545453,0.18181818181818182,13,12,1.0833333333333333,3,0,0,0,7,4,3,1,52,Draw,52.003004
2022-2023,2023-05-28 00:00:00,Fulham,38,away,Man United,1,2,-1,10,3,0.3,0.1,21,8,0.38095238095238093,0.09523809523809523,10,14,0.7142857142857143,2,1,0,0,4,5,2,0,52,Loss,52.002003
2022-2023,2022-08-06 00:00:00,Leeds,1,home,Wolves,2,1,1,12,4,0.3333333333333333,0.16666666666666666,15,6,0.4,0.06666666666666667,13,9,1.4444444444444444,2,0,0,0,6,4,1,3,3,Win,3.001004
2022-2023,2022-08-13 00:00:00,Leeds,2,away,Southampton,2,2,0,13,5,0.38461538461538464,0.15384615384615385,14,4,0.2857142857142857,0.14285714285714285,12,10,1.2,3,1,0,0,5,2,1,1,4,Draw,4.001005
2022-2023,2022-08-21 00:00:00,Leeds,3,home,Chelsea,3,0,3,12,6,0.5,0.25,14,3,0.21428571428571427,0.0,16,15,1.0666666666666667,0,1,0,1,4,6,4,3,7,Win,7.0040059999999995
2022-2023,2022-08-27 00:00:00,Leeds,4,away,Brighton,0,1,-1,10,2,0.2,0.0,13,4,0.3076923076923077,0.07692307692307693,14,10,1.4,3,2,0,0,3,5,3,0,7,Loss,7.003002
2022-2023,2022-08-30 00:00:00,Leeds,5,home,Everton,1,1,0,14,5,0.35714285714285715,0.07142857142857142,7,2,0.2857142857142857,0.14285714285714285,10,9,1.1111111111111112,3,3,0,0,10,2,3,1,8,Draw,8.003005
2022-2023,2022-09-03 00:00:00,Leeds,6,away,Brentford,2,5,-3,17,6,0.35294117647058826,0.11764705882352941,14,8,0.5714285714285714,0.35714285714285715,9,8,1.125,2,2,0,0,6,2,0,0,8,Loss,8.000006
2022-2023,2022-10-02 00:00:00,Leeds,7,home,Aston Villa,0,0,0,9,1,0.1111111111111111,0.0,19,7,0.3684210526315789,0.0,23,12,1.9166666666666667,3,2,1,0,2,9,0,1,9,Draw,9.000001
2022-2023,2022-10-09 00:00:00,Leeds,8,away,Crystal Palace,1,2,-1,10,4,0.4,0.1,13,5,0.38461538461538464,0.15384615384615385,23,13,1.7692307692307692,3,3,0,0,3,5,-1,0,9,Loss,8.999004000000001
2022-2023,2022-10-16 00:00:00,Leeds,9,home,Arsenal,0,1,-1,16,4,0.25,0.0,9,4,0.4444444444444444,0.1111111111111111,10,11,0.9090909090909091,0,2,0,0,6,3,-2,0,9,Loss,8.998004
2022-2023,2022-10-20 00:00:00,Leeds,10,away,Leicester,0,2,-2,14,2,0.14285714285714285,0.0,5,1,0.2,0.4,11,15,0.7333333333333333,1,2,0,0,9,2,-4,0,9,Loss,8.996002
2022-2023,2022-10-23 00:00:00,Leeds,11,home,Fulham,2,3,-1,14,5,0.35714285714285715,0.14285714285714285,11,5,0.45454545454545453,0.2727272727272727,12,8,1.5,1,1,0,0,3,6,-5,0,9,Loss,8.995004999999999
2022-2023,2022-10-29 00:00:00,Leeds,12,away,Liverpool,2,1,1,14,6,0.42857142857142855,0.14285714285714285,22,10,0.45454545454545453,0.045454545454545456,3,9,0.3333333333333333,1,0,0,0,5,14,-4,3,12,Win,11.996006000000001
2022-2023,2022-11-05 00:00:00,Leeds,13,home,Bournemouth,4,3,1,18,4,0.2222222222222222,0.2222222222222222,9,6,0.6666666666666666,0.3333333333333333,16,10,1.6,2,2,0,0,13,3,-3,3,15,Win,14.997004
2022-2023,2022-11-12 00:00:00,Leeds,14,away,Tottenham,3,4,-1,12,5,0.4166666666666667,0.25,14,8,0.5714285714285714,0.2857142857142857,7,8,0.875,1,1,1,0,2,9,-4,0,15,Loss,14.996005
2022-2023,2022-12-28 00:00:00,Leeds,15,home,Man City,1,3,-2,9,1,0.1111111111111111,0.1111111111111111,26,9,0.34615384615384615,0.11538461538461539,11,14,0.7857142857142857,3,3,0,0,3,5,-6,0,15,Loss,14.994000999999999
2022-2023,2022-12-31 00:00:00,Leeds,16,away,Newcastle,0,0,0,8,1,0.125,0.0,16,5,0.3125,0.0,19,13,1.4615384615384615,5,3,0,0,3,9,-6,1,16,Draw,15.994000999999999
2022-2023,2023-01-04 00:00:00,Leeds,17,home,West Ham,2,2,0,14,6,0.42857142857142855,0.14285714285714285,15,2,0.13333333333333333,0.13333333333333333,11,18,0.6111111111111112,3,1,0,0,8,1,-6,1,17,Draw,16.994006
2022-2023,2023-01-13 00:00:00,Leeds,18,away,Aston Villa,1,2,-1,16,4,0.25,0.0625,11,5,0.45454545454545453,0.18181818181818182,8,12,0.6666666666666666,2,2,0,0,11,0,-7,0,17,Loss,16.993004
2022-2023,2023-01-22 00:00:00,Leeds,19,home,Brentford,0,0,0,9,5,0.5555555555555556,0.0,6,0,0.0,0.0,10,18,0.5555555555555556,2,2,0,0,2,3,-7,1,18,Draw,17.993005
2022-2023,2023-02-05 00:00:00,Leeds,20,away,Nott'm Forest,0,1,-1,10,4,0.4,0.0,6,2,0.3333333333333333,0.16666666666666666,14,15,0.9333333333333333,2,4,0,0,2,0,-8,0,18,Loss,17.992004
2022-2023,2023-02-08 00:00:00,Leeds,21,away,Man United,2,2,0,8,2,0.25,0.25,24,7,0.2916666666666667,0.08333333333333333,11,7,1.5714285714285714,3,1,0,0,5,6,-8,1,19,Draw,18.992002
2022-2023,2023-02-12 00:00:00,Leeds,22,home,Man United,0,2,-2,16,6,0.375,0.0,11,5,0.45454545454545453,0.18181818181818182,10,13,0.7692307692307693,2,1,0,0,7,3,-10,0,19,Loss,18.990005999999997
2022-2023,2023-02-18 00:00:00,Leeds,23,away,Everton,0,1,-1,8,0,0.0,0.0,15,6,0.4,0.06666666666666667,6,8,0.75,3,2,0,0,4,6,-11,0,19,Loss,18.989
2022-2023,2023-02-25 00:00:00,Leeds,24,home,Southampton,1,0,1,14,4,0.2857142857142857,0.07142857142857142,8,2,0.25,0.0,15,13,1.1538461538461537,2,4,0,0,9,2,-10,3,22,Win,21.990004
2022-2023,2023-03-04 00:00:00,Leeds,25,away,Chelsea,0,1,-1,11,2,0.18181818181818182,0.0,13,3,0.23076923076923078,0.07692307692307693,7,10,0.7,0,2,0,0,7,5,-11,0,22,Loss,21.989002
2022-2023,2023-03-11 00:00:00,Leeds,26,home,Brighton,2,2,0,12,4,0.3333333333333333,0.16666666666666666,14,2,0.14285714285714285,0.14285714285714285,12,9,1.3333333333333333,1,1,0,0,4,7,-11,1,23,Draw,22.989004
2022-2023,2023-03-18 00:00:00,Leeds,27,away,Wolves,4,2,2,11,4,0.36363636363636365,0.36363636363636365,23,8,0.34782608695652173,0.08695652173913043,9,15,0.6,5,3,0,1,4,5,-9,3,26,Win,25.991004
2022-2023,2023-04-01 00:00:00,Leeds,28,away,Arsenal,1,4,-3,7,5,0.7142857142857143,0.14285714285714285,13,6,0.46153846153846156,0.3076923076923077,13,11,1.1818181818181819,2,0,0,0,3,4,-12,0,26,Loss,25.988005
2022-2023,2023-04-04 00:00:00,Leeds,29,home,Nott'm Forest,2,1,1,21,6,0.2857142857142857,0.09523809523809523,13,1,0.07692307692307693,0.07692307692307693,11,13,0.8461538461538461,1,4,0,0,11,4,-11,3,29,Win,28.989006
2022-2023,2023-04-09 00:00:00,Leeds,30,home,Crystal Palace,1,5,-4,11,7,0.6363636363636364,0.09090909090909091,16,8,0.5,0.3125,11,8,1.375,3,1,0,0,2,4,-15,0,29,Loss,28.985007
2022-2023,2023-04-17 00:00:00,Leeds,31,home,Liverpool,1,6,-5,13,3,0.23076923076923078,0.07692307692307693,13,7,0.5384615384615384,0.46153846153846156,6,12,0.5,0,1,0,0,4,2,-20,0,29,Loss,28.980003
2022-2023,2023-04-22 00:00:00,Leeds,32,away,Fulham,1,2,-1,10,2,0.2,0.1,12,5,0.4166666666666667,0.16666666666666666,15,10,1.5,4,1,0,0,6,8,-21,0,29,Loss,28.979001999999998
2022-2023,2023-04-25 00:00:00,Leeds,33,home,Leicester,1,1,0,13,3,0.23076923076923078,0.07692307692307693,15,3,0.2,0.06666666666666667,14,15,0.9333333333333333,4,2,0,0,3,6,-21,1,30,Draw,29.979003
2022-2023,2023-04-30 00:00:00,Leeds,34,away,Bournemouth,1,4,-3,15,6,0.4,0.06666666666666667,12,7,0.5833333333333334,0.3333333333333333,14,12,1.1666666666666667,0,1,0,0,6,2,-24,0,30,Loss,29.976005999999998
2022-2023,2023-05-06 00:00:00,Leeds,35,away,Man City,1,2,-1,4,2,0.5,0.25,18,6,0.3333333333333333,0.1111111111111111,16,3,5.333333333333333,3,0,0,0,1,10,-25,0,30,Loss,29.975002
2022-2023,2023-05-13 00:00:00,Leeds,36,home,Newcastle,2,2,0,9,4,0.4444444444444444,0.2222222222222222,18,5,0.2777777777777778,0.1111111111111111,16,14,1.1428571428571428,3,2,1,0,2,6,-25,1,31,Draw,30.975004000000002
2022-2023,2023-05-21 00:00:00,Leeds,37,away,West Ham,1,3,-2,12,3,0.25,0.08333333333333333,19,9,0.47368421052631576,0.15789473684210525,11,6,1.8333333333333333,3,1,0,0,5,9,-27,0,31,Loss,30.973003
2022-2023,2023-05-28 00:00:00,Leeds,38,home,Tottenham,1,4,-3,19,2,0.10526315789473684,0.05263157894736842,11,7,0.6363636363636364,0.36363636363636365,7,5,1.4,3,0,0,0,12,3,-30,0,31,Loss,30.970001999999997
2022-2023,2022-08-07 00:00:00,Leicester,1,home,Brentford,2,2,0,14,5,0.35714285714285715,0.14285714285714285,8,3,0.375,0.25,6,5,1.2,0,0,0,0,5,6,0,1,1,Draw,1.000005
2022-2023,2022-08-13 00:00:00,Leicester,2,away,Arsenal,2,4,-2,6,2,0.3333333333333333,0.3333333333333333,19,7,0.3684210526315789,0.21052631578947367,9,15,0.6,1,1,0,0,2,6,-2,0,1,Loss,0.998002
2022-2023,2022-08-20 00:00:00,Leicester,3,home,Southampton,1,2,-1,6,1,0.16666666666666666,0.16666666666666666,9,3,0.3333333333333333,0.2222222222222222,11,15,0.7333333333333333,2,3,0,0,2,5,-3,0,1,Loss,0.997001
2022-2023,2022-08-27 00:00:00,Leicester,4,away,Chelsea,1,2,-1,17,5,0.29411764705882354,0.058823529411764705,7,3,0.42857142857142855,0.2857142857142857,7,10,0.7,2,1,0,1,11,3,-4,0,1,Loss,0.996005
2022-2023,2022-09-01 00:00:00,Leicester,5,home,Man United,0,1,-1,10,2,0.2,0.0,9,2,0.2222222222222222,0.1111111111111111,7,15,0.4666666666666667,1,3,0,0,1,3,-5,0,1,Loss,0.9950019999999999
2022-2023,2022-09-04 00:00:00,Leicester,6,away,Brighton,2,5,-3,6,4,0.6666666666666666,0.3333333333333333,23,11,0.4782608695652174,0.21739130434782608,8,6,1.3333333333333333,1,1,0,0,1,10,-8,0,1,Loss,0.992004
2022-2023,2022-09-17 00:00:00,Leicester,7,away,Tottenham,2,6,-4,19,7,0.3684210526315789,0.10526315789473684,16,11,0.6875,0.375,9,9,1.0,2,1,0,0,1,6,-12,0,1,Loss,0.988007
2022-2023,2022-10-03 00:00:00,Leicester,8,home,Nott'm Forest,4,0,4,17,7,0.4117647058823529,0.23529411764705882,10,3,0.3,0.0,13,12,1.0833333333333333,2,4,0,0,6,6,-8,3,4,Win,3.992007
2022-2023,2022-10-08 00:00:00,Leicester,9,away,Bournemouth,1,2,-1,9,5,0.5555555555555556,0.1111111111111111,10,4,0.4,0.2,16,8,2.0,2,1,0,0,2,7,-9,0,4,Loss,3.991005
2022-2023,2022-10-15 00:00:00,Leicester,10,home,Crystal Palace,0,0,0,14,5,0.35714285714285715,0.0,8,1,0.125,0.0,18,13,1.3846153846153846,2,2,0,0,9,2,-9,1,5,Draw,4.9910049999999995
2022-2023,2022-10-20 00:00:00,Leicester,11,home,Leeds,2,0,2,5,1,0.2,0.4,14,2,0.14285714285714285,0.0,15,11,1.3636363636363635,2,1,0,0,2,9,-7,3,8,Win,7.9930010000000005
2022-2023,2022-10-23 00:00:00,Leicester,12,away,Wolves,4,0,4,5,4,0.8,0.8,21,5,0.23809523809523808,0.0,13,10,1.3,1,2,0,0,2,9,-3,3,11,Win,10.997004
2022-2023,2022-10-29 00:00:00,Leicester,13,home,Man City,0,1,-1,10,5,0.5,0.0,15,5,0.3333333333333333,0.06666666666666667,5,10,0.5,0,0,0,0,3,10,-4,0,11,Loss,10.996005
2022-2023,2022-11-05 00:00:00,Leicester,14,away,Everton,2,0,2,22,8,0.36363636363636365,0.09090909090909091,12,2,0.16666666666666666,0.0,5,9,0.5555555555555556,0,0,0,0,3,8,-2,3,14,Win,13.998007999999999
2022-2023,2022-11-12 00:00:00,Leicester,15,away,West Ham,2,0,2,9,6,0.6666666666666666,0.2222222222222222,18,6,0.3333333333333333,0.0,8,9,0.8888888888888888,1,3,0,0,2,7,0,3,17,Win,17.000006
2022-2023,2022-12-26 00:00:00,Leicester,16,home,Newcastle,0,3,-3,8,2,0.25,0.0,12,5,0.4166666666666667,0.25,9,6,1.5,0,0,0,0,5,5,-3,0,17,Loss,16.997002
2022-2023,2022-12-30 00:00:00,Leicester,17,away,Liverpool,1,2,-1,7,2,0.2857142857142857,0.14285714285714285,21,5,0.23809523809523808,0.09523809523809523,15,8,1.875,1,0,0,0,5,4,-4,0,17,Loss,16.996001999999997
2022-2023,2023-01-03 00:00:00,Leicester,18,home,Fulham,0,1,-1,15,6,0.4,0.0,11,2,0.18181818181818182,0.09090909090909091,12,11,1.0909090909090908,2,6,0,0,6,3,-5,0,17,Loss,16.995006
2022-2023,2023-01-14 00:00:00,Leicester,19,away,Nott'm Forest,0,2,-2,6,1,0.16666666666666666,0.0,15,5,0.3333333333333333,0.13333333333333333,12,11,1.0909090909090908,2,1,0,0,5,3,-7,0,17,Loss,16.993001
2022-2023,2023-01-21 00:00:00,Leicester,20,home,Brighton,2,2,0,9,2,0.2222222222222222,0.2222222222222222,13,4,0.3076923076923077,0.15384615384615385,9,9,1.0,0,1,0,0,5,6,-7,1,18,Draw,17.993001999999997
2022-2023,2023-02-04 00:00:00,Leicester,21,away,Aston Villa,4,2,2,9,5,0.5555555555555556,0.4444444444444444,19,4,0.21052631578947367,0.10526315789473684,10,10,1.0,2,0,0,0,3,11,-5,3,21,Win,20.995005000000003
2022-2023,2023-02-11 00:00:00,Leicester,22,home,Tottenham,4,1,3,15,7,0.4666666666666667,0.26666666666666666,11,4,0.36363636363636365,0.09090909090909091,14,9,1.5555555555555556,5,2,0,0,1,5,-2,3,24,Win,23.998007
2022-2023,2023-02-19 00:00:00,Leicester,23,away,Man United,0,3,-3,19,3,0.15789473684210525,0.0,26,8,0.3076923076923077,0.11538461538461539,9,9,1.0,2,0,0,0,6,6,-5,0,24,Loss,23.995003
2022-2023,2023-02-25 00:00:00,Leicester,24,home,Arsenal,0,1,-1,1,0,0.0,0.0,10,2,0.2,0.1,14,9,1.5555555555555556,0,1,0,0,0,8,-6,0,24,Loss,23.994
2022-2023,2023-03-04 00:00:00,Leicester,25,away,Southampton,0,1,-1,11,0,0.0,0.0,11,5,0.45454545454545453,0.09090909090909091,11,12,0.9166666666666666,2,4,0,0,4,3,-7,0,24,Loss,23.993
2022-2023,2023-03-11 00:00:00,Leicester,26,home,Chelsea,1,3,-2,17,7,0.4117647058823529,0.058823529411764705,12,6,0.5,0.25,10,11,0.9090909090909091,1,2,1,0,2,5,-9,0,24,Loss,23.991007
2022-2023,2023-03-18 00:00:00,Leicester,27,away,Brentford,1,1,0,14,1,0.07142857142857142,0.07142857142857142,11,2,0.18181818181818182,0.09090909090909091,11,10,1.1,2,1,0,1,4,8,-9,1,25,Draw,24.991001
2022-2023,2023-04-01 00:00:00,Leicester,28,away,Crystal Palace,1,2,-1,3,2,0.6666666666666666,0.3333333333333333,31,9,0.2903225806451613,0.06451612903225806,16,12,1.3333333333333333,4,3,0,0,1,10,-10,0,25,Loss,24.990001999999997
2022-2023,2023-04-04 00:00:00,Leicester,29,home,Aston Villa,1,2,-1,9,4,0.4444444444444444,0.1111111111111111,15,5,0.3333333333333333,0.13333333333333333,10,14,0.7142857142857143,2,0,1,0,4,8,-11,0,25,Loss,24.989004
2022-2023,2023-04-08 00:00:00,Leicester,30,home,Bournemouth,0,1,-1,14,4,0.2857142857142857,0.0,19,7,0.3684210526315789,0.05263157894736842,10,13,0.7692307692307693,0,3,0,0,6,6,-12,0,25,Loss,24.988004
2022-2023,2023-04-15 00:00:00,Leicester,31,away,Man City,1,3,-2,10,4,0.4,0.1,12,4,0.3333333333333333,0.25,8,8,1.0,1,1,0,0,2,6,-14,0,25,Loss,24.986004
2022-2023,2023-04-22 00:00:00,Leicester,32,home,Wolves,2,1,1,15,8,0.5333333333333333,0.13333333333333333,16,3,0.1875,0.0625,17,16,1.0625,1,3,0,0,1,7,-13,3,28,Win,27.987008
2022-2023,2023-04-25 00:00:00,Leicester,33,away,Leeds,1,1,0,15,3,0.2,0.06666666666666667,13,3,0.23076923076923078,0.07692307692307693,15,14,1.0714285714285714,2,4,0,0,6,3,-13,1,29,Draw,28.987002999999998
2022-2023,2023-05-01 00:00:00,Leicester,34,home,Everton,2,2,0,15,6,0.4,0.13333333333333333,23,8,0.34782608695652173,0.08695652173913043,10,12,0.8333333333333334,4,1,0,0,2,9,-13,1,30,Draw,29.987005999999997
2022-2023,2023-05-08 00:00:00,Leicester,35,away,Fulham,3,5,-2,18,9,0.5,0.16666666666666666,17,7,0.4117647058823529,0.29411764705882354,15,13,1.1538461538461537,3,0,0,0,7,2,-15,0,30,Loss,29.985008999999998
2022-2023,2023-05-15 00:00:00,Leicester,36,home,Liverpool,0,3,-3,4,4,1.0,0.0,16,5,0.3125,0.1875,11,17,0.6470588235294118,2,1,0,0,4,4,-18,0,30,Loss,29.982004
2022-2023,2023-05-22 00:00:00,Leicester,37,away,Newcastle,0,0,0,1,1,1.0,0.0,23,4,0.17391304347826086,0.0,5,9,0.5555555555555556,0,2,0,0,1,12,-18,1,31,Draw,30.982001
2022-2023,2023-05-28 00:00:00,Leicester,38,home,West Ham,2,1,1,13,4,0.3076923076923077,0.15384615384615385,16,3,0.1875,0.0625,8,10,0.8,1,1,0,0,3,5,-17,3,34,Win,33.983003999999994
2022-2023,2022-08-06 00:00:00,Liverpool,1,away,Fulham,2,2,0,11,4,0.36363636363636365,0.18181818181818182,9,3,0.3333333333333333,0.2222222222222222,9,7,1.2857142857142858,0,2,0,0,4,4,0,1,1,Draw,1.000004
2022-2023,2022-08-15 00:00:00,Liverpool,2,home,Crystal Palace,1,1,0,24,4,0.16666666666666666,0.041666666666666664,7,3,0.42857142857142855,0.14285714285714285,7,8,0.875,2,4,1,0,4,2,0,1,2,Draw,2.000004
2022-2023,2022-08-22 00:00:00,Liverpool,3,away,Man United,1,2,-1,17,5,0.29411764705882354,0.058823529411764705,12,4,0.3333333333333333,0.16666666666666666,7,11,0.6363636363636364,1,3,0,0,8,6,-1,0,2,Loss,1.9990050000000001
2022-2023,2022-08-27 00:00:00,Liverpool,4,home,Bournemouth,9,0,9,19,12,0.631578947368421,0.47368421052631576,5,2,0.4,0.0,6,5,1.2,0,1,0,0,8,1,8,3,5,Win,5.008012
2022-2023,2022-08-31 00:00:00,Liverpool,5,home,Newcastle,2,1,1,23,6,0.2608695652173913,0.08695652173913043,5,2,0.4,0.2,9,10,0.9,0,2,0,0,13,0,9,3,8,Win,8.009006000000001
2022-2023,2022-09-03 00:00:00,Liverpool,6,away,Everton,0,0,0,23,8,0.34782608695652173,0.0,14,3,0.21428571428571427,0.0,11,7,1.5714285714285714,2,2,0,0,9,7,9,1,9,Draw,9.009008
2022-2023,2022-10-01 00:00:00,Liverpool,7,home,Brighton,3,3,0,15,7,0.4666666666666667,0.2,6,6,1.0,0.5,9,13,0.6923076923076923,1,1,0,0,9,2,9,1,10,Draw,10.009007
2022-2023,2022-10-09 00:00:00,Liverpool,8,away,Arsenal,2,3,-1,8,3,0.375,0.25,11,7,0.6363636363636364,0.2727272727272727,11,11,1.0,2,1,0,0,3,4,8,0,10,Loss,10.008002999999999
2022-2023,2022-10-16 00:00:00,Liverpool,9,home,Man City,1,0,1,13,2,0.15384615384615385,0.07692307692307693,16,6,0.375,0.0,10,7,1.4285714285714286,3,1,0,0,5,6,9,3,13,Win,13.009002
2022-2023,2022-10-19 00:00:00,Liverpool,10,home,West Ham,1,0,1,22,7,0.3181818181818182,0.045454545454545456,8,3,0.375,0.0,9,8,1.125,0,0,0,0,8,3,10,3,16,Win,16.010007
2022-2023,2022-10-22 00:00:00,Liverpool,11,away,Nott'm Forest,0,1,-1,15,7,0.4666666666666667,0.0,10,7,0.7,0.1,8,14,0.5714285714285714,1,2,0,0,11,2,9,0,16,Loss,16.009007
2022-2023,2022-10-29 00:00:00,Liverpool,12,home,Leeds,1,2,-1,22,10,0.45454545454545453,0.045454545454545456,14,6,0.42857142857142855,0.14285714285714285,9,3,3.0,0,1,0,0,14,5,8,0,16,Loss,16.00801
2022-2023,2022-11-06 00:00:00,Liverpool,13,away,Tottenham,2,1,1,13,6,0.46153846153846156,0.15384615384615385,14,5,0.35714285714285715,0.07142857142857142,8,10,0.8,0,0,0,0,3,5,9,3,19,Win,19.009006
2022-2023,2022-11-12 00:00:00,Liverpool,14,home,Southampton,3,1,2,15,7,0.4666666666666667,0.2,9,5,0.5555555555555556,0.1111111111111111,8,8,1.0,0,2,0,0,6,0,11,3,22,Win,22.011007
2022-2023,2022-12-26 00:00:00,Liverpool,15,away,Aston Villa,3,1,2,16,9,0.5625,0.1875,12,6,0.5,0.08333333333333333,12,7,1.7142857142857142,0,0,0,0,6,0,13,3,25,Win,25.013009
2022-2023,2022-12-30 00:00:00,Liverpool,16,home,Leicester,2,1,1,21,5,0.23809523809523808,0.09523809523809523,7,2,0.2857142857142857,0.14285714285714285,8,15,0.5333333333333333,0,1,0,0,4,5,14,3,28,Win,28.014005
2022-2023,2023-01-02 00:00:00,Liverpool,17,away,Brentford,1,3,-2,16,6,0.375,0.0625,10,7,0.7,0.3,8,5,1.6,3,1,0,0,9,4,12,0,28,Loss,28.012006
2022-2023,2023-01-14 00:00:00,Liverpool,18,away,Brighton,0,3,-3,6,2,0.3333333333333333,0.0,16,9,0.5625,0.1875,15,8,1.875,3,1,0,0,1,7,9,0,28,Loss,28.009002
2022-2023,2023-01-21 00:00:00,Liverpool,19,home,Chelsea,0,0,0,15,3,0.2,0.0,11,2,0.18181818181818182,0.0,16,9,1.7777777777777777,3,1,0,0,5,5,9,1,29,Draw,29.009003
2022-2023,2023-02-04 00:00:00,Liverpool,20,away,Wolves,0,3,-3,22,4,0.18181818181818182,0.0,12,6,0.5,0.25,7,9,0.7777777777777778,1,1,0,0,7,2,6,0,29,Loss,29.006004
2022-2023,2023-02-13 00:00:00,Liverpool,21,home,Everton,2,0,2,15,6,0.4,0.13333333333333333,6,1,0.16666666666666666,0.0,8,16,0.5,1,3,0,0,3,3,8,3,32,Win,32.008006
2022-2023,2023-02-18 00:00:00,Liverpool,22,away,Newcastle,2,0,2,13,7,0.5384615384615384,0.15384615384615385,14,4,0.2857142857142857,0.0,8,3,2.6666666666666665,1,1,0,1,7,6,10,3,35,Win,35.010006999999995
2022-2023,2023-02-25 00:00:00,Liverpool,23,away,Crystal Palace,0,0,0,12,4,0.3333333333333333,0.0,6,0,0.0,0.0,14,11,1.2727272727272727,5,2,0,0,3,5,10,1,36,Draw,36.010003999999995
2022-2023,2023-03-01 00:00:00,Liverpool,24,home,Wolves,2,0,2,15,6,0.4,0.13333333333333333,4,1,0.25,0.0,13,14,0.9285714285714286,2,3,0,0,5,2,12,3,39,Win,39.012006
2022-2023,2023-03-05 00:00:00,Liverpool,25,home,Man United,7,0,7,18,8,0.4444444444444444,0.3888888888888889,8,4,0.5,0.0,13,14,0.9285714285714286,2,3,0,0,4,3,19,3,42,Win,42.019008
2022-2023,2023-03-11 00:00:00,Liverpool,26,away,Bournemouth,0,1,-1,15,6,0.4,0.0,5,2,0.4,0.2,9,7,1.2857142857142858,1,2,0,0,8,3,18,0,42,Loss,42.018006
2022-2023,2023-04-01 00:00:00,Liverpool,27,away,Man City,1,4,-3,4,1,0.25,0.25,17,8,0.47058823529411764,0.23529411764705882,12,9,1.3333333333333333,1,1,0,0,1,7,15,0,42,Loss,42.015001
2022-2023,2023-04-04 00:00:00,Liverpool,28,away,Chelsea,0,0,0,7,4,0.5714285714285714,0.0,12,3,0.25,0.0,17,6,2.8333333333333335,4,1,0,0,5,3,15,1,43,Draw,43.015004
2022-2023,2023-04-09 00:00:00,Liverpool,29,home,Arsenal,2,2,0,21,6,0.2857142857142857,0.09523809523809523,9,5,0.5555555555555556,0.2222222222222222,11,11,1.0,4,4,0,0,5,4,15,1,44,Draw,44.015006
2022-2023,2023-04-17 00:00:00,Liverpool,30,away,Leeds,6,1,5,13,7,0.5384615384615384,0.46153846153846156,13,3,0.23076923076923078,0.07692307692307693,12,6,2.0,1,0,0,0,2,4,20,3,47,Win,47.020007
2022-2023,2023-04-22 00:00:00,Liverpool,31,home,Nott'm Forest,3,2,1,18,6,0.3333333333333333,0.16666666666666666,11,5,0.45454545454545453,0.18181818181818182,9,12,0.75,0,1,0,0,9,3,21,3,50,Win,50.021006
2022-2023,2023-04-26 00:00:00,Liverpool,32,away,West Ham,2,1,1,20,4,0.2,0.1,7,2,0.2857142857142857,0.14285714285714285,8,6,1.3333333333333333,0,0,0,0,6,3,22,3,53,Win,53.022003999999995
2022-2023,2023-04-30 00:00:00,Liverpool,33,home,Tottenham,4,3,1,12,4,0.3333333333333333,0.3333333333333333,10,7,0.7,0.3,12,6,2.0,3,2,0,0,5,2,23,3,56,Win,56.023004
2022-2023,2023-05-03 00:00:00,Liverpool,34,home,Fulham,1,0,1,15,3,0.2,0.06666666666666667,9,3,0.3333333333333333,0.0,10,8,1.25,0,0,0,0,7,5,24,3,59,Win,59.024003
2022-2023,2023-05-06 00:00:00,Liverpool,35,home,Brentford,1,0,1,15,5,0.3333333333333333,0.06666666666666667,5,1,0.2,0.0,19,10,1.9,4,2,0,0,7,3,25,3,62,Win,62.025005
2022-2023,2023-05-15 00:00:00,Liverpool,36,away,Leicester,3,0,3,16,5,0.3125,0.1875,4,4,1.0,0.0,17,11,1.5454545454545454,1,2,0,0,4,4,28,3,65,Win,65.02800500000001
2022-2023,2023-05-20 00:00:00,Liverpool,37,home,Aston Villa,1,1,0,10,5,0.5,0.1,6,3,0.5,0.16666666666666666,16,13,1.2307692307692308,3,5,0,0,9,4,28,1,66,Draw,66.02800500000001
2022-2023,2023-05-28 00:00:00,Liverpool,38,away,Southampton,4,4,0,30,8,0.26666666666666666,0.13333333333333333,15,10,0.6666666666666666,0.26666666666666666,10,4,2.5,2,0,0,0,9,2,28,1,67,Draw,67.028008
2022-2023,2022-08-07 00:00:00,Man City,1,away,West Ham,2,0,2,14,2,0.14285714285714285,0.14285714285714285,6,1,0.16666666666666666,0.0,4,8,0.5,1,0,0,0,4,1,2,3,3,Win,3.0020019999999996
2022-2023,2022-08-13 00:00:00,Man City,2,home,Bournemouth,4,0,4,19,7,0.3684210526315789,0.21052631578947367,3,1,0.3333333333333333,0.0,9,9,1.0,0,3,0,0,11,1,6,3,6,Win,6.006007
2022-2023,2022-08-21 00:00:00,Man City,3,away,Newcastle,3,3,0,21,10,0.47619047619047616,0.14285714285714285,12,6,0.5,0.25,7,14,0.5,2,4,0,0,5,5,6,1,7,Draw,7.00601
2022-2023,2022-08-27 00:00:00,Man City,4,home,Crystal Palace,4,2,2,18,5,0.2777777777777778,0.2222222222222222,2,2,1.0,1.0,14,8,1.75,1,2,0,0,6,1,8,3,10,Win,10.008004999999999
2022-2023,2022-08-31 00:00:00,Man City,5,home,Nott'm Forest,6,0,6,17,9,0.5294117647058824,0.35294117647058826,8,1,0.125,0.0,9,7,1.2857142857142858,0,1,0,0,10,1,14,3,13,Win,13.014009
2022-2023,2022-09-03 00:00:00,Man City,6,away,Aston Villa,1,1,0,13,4,0.3076923076923077,0.07692307692307693,3,1,0.3333333333333333,0.3333333333333333,6,7,0.8571428571428571,0,2,0,0,4,1,14,1,14,Draw,14.014004
2022-2023,2022-09-17 00:00:00,Man City,7,away,Wolves,3,0,3,16,7,0.4375,0.1875,6,1,0.16666666666666666,0.0,9,7,1.2857142857142858,1,2,0,1,7,5,17,3,17,Win,17.017007
2022-2023,2022-10-02 00:00:00,Man City,8,home,Man United,6,3,3,22,10,0.45454545454545453,0.2727272727272727,12,8,0.6666666666666666,0.25,3,9,0.3333333333333333,0,3,0,0,5,1,20,3,20,Win,20.02001
2022-2023,2022-10-08 00:00:00,Man City,9,home,Southampton,4,0,4,21,8,0.38095238095238093,0.19047619047619047,5,0,0.0,0.0,4,8,0.5,0,1,0,0,9,1,24,3,23,Win,23.024008000000002
2022-2023,2022-10-16 00:00:00,Man City,10,away,Liverpool,0,1,-1,16,6,0.375,0.0,13,2,0.15384615384615385,0.07692307692307693,7,10,0.7,1,3,0,0,6,5,23,0,23,Loss,23.023006
2022-2023,2022-10-22 00:00:00,Man City,11,home,Brighton,3,1,2,10,4,0.4,0.3,8,2,0.25,0.125,11,12,0.9166666666666666,1,3,0,0,7,3,25,3,26,Win,26.025004
2022-2023,2022-10-29 00:00:00,Man City,12,away,Leicester,1,0,1,15,5,0.3333333333333333,0.06666666666666667,10,5,0.5,0.0,10,5,2.0,0,0,0,0,10,3,26,3,29,Win,29.026005
2022-2023,2022-11-05 00:00:00,Man City,13,home,Fulham,2,1,1,16,5,0.3125,0.125,4,2,0.5,0.25,6,11,0.5454545454545454,2,4,1,0,9,0,27,3,32,Win,32.027005
2022-2023,2022-11-12 00:00:00,Man City,14,home,Brentford,1,2,-1,29,6,0.20689655172413793,0.034482758620689655,10,8,0.8,0.2,9,7,1.2857142857142858,2,2,0,0,10,2,26,0,32,Loss,32.026006
2022-2023,2022-12-28 00:00:00,Man City,15,away,Leeds,3,1,2,26,9,0.34615384615384615,0.11538461538461539,9,1,0.1111111111111111,0.1111111111111111,14,11,1.2727272727272727,3,3,0,0,5,3,28,3,35,Win,35.028009
2022-2023,2022-12-31 00:00:00,Man City,16,home,Everton,1,1,0,16,3,0.1875,0.0625,2,1,0.5,0.5,13,14,0.9285714285714286,3,4,0,0,7,1,28,1,36,Draw,36.028003
2022-2023,2023-01-05 00:00:00,Man City,17,away,Chelsea,1,0,1,12,3,0.25,0.08333333333333333,8,2,0.25,0.0,9,9,1.0,0,2,0,0,2,3,29,3,39,Win,39.029003
2022-2023,2023-01-14 00:00:00,Man City,18,away,Man United,1,2,-1,5,1,0.2,0.2,8,4,0.5,0.25,5,15,0.3333333333333333,0,3,0,0,2,1,28,0,39,Loss,39.028000999999996
2022-2023,2023-01-19 00:00:00,Man City,19,home,Tottenham,4,2,2,16,6,0.375,0.25,9,3,0.3333333333333333,0.2222222222222222,10,14,0.7142857142857143,1,2,0,0,8,3,30,3,42,Win,42.030006
2022-2023,2023-01-22 00:00:00,Man City,20,home,Wolves,3,0,3,13,7,0.5384615384615384,0.23076923076923078,10,1,0.1,0.0,10,10,1.0,1,2,0,0,5,7,33,3,45,Win,45.033007
2022-2023,2023-02-05 00:00:00,Man City,21,away,Tottenham,0,1,-1,15,5,0.3333333333333333,0.0,12,3,0.25,0.08333333333333333,14,19,0.7368421052631579,3,2,0,1,6,4,32,0,45,Loss,45.032005
2022-2023,2023-02-12 00:00:00,Man City,22,home,Aston Villa,3,1,2,17,9,0.5294117647058824,0.17647058823529413,6,2,0.3333333333333333,0.16666666666666666,13,14,0.9285714285714286,1,2,0,0,8,4,34,3,48,Win,48.034009
2022-2023,2023-02-15 00:00:00,Man City,23,away,Arsenal,3,1,2,9,6,0.6666666666666666,0.3333333333333333,10,1,0.1,0.1,15,11,1.3636363636363635,3,2,0,0,3,1,36,3,51,Win,51.036006
2022-2023,2023-02-18 00:00:00,Man City,24,away,Nott'm Forest,1,1,0,26,6,0.23076923076923078,0.038461538461538464,4,1,0.25,0.25,6,8,0.75,0,1,0,0,10,0,36,1,52,Draw,52.036006
2022-2023,2023-02-25 00:00:00,Man City,25,away,Bournemouth,4,1,3,20,5,0.25,0.2,13,2,0.15384615384615385,0.07692307692307693,9,10,0.9,2,2,0,0,6,4,39,3,55,Win,55.039005
2022-2023,2023-03-04 00:00:00,Man City,26,home,Newcastle,2,0,2,11,3,0.2727272727272727,0.18181818181818182,5,2,0.4,0.0,8,13,0.6153846153846154,2,4,0,0,8,4,41,3,58,Win,58.041002999999996
2022-2023,2023-03-11 00:00:00,Man City,27,away,Crystal Palace,1,0,1,14,4,0.2857142857142857,0.07142857142857142,4,0,0.0,0.0,17,11,1.5454545454545454,2,2,0,0,6,2,42,3,61,Win,61.042004
2022-2023,2023-04-01 00:00:00,Man City,28,home,Liverpool,4,1,3,17,8,0.47058823529411764,0.23529411764705882,4,1,0.25,0.25,9,12,0.75,1,1,0,0,7,1,45,3,64,Win,64.045008
2022-2023,2023-04-08 00:00:00,Man City,29,away,Southampton,4,1,3,13,8,0.6153846153846154,0.3076923076923077,4,1,0.25,0.25,10,6,1.6666666666666667,2,0,0,0,10,0,48,3,67,Win,67.048008
2022-2023,2023-04-15 00:00:00,Man City,30,home,Leicester,3,1,2,12,4,0.3333333333333333,0.25,10,4,0.4,0.1,8,8,1.0,1,1,0,0,6,2,50,3,70,Win,70.050004
2022-2023,2023-04-26 00:00:00,Man City,31,home,Arsenal,4,1,3,14,9,0.6428571428571429,0.2857142857142857,8,2,0.25,0.125,13,13,1.0,3,1,0,0,1,3,53,3,73,Win,73.053009
2022-2023,2023-04-30 00:00:00,Man City,32,away,Fulham,2,1,1,12,9,0.75,0.16666666666666666,4,1,0.25,0.25,10,9,1.1111111111111112,3,1,0,0,5,2,54,3,76,Win,76.05400900000001
2022-2023,2023-05-03 00:00:00,Man City,33,home,West Ham,3,0,3,16,7,0.4375,0.1875,6,2,0.3333333333333333,0.0,8,8,1.0,0,1,0,0,6,3,57,3,79,Win,79.057007
2022-2023,2023-05-06 00:00:00,Man City,34,home,Leeds,2,1,1,18,6,0.3333333333333333,0.1111111111111111,4,2,0.5,0.25,3,16,0.1875,0,3,0,0,10,1,58,3,82,Win,82.058006
2022-2023,2023-05-14 00:00:00,Man City,35,away,Everton,3,0,3,9,4,0.4444444444444444,0.3333333333333333,7,3,0.42857142857142855,0.0,4,12,0.3333333333333333,0,1,0,0,6,8,61,3,85,Win,85.06100400000001
2022-2023,2023-05-21 00:00:00,Man City,36,home,Chelsea,1,0,1,15,2,0.13333333333333333,0.06666666666666667,13,6,0.46153846153846156,0.0,12,9,1.3333333333333333,0,2,0,0,5,2,62,3,88,Win,88.06200199999999
2022-2023,2023-05-24 00:00:00,Man City,37,away,Brighton,1,1,0,13,4,0.3076923076923077,0.07692307692307693,20,7,0.35,0.05,11,16,0.6875,1,2,0,0,1,5,62,1,89,Draw,89.062004
2022-2023,2023-05-28 00:00:00,Man City,38,away,Brentford,0,1,-1,17,3,0.17647058823529413,0.0,11,4,0.36363636363636365,0.09090909090909091,8,12,0.6666666666666666,0,4,0,0,4,3,61,0,89,Loss,89.06100300000001
2022-2023,2022-08-07 00:00:00,Man United,1,home,Brighton,1,2,-1,17,5,0.29411764705882354,0.058823529411764705,15,4,0.26666666666666666,0.13333333333333333,7,12,0.5833333333333334,4,1,0,0,6,2,-1,0,0,Loss,-0.000995
2022-2023,2022-08-13 00:00:00,Man United,2,away,Brentford,0,4,-4,15,4,0.26666666666666666,0.0,13,7,0.5384615384615384,0.3076923076923077,15,6,2.5,4,0,0,0,2,8,-5,0,0,Loss,-0.0049960000000000004
2022-2023,2022-08-22 00:00:00,Man United,3,home,Liverpool,2,1,1,12,4,0.3333333333333333,0.16666666666666666,17,5,0.29411764705882354,0.058823529411764705,11,7,1.5714285714285714,3,1,0,0,6,8,-4,3,3,Win,2.996004
2022-2023,2022-08-27 00:00:00,Man United,4,away,Southampton,1,0,1,11,6,0.5454545454545454,0.09090909090909091,17,5,0.29411764705882354,0.0,14,4,3.5,3,0,0,0,3,5,-3,3,6,Win,5.997006
2022-2023,2022-09-01 00:00:00,Man United,5,away,Leicester,1,0,1,9,2,0.2222222222222222,0.1111111111111111,10,2,0.2,0.0,15,7,2.142857142857143,3,1,0,0,3,1,-2,3,9,Win,8.998002
2022-2023,2022-09-04 00:00:00,Man United,6,home,Arsenal,3,1,2,10,6,0.6,0.3,16,3,0.1875,0.0625,13,9,1.4444444444444444,3,3,0,0,2,5,0,3,12,Win,12.000006
2022-2023,2022-10-02 00:00:00,Man United,7,away,Man City,3,6,-3,12,8,0.6666666666666666,0.25,22,10,0.45454545454545453,0.2727272727272727,9,3,3.0,3,0,0,0,1,5,-3,0,12,Loss,11.997008
2022-2023,2022-10-09 00:00:00,Man United,8,away,Everton,2,1,1,12,4,0.3333333333333333,0.16666666666666666,11,2,0.18181818181818182,0.09090909090909091,13,7,1.8571428571428572,1,2,0,0,4,5,-2,3,15,Win,14.998004
2022-2023,2022-10-16 00:00:00,Man United,9,home,Newcastle,0,0,0,15,2,0.13333333333333333,0.0,9,2,0.2222222222222222,0.0,13,11,1.1818181818181819,3,1,0,0,4,4,-2,1,16,Draw,15.998002
2022-2023,2022-10-19 00:00:00,Man United,10,home,Tottenham,2,0,2,28,10,0.35714285714285715,0.07142857142857142,9,2,0.2222222222222222,0.0,7,7,1.0,1,0,0,0,8,3,0,3,19,Win,19.00001
2022-2023,2022-10-22 00:00:00,Man United,11,away,Chelsea,1,1,0,13,6,0.46153846153846156,0.07692307692307693,6,2,0.3333333333333333,0.16666666666666666,10,8,1.25,4,1,0,0,4,6,0,1,20,Draw,20.000006
2022-2023,2022-10-30 00:00:00,Man United,12,home,West Ham,1,0,1,16,3,0.1875,0.0625,13,5,0.38461538461538464,0.0,12,10,1.2,1,3,0,0,5,10,1,3,23,Win,23.001003
2022-2023,2022-11-06 00:00:00,Man United,13,away,Aston Villa,1,3,-2,8,3,0.375,0.125,6,4,0.6666666666666666,0.5,12,6,2.0,3,3,0,0,5,3,-1,0,23,Loss,22.999003
2022-2023,2022-11-13 00:00:00,Man United,14,away,Fulham,2,1,1,14,9,0.6428571428571429,0.14285714285714285,14,7,0.5,0.07142857142857142,10,9,1.1111111111111112,1,1,0,0,3,10,0,3,26,Win,26.000009
2022-2023,2022-12-27 00:00:00,Man United,15,home,Nott'm Forest,3,0,3,17,8,0.47058823529411764,0.17647058823529413,8,3,0.375,0.0,13,4,3.25,3,1,0,0,9,9,3,3,29,Win,29.003008
2022-2023,2022-12-31 00:00:00,Man United,16,away,Wolves,1,0,1,16,6,0.375,0.0625,10,3,0.3,0.0,11,11,1.0,3,1,0,0,5,7,4,3,32,Win,32.004006
2022-2023,2023-01-03 00:00:00,Man United,17,home,Bournemouth,3,0,3,18,6,0.3333333333333333,0.16666666666666666,7,4,0.5714285714285714,0.0,13,7,1.8571428571428572,0,3,0,0,6,5,7,3,35,Win,35.007006
2022-2023,2023-01-14 00:00:00,Man United,18,home,Man City,2,1,1,8,4,0.5,0.25,5,1,0.2,0.2,15,5,3.0,3,0,0,0,1,2,8,3,38,Win,38.008004
2022-2023,2023-01-18 00:00:00,Man United,19,away,Crystal Palace,1,1,0,15,4,0.26666666666666666,0.06666666666666667,10,5,0.5,0.1,10,9,1.1111111111111112,2,1,0,0,3,3,8,1,39,Draw,39.008004
2022-2023,2023-01-22 00:00:00,Man United,20,away,Arsenal,2,3,-1,6,4,0.6666666666666666,0.3333333333333333,25,5,0.2,0.12,9,8,1.125,2,1,0,0,4,12,7,0,39,Loss,39.007003999999995
2022-2023,2023-02-04 00:00:00,Man United,21,home,Crystal Palace,2,1,1,14,5,0.35714285714285715,0.14285714285714285,10,3,0.3,0.1,9,9,1.0,1,2,1,0,5,5,8,3,42,Win,42.008005000000004
2022-2023,2023-02-08 00:00:00,Man United,22,home,Leeds,2,2,0,24,7,0.2916666666666667,0.08333333333333333,8,2,0.25,0.25,7,11,0.6363636363636364,1,3,0,0,6,5,8,1,43,Draw,43.008007
2022-2023,2023-02-12 00:00:00,Man United,23,away,Leeds,2,0,2,11,5,0.45454545454545453,0.18181818181818182,16,6,0.375,0.0,13,10,1.3,1,2,0,0,3,7,10,3,46,Win,46.010005
2022-2023,2023-02-19 00:00:00,Man United,24,home,Leicester,3,0,3,26,8,0.3076923076923077,0.11538461538461539,19,3,0.15789473684210525,0.0,9,9,1.0,0,2,0,0,6,6,13,3,49,Win,49.013008
2022-2023,2023-03-05 00:00:00,Man United,25,away,Liverpool,0,7,-7,8,4,0.5,0.0,18,8,0.4444444444444444,0.3888888888888889,14,13,1.0769230769230769,3,2,0,0,3,4,6,0,49,Loss,49.006004
2022-2023,2023-03-12 00:00:00,Man United,26,home,Southampton,0,0,0,10,4,0.4,0.0,17,4,0.23529411764705882,0.0,12,9,1.3333333333333333,2,0,0,0,7,8,6,1,50,Draw,50.006004
2022-2023,2023-04-02 00:00:00,Man United,27,away,Newcastle,0,2,-2,6,1,0.16666666666666666,0.0,22,6,0.2727272727272727,0.09090909090909091,12,8,1.5,0,0,0,0,4,7,4,0,50,Loss,50.004000999999995
2022-2023,2023-04-05 00:00:00,Man United,28,home,Brentford,1,0,1,18,3,0.16666666666666666,0.05555555555555555,6,1,0.16666666666666666,0.0,8,13,0.6153846153846154,3,2,0,0,12,3,5,3,53,Win,53.005003
2022-2023,2023-04-08 00:00:00,Man United,29,home,Everton,2,0,2,29,11,0.3793103448275862,0.06896551724137931,15,1,0.06666666666666667,0.0,10,9,1.1111111111111112,0,0,0,0,10,4,7,3,56,Win,56.007011
2022-2023,2023-04-16 00:00:00,Man United,30,away,Nott'm Forest,2,0,2,22,8,0.36363636363636365,0.09090909090909091,6,0,0.0,0.0,9,9,1.0,2,2,0,0,9,4,9,3,59,Win,59.009008
2022-2023,2023-04-27 00:00:00,Man United,31,away,Tottenham,2,2,0,17,8,0.47058823529411764,0.11764705882352941,18,7,0.3888888888888889,0.1111111111111111,7,8,0.875,2,1,0,0,8,6,9,1,60,Draw,60.009008
2022-2023,2023-04-30 00:00:00,Man United,32,home,Aston Villa,1,0,1,14,6,0.42857142857142855,0.07142857142857142,7,1,0.14285714285714285,0.0,16,7,2.2857142857142856,2,0,0,0,1,4,10,3,63,Win,63.010006
2022-2023,2023-05-04 00:00:00,Man United,33,away,Brighton,0,1,-1,16,5,0.3125,0.0,22,6,0.2727272727272727,0.045454545454545456,14,10,1.4,4,4,0,0,6,8,9,0,63,Loss,63.009005
2022-2023,2023-05-07 00:00:00,Man United,34,away,West Ham,0,1,-1,19,4,0.21052631578947367,0.0,15,4,0.26666666666666666,0.06666666666666667,9,4,2.25,2,0,0,0,6,5,8,0,63,Loss,63.008004
2022-2023,2023-05-13 00:00:00,Man United,35,home,Wolves,2,0,2,27,9,0.3333333333333333,0.07407407407407407,5,0,0.0,0.0,9,9,1.0,3,2,0,0,11,7,10,3,66,Win,66.01000900000001
2022-2023,2023-05-20 00:00:00,Man United,36,away,Bournemouth,1,0,1,20,5,0.25,0.05,10,4,0.4,0.0,7,6,1.1666666666666667,0,1,0,0,6,3,11,3,69,Win,69.011005
2022-2023,2023-05-25 00:00:00,Man United,37,home,Chelsea,4,1,3,18,9,0.5,0.2222222222222222,14,5,0.35714285714285715,0.07142857142857142,12,6,2.0,1,1,0,0,3,4,14,3,72,Win,72.014009
2022-2023,2023-05-28 00:00:00,Man United,38,home,Fulham,2,1,1,21,8,0.38095238095238093,0.09523809523809523,10,3,0.3,0.1,14,10,1.4,1,2,0,0,5,4,15,3,75,Win,75.015008
2022-2023,2022-08-06 00:00:00,Newcastle,1,home,Nott'm Forest,2,0,2,23,10,0.43478260869565216,0.08695652173913043,5,0,0.0,0.0,9,14,0.6428571428571429,0,3,0,0,11,1,2,3,3,Win,3.00201
2022-2023,2022-08-13 00:00:00,Newcastle,2,away,Brighton,0,0,0,4,1,0.25,0.0,13,7,0.5384615384615384,0.0,6,8,0.75,3,2,0,0,3,7,2,1,4,Draw,4.002001
2022-2023,2022-08-21 00:00:00,Newcastle,3,home,Man City,3,3,0,12,6,0.5,0.25,21,10,0.47619047619047616,0.14285714285714285,14,7,2.0,4,2,0,0,5,5,2,1,5,Draw,5.002006
2022-2023,2022-08-28 00:00:00,Newcastle,4,away,Wolves,1,1,0,21,6,0.2857142857142857,0.047619047619047616,10,4,0.4,0.1,11,10,1.1,1,2,0,0,13,4,2,1,6,Draw,6.002006
2022-2023,2022-08-31 00:00:00,Newcastle,5,away,Liverpool,1,2,-1,5,2,0.4,0.2,23,6,0.2608695652173913,0.08695652173913043,10,9,1.1111111111111112,2,0,0,0,0,13,1,0,6,Loss,6.001002000000001
2022-2023,2022-09-03 00:00:00,Newcastle,6,home,Crystal Palace,0,0,0,23,6,0.2608695652173913,0.0,19,9,0.47368421052631576,0.0,19,12,1.5833333333333333,2,1,0,0,13,5,1,1,7,Draw,7.001006
2022-2023,2022-09-17 00:00:00,Newcastle,7,home,Bournemouth,1,1,0,20,7,0.35,0.05,10,3,0.3,0.1,10,11,0.9090909090909091,2,2,0,0,8,1,1,1,8,Draw,8.001007
2022-2023,2022-10-01 00:00:00,Newcastle,8,away,Fulham,4,1,3,19,10,0.5263157894736842,0.21052631578947367,3,1,0.3333333333333333,0.3333333333333333,10,9,1.1111111111111112,0,2,0,1,8,1,4,3,11,Win,11.00401
2022-2023,2022-10-08 00:00:00,Newcastle,9,home,Brentford,5,1,4,16,6,0.375,0.3125,6,3,0.5,0.16666666666666666,14,9,1.5555555555555556,0,1,0,0,9,5,8,3,14,Win,14.008006
2022-2023,2022-10-16 00:00:00,Newcastle,10,away,Man United,0,0,0,9,2,0.2222222222222222,0.0,15,2,0.13333333333333333,0.0,11,13,0.8461538461538461,1,3,0,0,4,4,8,1,15,Draw,15.008002
2022-2023,2022-10-19 00:00:00,Newcastle,11,home,Everton,1,0,1,16,4,0.25,0.0625,1,0,0.0,0.0,9,12,0.75,2,4,0,0,8,2,9,3,18,Win,18.009004
2022-2023,2022-10-23 00:00:00,Newcastle,12,away,Tottenham,2,1,1,13,5,0.38461538461538464,0.15384615384615385,17,5,0.29411764705882354,0.058823529411764705,6,12,0.5,2,4,0,0,7,6,10,3,21,Win,21.010005000000003
2022-2023,2022-10-29 00:00:00,Newcastle,13,home,Aston Villa,4,0,4,20,7,0.35,0.2,3,0,0.0,0.0,11,11,1.0,1,1,0,0,3,0,14,3,24,Win,24.014007
2022-2023,2022-11-06 00:00:00,Newcastle,14,away,Southampton,4,1,3,7,4,0.5714285714285714,0.5714285714285714,16,5,0.3125,0.0625,10,7,1.4285714285714286,0,1,0,0,2,8,17,3,27,Win,27.017004
2022-2023,2022-11-12 00:00:00,Newcastle,15,home,Chelsea,1,0,1,10,3,0.3,0.1,5,2,0.4,0.0,14,11,1.2727272727272727,3,2,0,0,5,3,18,3,30,Win,30.018003
2022-2023,2022-12-26 00:00:00,Newcastle,16,away,Leicester,3,0,3,12,5,0.4166666666666667,0.25,8,2,0.25,0.0,6,9,0.6666666666666666,0,0,0,0,5,5,21,3,33,Win,33.021005
2022-2023,2022-12-31 00:00:00,Newcastle,17,home,Leeds,0,0,0,16,5,0.3125,0.0,8,1,0.125,0.0,13,19,0.6842105263157895,3,5,0,0,9,3,21,1,34,Draw,34.021005
2022-2023,2023-01-03 00:00:00,Newcastle,18,away,Arsenal,0,0,0,8,1,0.125,0.0,17,4,0.23529411764705882,0.0,16,10,1.6,4,4,0,0,5,5,21,1,35,Draw,35.021001
2022-2023,2023-01-15 00:00:00,Newcastle,19,home,Fulham,1,0,1,20,5,0.25,0.05,5,0,0.0,0.0,6,14,0.42857142857142855,1,3,0,0,10,5,22,3,38,Win,38.022005
2022-2023,2023-01-21 00:00:00,Newcastle,20,away,Crystal Palace,0,0,0,16,7,0.4375,0.0,6,1,0.16666666666666666,0.0,7,13,0.5384615384615384,2,4,0,0,15,3,22,1,39,Draw,39.022006999999995
2022-2023,2023-02-04 00:00:00,Newcastle,21,home,West Ham,1,1,0,8,2,0.25,0.125,10,1,0.1,0.1,11,13,0.8461538461538461,2,1,0,0,4,2,22,1,40,Draw,40.022002
2022-2023,2023-02-11 00:00:00,Newcastle,22,away,Bournemouth,1,1,0,15,7,0.4666666666666667,0.06666666666666667,11,5,0.45454545454545453,0.09090909090909091,10,8,1.25,3,2,0,0,6,4,22,1,41,Draw,41.022006999999995
2022-2023,2023-02-18 00:00:00,Newcastle,23,home,Liverpool,0,2,-2,14,4,0.2857142857142857,0.0,13,7,0.5384615384615384,0.15384615384615385,3,8,0.375,1,1,1,0,6,7,20,0,41,Loss,41.020004
2022-2023,2023-03-04 00:00:00,Newcastle,24,away,Man City,0,2,-2,5,2,0.4,0.0,11,3,0.2727272727272727,0.18181818181818182,13,8,1.625,4,2,0,0,4,8,18,0,41,Loss,41.018002
2022-2023,2023-03-12 00:00:00,Newcastle,25,home,Wolves,2,1,1,19,8,0.42105263157894735,0.10526315789473684,7,4,0.5714285714285714,0.14285714285714285,11,10,1.1,1,2,0,0,10,3,19,3,44,Win,44.019008
2022-2023,2023-03-17 00:00:00,Newcastle,26,away,Nott'm Forest,2,1,1,15,4,0.26666666666666666,0.13333333333333333,5,3,0.6,0.2,9,17,0.5294117647058824,1,5,0,0,7,3,20,3,47,Win,47.020004
2022-2023,2023-04-02 00:00:00,Newcastle,27,home,Man United,2,0,2,22,6,0.2727272727272727,0.09090909090909091,6,1,0.16666666666666666,0.0,8,12,0.6666666666666666,0,0,0,0,7,4,22,3,50,Win,50.022006
2022-2023,2023-04-05 00:00:00,Newcastle,28,away,West Ham,5,1,4,15,8,0.5333333333333333,0.3333333333333333,7,2,0.2857142857142857,0.14285714285714285,12,11,1.0909090909090908,1,2,0,0,6,7,26,3,53,Win,53.026008000000004
2022-2023,2023-04-08 00:00:00,Newcastle,29,away,Brentford,2,1,1,10,4,0.4,0.2,12,6,0.5,0.08333333333333333,15,10,1.5,0,0,0,0,5,6,27,3,56,Win,56.027004
2022-2023,2023-04-15 00:00:00,Newcastle,30,away,Aston Villa,0,3,-3,8,2,0.25,0.0,16,6,0.375,0.1875,15,13,1.1538461538461537,1,1,0,0,2,7,24,0,56,Loss,56.024002
2022-2023,2023-04-23 00:00:00,Newcastle,31,home,Tottenham,6,1,5,25,8,0.32,0.24,11,3,0.2727272727272727,0.09090909090909091,7,13,0.5384615384615384,0,3,0,0,9,3,29,3,59,Win,59.029008000000005
2022-2023,2023-04-27 00:00:00,Newcastle,32,away,Everton,4,1,3,15,8,0.5333333333333333,0.26666666666666666,13,5,0.38461538461538464,0.07692307692307693,6,8,0.75,1,2,0,0,14,3,32,3,62,Win,62.032008
2022-2023,2023-04-30 00:00:00,Newcastle,33,home,Southampton,3,1,2,22,5,0.22727272727272727,0.13636363636363635,4,3,0.75,0.25,7,10,0.7,1,4,0,0,11,2,34,3,65,Win,65.03400500000001
2022-2023,2023-05-07 00:00:00,Newcastle,34,home,Arsenal,0,2,-2,12,5,0.4166666666666667,0.0,10,6,0.6,0.2,16,12,1.3333333333333333,2,1,0,0,9,4,32,0,65,Loss,65.032005
2022-2023,2023-05-13 00:00:00,Newcastle,35,away,Leeds,2,2,0,18,5,0.2777777777777778,0.1111111111111111,9,4,0.4444444444444444,0.2222222222222222,14,16,0.875,2,3,0,1,6,2,32,1,66,Draw,66.032005
2022-2023,2023-05-18 00:00:00,Newcastle,36,home,Brighton,4,1,3,22,9,0.4090909090909091,0.18181818181818182,8,2,0.25,0.125,17,16,1.0625,2,4,0,0,6,1,35,3,69,Win,69.035009
2022-2023,2023-05-22 00:00:00,Newcastle,37,home,Leicester,0,0,0,23,4,0.17391304347826086,0.0,1,1,1.0,0.0,9,5,1.8,2,0,0,0,12,1,35,1,70,Draw,70.035004
2022-2023,2023-05-28 00:00:00,Newcastle,38,away,Chelsea,1,1,0,13,4,0.3076923076923077,0.07692307692307693,22,5,0.22727272727272727,0.045454545454545456,11,9,1.2222222222222223,0,0,0,0,3,10,35,1,71,Draw,71.035004
2022-2023,2022-08-06 00:00:00,Nott'm Forest,1,away,Newcastle,0,2,-2,5,0,0.0,0.0,23,10,0.43478260869565216,0.08695652173913043,14,9,1.5555555555555556,3,0,0,0,1,11,-2,0,0,Loss,-0.002
2022-2023,2022-08-14 00:00:00,Nott'm Forest,2,home,West Ham,1,0,1,13,6,0.46153846153846156,0.07692307692307693,19,5,0.2631578947368421,0.0,10,11,0.9090909090909091,4,1,0,0,6,7,-1,3,3,Win,2.999006
2022-2023,2022-08-20 00:00:00,Nott'm Forest,3,away,Everton,1,1,0,14,5,0.35714285714285715,0.07142857142857142,19,8,0.42105263157894735,0.05263157894736842,9,6,1.5,2,3,0,0,2,6,-1,1,4,Draw,3.999005
2022-2023,2022-08-28 00:00:00,Nott'm Forest,4,home,Tottenham,0,2,-2,17,1,0.058823529411764705,0.0,18,7,0.3888888888888889,0.1111111111111111,11,13,0.8461538461538461,6,1,0,0,6,1,-3,0,4,Loss,3.997001
2022-2023,2022-08-31 00:00:00,Nott'm Forest,5,away,Man City,0,6,-6,8,1,0.125,0.0,17,9,0.5294117647058824,0.35294117647058826,7,9,0.7777777777777778,1,0,0,0,1,10,-9,0,4,Loss,3.9910010000000002
2022-2023,2022-09-03 00:00:00,Nott'm Forest,6,home,Bournemouth,2,3,-1,11,3,0.2727272727272727,0.18181818181818182,8,3,0.375,0.375,13,10,1.3,2,1,0,0,4,6,-10,0,4,Loss,3.990003
2022-2023,2022-09-16 00:00:00,Nott'm Forest,7,home,Fulham,2,3,-1,11,3,0.2727272727272727,0.18181818181818182,15,7,0.4666666666666667,0.2,11,10,1.1,2,4,0,0,2,10,-11,0,4,Loss,3.989003
2022-2023,2022-10-03 00:00:00,Nott'm Forest,8,away,Leicester,0,4,-4,10,3,0.3,0.0,17,7,0.4117647058823529,0.23529411764705882,12,13,0.9230769230769231,4,2,0,0,6,6,-15,0,4,Loss,3.985003
2022-2023,2022-10-10 00:00:00,Nott'm Forest,9,home,Aston Villa,1,1,0,6,3,0.5,0.16666666666666666,12,2,0.16666666666666666,0.08333333333333333,13,19,0.6842105263157895,3,3,0,0,1,4,-15,1,5,Draw,4.985003000000001
2022-2023,2022-10-15 00:00:00,Nott'm Forest,10,away,Wolves,0,1,-1,10,2,0.2,0.0,9,2,0.2222222222222222,0.1111111111111111,13,17,0.7647058823529411,2,2,0,0,5,4,-16,0,5,Loss,4.984002
2022-2023,2022-10-18 00:00:00,Nott'm Forest,11,away,Brighton,0,0,0,3,0,0.0,0.0,19,7,0.3684210526315789,0.0,14,10,1.4,1,3,0,0,1,9,-16,1,6,Draw,5.984
2022-2023,2022-10-22 00:00:00,Nott'm Forest,12,home,Liverpool,1,0,1,10,7,0.7,0.1,15,7,0.4666666666666667,0.0,14,8,1.75,2,1,0,0,2,11,-15,3,9,Win,8.985007
2022-2023,2022-10-30 00:00:00,Nott'm Forest,13,away,Arsenal,0,5,-5,5,2,0.4,0.0,24,10,0.4166666666666667,0.20833333333333334,8,9,0.8888888888888888,1,0,0,0,4,9,-20,0,9,Loss,8.980002
2022-2023,2022-11-05 00:00:00,Nott'm Forest,14,home,Brentford,2,2,0,15,7,0.4666666666666667,0.13333333333333333,6,2,0.3333333333333333,0.3333333333333333,10,11,0.9090909090909091,2,2,0,0,3,3,-20,1,10,Draw,9.980007
2022-2023,2022-11-12 00:00:00,Nott'm Forest,15,home,Crystal Palace,1,0,1,9,2,0.2222222222222222,0.1111111111111111,8,0,0.0,0.0,11,13,0.8461538461538461,1,4,0,0,1,5,-19,3,13,Win,12.981002
2022-2023,2022-12-27 00:00:00,Nott'm Forest,16,away,Man United,0,3,-3,8,3,0.375,0.0,17,8,0.47058823529411764,0.17647058823529413,4,13,0.3076923076923077,1,3,0,0,9,9,-22,0,13,Loss,12.978003
2022-2023,2023-01-01 00:00:00,Nott'm Forest,17,home,Chelsea,1,1,0,12,5,0.4166666666666667,0.08333333333333333,7,2,0.2857142857142857,0.14285714285714285,16,14,1.1428571428571428,2,2,0,0,1,2,-22,1,14,Draw,13.978005
2022-2023,2023-01-04 00:00:00,Nott'm Forest,18,away,Southampton,1,0,1,11,1,0.09090909090909091,0.09090909090909091,8,0,0.0,0.0,17,14,1.2142857142857142,2,2,0,0,2,6,-21,3,17,Win,16.979001
2022-2023,2023-01-14 00:00:00,Nott'm Forest,19,home,Leicester,2,0,2,15,5,0.3333333333333333,0.13333333333333333,6,1,0.16666666666666666,0.0,11,12,0.9166666666666666,1,2,0,0,3,5,-19,3,20,Win,19.981005000000003
2022-2023,2023-01-21 00:00:00,Nott'm Forest,20,away,Bournemouth,1,1,0,20,5,0.25,0.05,16,4,0.25,0.0625,7,10,0.7,2,1,0,0,6,4,-19,1,21,Draw,20.981005000000003
2022-2023,2023-02-05 00:00:00,Nott'm Forest,21,home,Leeds,1,0,1,6,2,0.3333333333333333,0.16666666666666666,10,4,0.4,0.0,15,14,1.0714285714285714,4,2,0,0,0,2,-18,3,24,Win,23.982001999999998
2022-2023,2023-02-11 00:00:00,Nott'm Forest,22,away,Fulham,0,2,-2,10,1,0.1,0.0,16,3,0.1875,0.125,11,9,1.2222222222222223,1,0,0,0,4,5,-20,0,24,Loss,23.980001
2022-2023,2023-02-18 00:00:00,Nott'm Forest,23,home,Man City,1,1,0,4,1,0.25,0.25,26,6,0.23076923076923078,0.038461538461538464,8,6,1.3333333333333333,1,0,0,0,0,10,-20,1,25,Draw,24.980001
2022-2023,2023-02-25 00:00:00,Nott'm Forest,24,away,West Ham,0,4,-4,8,3,0.375,0.0,18,5,0.2777777777777778,0.2222222222222222,5,8,0.625,0,0,0,0,3,12,-24,0,25,Loss,24.976003
2022-2023,2023-03-05 00:00:00,Nott'm Forest,25,home,Everton,2,2,0,10,4,0.4,0.2,10,3,0.3,0.2,11,17,0.6470588235294118,3,5,0,0,3,3,-24,1,26,Draw,25.976004
2022-2023,2023-03-11 00:00:00,Nott'm Forest,26,away,Tottenham,1,3,-2,9,5,0.5555555555555556,0.1111111111111111,15,7,0.4666666666666667,0.2,13,13,1.0,1,3,0,0,10,2,-26,0,26,Loss,25.974005000000002
2022-2023,2023-03-17 00:00:00,Nott'm Forest,27,home,Newcastle,1,2,-1,5,3,0.6,0.2,15,4,0.26666666666666666,0.13333333333333333,17,9,1.8888888888888888,5,1,0,0,3,7,-27,0,26,Loss,25.973003
2022-2023,2023-04-01 00:00:00,Nott'm Forest,28,home,Wolves,1,1,0,17,7,0.4117647058823529,0.058823529411764705,8,1,0.125,0.125,14,13,1.0769230769230769,3,5,0,0,4,3,-27,1,27,Draw,26.973007
2022-2023,2023-04-04 00:00:00,Nott'm Forest,29,away,Leeds,1,2,-1,13,1,0.07692307692307693,0.07692307692307693,21,6,0.2857142857142857,0.09523809523809523,13,11,1.1818181818181819,4,1,0,0,4,11,-28,0,27,Loss,26.972001000000002
2022-2023,2023-04-08 00:00:00,Nott'm Forest,30,away,Aston Villa,0,2,-2,6,2,0.3333333333333333,0.0,8,3,0.375,0.25,17,7,2.4285714285714284,4,3,0,0,8,1,-30,0,27,Loss,26.970001999999997
2022-2023,2023-04-16 00:00:00,Nott'm Forest,31,home,Man United,0,2,-2,6,0,0.0,0.0,22,8,0.36363636363636365,0.09090909090909091,9,9,1.0,2,2,0,0,4,9,-32,0,27,Loss,26.968
2022-2023,2023-04-22 00:00:00,Nott'm Forest,32,away,Liverpool,2,3,-1,11,5,0.45454545454545453,0.18181818181818182,18,6,0.3333333333333333,0.16666666666666666,12,9,1.3333333333333333,1,0,0,0,3,9,-33,0,27,Loss,26.967005
2022-2023,2023-04-26 00:00:00,Nott'm Forest,33,home,Brighton,3,1,2,12,5,0.4166666666666667,0.25,17,7,0.4117647058823529,0.058823529411764705,7,8,0.875,2,0,0,0,2,7,-31,3,30,Win,29.969005000000003
2022-2023,2023-04-29 00:00:00,Nott'm Forest,34,away,Brentford,1,2,-1,5,3,0.6,0.2,14,8,0.5714285714285714,0.14285714285714285,13,6,2.1666666666666665,2,1,0,0,0,6,-32,0,30,Loss,29.968003
2022-2023,2023-05-08 00:00:00,Nott'm Forest,35,home,Southampton,4,3,1,9,4,0.4444444444444444,0.4444444444444444,19,5,0.2631578947368421,0.15789473684210525,16,10,1.6,1,0,0,0,2,11,-31,3,33,Win,32.969004
2022-2023,2023-05-13 00:00:00,Nott'm Forest,36,away,Chelsea,2,2,0,11,2,0.18181818181818182,0.18181818181818182,14,6,0.42857142857142855,0.14285714285714285,15,13,1.1538461538461537,1,3,0,0,5,2,-31,1,34,Draw,33.969002
2022-2023,2023-05-20 00:00:00,Nott'm Forest,37,home,Arsenal,1,0,1,6,2,0.3333333333333333,0.16666666666666666,11,3,0.2727272727272727,0.0,11,12,0.9166666666666666,3,2,0,0,3,6,-30,3,37,Win,36.970002
2022-2023,2023-05-28 00:00:00,Nott'm Forest,38,away,Crystal Palace,1,1,0,7,4,0.5714285714285714,0.14285714285714285,16,4,0.25,0.0625,13,9,1.4444444444444444,2,0,0,0,4,5,-30,1,38,Draw,37.970003999999996
2022-2023,2022-08-06 00:00:00,Southampton,1,away,Tottenham,1,4,-3,10,2,0.2,0.1,18,8,0.4444444444444444,0.2222222222222222,6,11,0.5454545454545454,0,3,0,0,2,10,-3,0,0,Loss,-0.0029980000000000002
2022-2023,2022-08-13 00:00:00,Southampton,2,home,Leeds,2,2,0,14,4,0.2857142857142857,0.14285714285714285,13,5,0.38461538461538464,0.15384615384615385,10,12,0.8333333333333334,1,3,0,0,2,5,-3,1,1,Draw,0.997004
2022-2023,2022-08-20 00:00:00,Southampton,3,away,Leicester,2,1,1,9,3,0.3333333333333333,0.2222222222222222,6,1,0.16666666666666666,0.16666666666666666,15,11,1.3636363636363635,3,2,0,0,5,2,-2,3,4,Win,3.998003
2022-2023,2022-08-27 00:00:00,Southampton,4,home,Man United,0,1,-1,17,5,0.29411764705882354,0.0,11,6,0.5454545454545454,0.09090909090909091,4,14,0.2857142857142857,0,3,0,0,5,3,-3,0,4,Loss,3.9970049999999997
2022-2023,2022-08-30 00:00:00,Southampton,5,home,Chelsea,2,1,1,9,7,0.7777777777777778,0.2222222222222222,10,4,0.4,0.1,15,10,1.5,2,1,0,0,5,3,-2,3,7,Win,6.998007
2022-2023,2022-09-03 00:00:00,Southampton,6,away,Wolves,0,1,-1,12,1,0.08333333333333333,0.0,7,2,0.2857142857142857,0.14285714285714285,14,10,1.4,2,4,0,0,6,5,-3,0,7,Loss,6.997001
2022-2023,2022-09-16 00:00:00,Southampton,7,away,Aston Villa,0,1,-1,7,1,0.14285714285714285,0.0,11,3,0.2727272727272727,0.09090909090909091,13,13,1.0,1,3,0,0,3,6,-4,0,7,Loss,6.996001000000001
2022-2023,2022-10-01 00:00:00,Southampton,8,home,Everton,1,2,-1,22,6,0.2727272727272727,0.045454545454545456,12,5,0.4166666666666667,0.16666666666666666,11,10,1.1,2,2,0,0,7,6,-5,0,7,Loss,6.995006
2022-2023,2022-10-08 00:00:00,Southampton,9,away,Man City,0,4,-4,5,0,0.0,0.0,21,8,0.38095238095238093,0.19047619047619047,8,4,2.0,1,0,0,0,1,9,-9,0,7,Loss,6.991
2022-2023,2022-10-16 00:00:00,Southampton,10,home,West Ham,1,1,0,10,8,0.8,0.1,25,4,0.16,0.04,7,3,2.3333333333333335,1,1,0,0,4,14,-9,1,8,Draw,7.991008
2022-2023,2022-10-19 00:00:00,Southampton,11,away,Bournemouth,1,0,1,9,3,0.3333333333333333,0.1111111111111111,15,3,0.2,0.0,13,8,1.625,3,1,0,0,3,7,-8,3,11,Win,10.992003
2022-2023,2022-10-23 00:00:00,Southampton,12,home,Arsenal,1,1,0,10,3,0.3,0.1,12,3,0.25,0.08333333333333333,11,8,1.375,2,1,0,0,9,4,-8,1,12,Draw,11.992003
2022-2023,2022-10-29 00:00:00,Southampton,13,away,Crystal Palace,0,1,-1,14,4,0.2857142857142857,0.0,12,3,0.25,0.08333333333333333,12,13,0.9230769230769231,3,3,0,0,4,8,-9,0,12,Loss,11.991004
2022-2023,2022-11-06 00:00:00,Southampton,14,home,Newcastle,1,4,-3,16,5,0.3125,0.0625,7,4,0.5714285714285714,0.5714285714285714,7,10,0.7,1,0,0,0,8,2,-12,0,12,Loss,11.988005
2022-2023,2022-11-12 00:00:00,Southampton,15,away,Liverpool,1,3,-2,9,5,0.5555555555555556,0.1111111111111111,15,7,0.4666666666666667,0.2,8,8,1.0,2,0,0,0,0,6,-14,0,12,Loss,11.986005
2022-2023,2022-12-26 00:00:00,Southampton,16,home,Brighton,1,3,-2,14,4,0.2857142857142857,0.07142857142857142,7,4,0.5714285714285714,0.42857142857142855,9,10,0.9,1,2,0,0,4,2,-16,0,12,Loss,11.984004
2022-2023,2022-12-31 00:00:00,Southampton,17,away,Fulham,1,2,-1,9,3,0.3333333333333333,0.1111111111111111,8,2,0.25,0.25,13,8,1.625,1,0,0,0,4,4,-17,0,12,Loss,11.983003
2022-2023,2023-01-04 00:00:00,Southampton,18,home,Nott'm Forest,0,1,-1,8,0,0.0,0.0,11,1,0.09090909090909091,0.09090909090909091,14,17,0.8235294117647058,2,2,0,0,6,2,-18,0,12,Loss,11.982
2022-2023,2023-01-14 00:00:00,Southampton,19,away,Everton,2,1,1,13,5,0.38461538461538464,0.15384615384615385,12,4,0.3333333333333333,0.08333333333333333,19,7,2.7142857142857144,3,0,0,0,4,6,-17,3,15,Win,14.983005
2022-2023,2023-01-21 00:00:00,Southampton,20,home,Aston Villa,0,1,-1,8,5,0.625,0.0,16,5,0.3125,0.0625,19,9,2.111111111111111,1,2,0,0,2,2,-18,0,15,Loss,14.982005
2022-2023,2023-02-04 00:00:00,Southampton,21,away,Brentford,0,3,-3,14,6,0.42857142857142855,0.0,14,4,0.2857142857142857,0.21428571428571427,9,10,0.9,2,1,0,0,4,4,-21,0,15,Loss,14.979006
2022-2023,2023-02-11 00:00:00,Southampton,22,home,Wolves,1,2,-1,17,2,0.11764705882352941,0.058823529411764705,11,2,0.18181818181818182,0.18181818181818182,12,14,0.8571428571428571,2,2,0,1,5,2,-22,0,15,Loss,14.978002
2022-2023,2023-02-18 00:00:00,Southampton,23,away,Chelsea,1,0,1,8,5,0.625,0.125,17,5,0.29411764705882354,0.0,24,16,1.5,6,3,0,0,2,8,-21,3,18,Win,17.979005
2022-2023,2023-02-25 00:00:00,Southampton,24,away,Leeds,0,1,-1,8,2,0.25,0.0,14,4,0.2857142857142857,0.07142857142857142,13,15,0.8666666666666667,4,2,0,0,2,9,-22,0,18,Loss,17.978002
2022-2023,2023-03-04 00:00:00,Southampton,25,home,Leicester,1,0,1,11,5,0.45454545454545453,0.09090909090909091,11,0,0.0,0.0,12,11,1.0909090909090908,4,2,0,0,3,4,-21,3,21,Win,20.979005
2022-2023,2023-03-12 00:00:00,Southampton,26,away,Man United,0,0,0,17,4,0.23529411764705882,0.0,10,4,0.4,0.0,9,12,0.75,0,2,0,0,8,7,-21,1,22,Draw,21.979004
2022-2023,2023-03-15 00:00:00,Southampton,27,home,Brentford,0,2,-2,7,1,0.14285714285714285,0.0,11,5,0.45454545454545453,0.18181818181818182,14,10,1.4,1,2,0,0,3,3,-23,0,22,Loss,21.977001
2022-2023,2023-03-18 00:00:00,Southampton,28,home,Tottenham,3,3,0,19,7,0.3684210526315789,0.15789473684210525,17,3,0.17647058823529413,0.17647058823529413,13,8,1.625,1,1,0,0,10,3,-23,1,23,Draw,22.977007
2022-2023,2023-04-02 00:00:00,Southampton,29,away,West Ham,0,1,-1,9,3,0.3333333333333333,0.0,12,2,0.16666666666666666,0.08333333333333333,11,10,1.1,2,0,0,0,3,5,-24,0,23,Loss,22.976003
2022-2023,2023-04-08 00:00:00,Southampton,30,home,Man City,1,4,-3,4,1,0.25,0.25,13,8,0.6153846153846154,0.3076923076923077,6,10,0.6,0,2,0,0,0,10,-27,0,23,Loss,22.973001
2022-2023,2023-04-15 00:00:00,Southampton,31,home,Crystal Palace,0,2,-2,11,4,0.36363636363636365,0.0,9,2,0.2222222222222222,0.2222222222222222,6,13,0.46153846153846156,3,1,0,0,6,2,-29,0,23,Loss,22.971004
2022-2023,2023-04-21 00:00:00,Southampton,32,away,Arsenal,3,3,0,8,6,0.75,0.375,25,6,0.24,0.12,14,10,1.4,5,1,0,0,2,7,-29,1,24,Draw,23.971006
2022-2023,2023-04-27 00:00:00,Southampton,33,home,Bournemouth,0,1,-1,11,2,0.18181818181818182,0.0,16,2,0.125,0.0625,9,11,0.8181818181818182,0,3,0,0,6,4,-30,0,24,Loss,23.970001999999997
2022-2023,2023-04-30 00:00:00,Southampton,34,away,Newcastle,1,3,-2,4,3,0.75,0.25,22,5,0.22727272727272727,0.13636363636363635,10,7,1.4285714285714286,4,1,0,0,2,11,-32,0,24,Loss,23.968003
2022-2023,2023-05-08 00:00:00,Southampton,35,away,Nott'm Forest,3,4,-1,19,5,0.2631578947368421,0.15789473684210525,9,4,0.4444444444444444,0.4444444444444444,10,16,0.625,0,1,0,0,11,2,-33,0,24,Loss,23.967005
2022-2023,2023-05-13 00:00:00,Southampton,36,home,Fulham,0,2,-2,5,1,0.2,0.0,9,4,0.4444444444444444,0.2222222222222222,17,12,1.4166666666666667,2,0,0,0,1,8,-35,0,24,Loss,23.965001
2022-2023,2023-05-21 00:00:00,Southampton,37,away,Brighton,1,3,-2,5,1,0.2,0.2,26,8,0.3076923076923077,0.11538461538461539,9,8,1.125,5,2,0,0,3,4,-37,0,24,Loss,23.963001000000002
2022-2023,2023-05-28 00:00:00,Southampton,38,home,Liverpool,4,4,0,15,10,0.6666666666666666,0.26666666666666666,30,8,0.26666666666666666,0.13333333333333333,4,10,0.4,0,2,0,0,2,9,-37,1,25,Draw,24.96301
2022-2023,2022-08-06 00:00:00,Tottenham,1,home,Southampton,4,1,3,18,8,0.4444444444444444,0.2222222222222222,10,2,0.2,0.1,11,6,1.8333333333333333,3,0,0,0,10,2,3,3,3,Win,3.003008
2022-2023,2022-08-14 00:00:00,Tottenham,2,away,Chelsea,2,2,0,10,5,0.5,0.2,16,3,0.1875,0.125,9,9,1.0,0,3,0,0,5,8,3,1,4,Draw,4.003005
2022-2023,2022-08-20 00:00:00,Tottenham,3,home,Wolves,1,0,1,11,4,0.36363636363636365,0.09090909090909091,20,3,0.15,0.0,10,8,1.25,2,2,0,0,8,6,4,3,7,Win,7.004003999999999
2022-2023,2022-08-28 00:00:00,Tottenham,4,away,Nott'm Forest,2,0,2,18,7,0.3888888888888889,0.1111111111111111,17,1,0.058823529411764705,0.0,13,11,1.1818181818181819,1,6,0,0,1,6,6,3,10,Win,10.006007
2022-2023,2022-08-31 00:00:00,Tottenham,5,away,West Ham,1,1,0,13,4,0.3076923076923077,0.07692307692307693,14,4,0.2857142857142857,0.07142857142857142,9,10,0.9,5,2,0,0,4,3,6,1,11,Draw,11.006004
2022-2023,2022-09-03 00:00:00,Tottenham,6,home,Fulham,2,1,1,23,10,0.43478260869565216,0.08695652173913043,9,3,0.3333333333333333,0.1111111111111111,9,6,1.5,3,4,0,0,10,3,7,3,14,Win,14.00701
2022-2023,2022-09-17 00:00:00,Tottenham,7,home,Leicester,6,2,4,16,11,0.6875,0.375,19,7,0.3684210526315789,0.10526315789473684,9,9,1.0,1,2,0,0,6,1,11,3,17,Win,17.011011
2022-2023,2022-10-01 00:00:00,Tottenham,8,away,Arsenal,1,3,-2,7,3,0.42857142857142855,0.14285714285714285,22,9,0.4090909090909091,0.13636363636363635,10,10,1.0,1,2,1,0,2,5,9,0,17,Loss,17.009003
2022-2023,2022-10-08 00:00:00,Tottenham,9,away,Brighton,1,0,1,8,3,0.375,0.125,14,4,0.2857142857142857,0.0,14,9,1.5555555555555556,2,1,0,0,2,6,10,3,20,Win,20.010003
2022-2023,2022-10-15 00:00:00,Tottenham,10,home,Everton,2,0,2,21,7,0.3333333333333333,0.09523809523809523,4,0,0.0,0.0,12,13,0.9230769230769231,1,4,0,0,7,1,12,3,23,Win,23.012007
2022-2023,2022-10-19 00:00:00,Tottenham,11,away,Man United,0,2,-2,9,2,0.2222222222222222,0.0,28,10,0.35714285714285715,0.07142857142857142,7,7,1.0,0,1,0,0,3,8,10,0,23,Loss,23.010002
2022-2023,2022-10-23 00:00:00,Tottenham,12,home,Newcastle,1,2,-1,17,5,0.29411764705882354,0.058823529411764705,13,5,0.38461538461538464,0.15384615384615385,12,6,2.0,4,2,0,0,6,7,9,0,23,Loss,23.009005000000002
2022-2023,2022-10-29 00:00:00,Tottenham,13,away,Bournemouth,3,2,1,23,7,0.30434782608695654,0.13043478260869565,6,4,0.6666666666666666,0.3333333333333333,5,10,0.5,2,1,0,0,19,2,10,3,26,Win,26.010007
2022-2023,2022-11-06 00:00:00,Tottenham,14,home,Liverpool,1,2,-1,14,5,0.35714285714285715,0.07142857142857142,13,6,0.46153846153846156,0.15384615384615385,10,8,1.25,0,0,0,0,5,3,9,0,26,Loss,26.009005000000002
2022-2023,2022-11-12 00:00:00,Tottenham,15,home,Leeds,4,3,1,14,8,0.5714285714285714,0.2857142857142857,12,5,0.4166666666666667,0.25,8,7,1.1428571428571428,1,1,0,1,9,2,10,3,29,Win,29.010008000000003
2022-2023,2022-12-26 00:00:00,Tottenham,16,away,Brentford,2,2,0,16,8,0.5,0.125,9,5,0.5555555555555556,0.2222222222222222,10,11,0.9090909090909091,1,3,0,0,5,6,10,1,30,Draw,30.010008000000003
2022-2023,2023-01-01 00:00:00,Tottenham,17,home,Aston Villa,0,2,-2,6,2,0.3333333333333333,0.0,13,4,0.3076923076923077,0.15384615384615385,15,10,1.5,4,3,0,0,5,3,8,0,30,Loss,30.008001999999998
2022-2023,2023-01-04 00:00:00,Tottenham,18,away,Crystal Palace,4,0,4,14,6,0.42857142857142855,0.2857142857142857,19,4,0.21052631578947367,0.0,8,11,0.7272727272727273,2,1,0,0,4,10,12,3,33,Win,33.012006
2022-2023,2023-01-15 00:00:00,Tottenham,19,home,Arsenal,0,2,-2,17,7,0.4117647058823529,0.0,14,5,0.35714285714285715,0.14285714285714285,16,15,1.0666666666666667,4,2,0,0,4,3,10,0,33,Loss,33.010006999999995
2022-2023,2023-01-19 00:00:00,Tottenham,20,away,Man City,2,4,-2,9,3,0.3333333333333333,0.2222222222222222,16,6,0.375,0.25,14,10,1.4,2,1,0,0,3,8,8,0,33,Loss,33.008003
2022-2023,2023-01-23 00:00:00,Tottenham,21,away,Fulham,1,0,1,10,3,0.3,0.1,10,5,0.5,0.0,10,10,1.0,3,1,0,0,8,3,9,3,36,Win,36.009003
2022-2023,2023-02-05 00:00:00,Tottenham,22,home,Man City,1,0,1,12,3,0.25,0.08333333333333333,15,5,0.3333333333333333,0.0,19,14,1.3571428571428572,2,3,1,0,4,6,10,3,39,Win,39.010003
2022-2023,2023-02-11 00:00:00,Tottenham,23,away,Leicester,1,4,-3,11,4,0.36363636363636365,0.09090909090909091,15,7,0.4666666666666667,0.26666666666666666,9,14,0.6428571428571429,2,5,0,0,5,1,7,0,39,Loss,39.007003999999995
2022-2023,2023-02-19 00:00:00,Tottenham,24,home,West Ham,2,0,2,16,6,0.375,0.125,6,1,0.16666666666666666,0.0,16,10,1.6,2,1,0,0,4,7,9,3,42,Win,42.009006
2022-2023,2023-02-26 00:00:00,Tottenham,25,home,Chelsea,2,0,2,8,3,0.375,0.25,10,2,0.2,0.0,10,10,1.0,2,3,0,0,4,4,11,3,45,Win,45.011003
2022-2023,2023-03-04 00:00:00,Tottenham,26,away,Wolves,0,1,-1,21,6,0.2857142857142857,0.0,8,5,0.625,0.125,18,11,1.6363636363636365,1,1,0,0,8,4,10,0,45,Loss,45.010006
2022-2023,2023-03-11 00:00:00,Tottenham,27,home,Nott'm Forest,3,1,2,15,7,0.4666666666666667,0.2,9,5,0.5555555555555556,0.1111111111111111,13,13,1.0,3,1,0,0,2,10,12,3,48,Win,48.012007
2022-2023,2023-03-18 00:00:00,Tottenham,28,away,Southampton,3,3,0,17,3,0.17647058823529413,0.17647058823529413,19,7,0.3684210526315789,0.15789473684210525,8,13,0.6153846153846154,1,1,0,0,3,10,12,1,49,Draw,49.012003
2022-2023,2023-04-03 00:00:00,Tottenham,29,away,Everton,1,1,0,8,2,0.25,0.125,15,6,0.4,0.06666666666666667,14,10,1.4,3,0,1,1,3,3,12,1,50,Draw,50.012002
2022-2023,2023-04-08 00:00:00,Tottenham,30,home,Brighton,2,1,1,9,3,0.3333333333333333,0.2222222222222222,17,4,0.23529411764705882,0.058823529411764705,15,15,1.0,3,1,0,0,3,7,13,3,53,Win,53.013003
2022-2023,2023-04-15 00:00:00,Tottenham,31,home,Bournemouth,2,3,-1,24,8,0.3333333333333333,0.08333333333333333,6,6,1.0,0.5,8,9,0.8888888888888888,1,2,0,0,8,1,12,0,53,Loss,53.012008
2022-2023,2023-04-23 00:00:00,Tottenham,32,away,Newcastle,1,6,-5,11,3,0.2727272727272727,0.09090909090909091,25,8,0.32,0.24,13,7,1.8571428571428572,3,0,0,0,3,9,7,0,53,Loss,53.007003
2022-2023,2023-04-27 00:00:00,Tottenham,33,home,Man United,2,2,0,18,7,0.3888888888888889,0.1111111111111111,17,8,0.47058823529411764,0.11764705882352941,8,7,1.1428571428571428,1,2,0,0,6,8,7,1,54,Draw,54.007006999999994
2022-2023,2023-04-30 00:00:00,Tottenham,34,away,Liverpool,3,4,-1,10,7,0.7,0.3,12,4,0.3333333333333333,0.3333333333333333,6,12,0.5,2,3,0,0,2,5,6,0,54,Loss,54.006007
2022-2023,2023-05-06 00:00:00,Tottenham,35,home,Crystal Palace,1,0,1,8,3,0.375,0.125,7,2,0.2857142857142857,0.0,15,14,1.0714285714285714,3,5,0,0,8,4,7,3,57,Win,57.007003
2022-2023,2023-05-13 00:00:00,Tottenham,36,away,Aston Villa,1,2,-1,5,2,0.4,0.2,8,4,0.5,0.25,14,9,1.5555555555555556,3,3,0,0,3,8,6,0,57,Loss,57.006002
2022-2023,2023-05-20 00:00:00,Tottenham,37,home,Brentford,1,3,-2,22,8,0.36363636363636365,0.045454545454545456,11,4,0.36363636363636365,0.2727272727272727,11,9,1.2222222222222223,1,1,0,0,8,2,4,0,57,Loss,57.004008
2022-2023,2023-05-28 00:00:00,Tottenham,38,away,Leeds,4,1,3,11,7,0.6363636363636364,0.36363636363636365,19,2,0.10526315789473684,0.05263157894736842,5,7,0.7142857142857143,0,3,0,0,3,12,7,3,60,Win,60.007006999999994
2022-2023,2022-08-07 00:00:00,West Ham,1,home,Man City,0,2,-2,6,1,0.16666666666666666,0.0,14,2,0.14285714285714285,0.14285714285714285,8,4,2.0,0,1,0,0,1,4,-2,0,0,Loss,-0.001999
2022-2023,2022-08-14 00:00:00,West Ham,2,away,Nott'm Forest,0,1,-1,19,5,0.2631578947368421,0.0,13,6,0.46153846153846156,0.07692307692307693,11,10,1.1,1,4,0,0,7,6,-3,0,0,Loss,-0.0029950000000000003
2022-2023,2022-08-21 00:00:00,West Ham,3,home,Brighton,0,2,-2,13,3,0.23076923076923078,0.0,11,2,0.18181818181818182,0.18181818181818182,10,7,1.4285714285714286,2,0,0,0,5,4,-5,0,0,Loss,-0.004997
2022-2023,2022-08-28 00:00:00,West Ham,4,away,Aston Villa,1,0,1,7,2,0.2857142857142857,0.14285714285714285,9,3,0.3333333333333333,0.0,10,10,1.0,0,2,0,0,2,3,-4,3,3,Win,2.996002
2022-2023,2022-08-31 00:00:00,West Ham,5,home,Tottenham,1,1,0,14,4,0.2857142857142857,0.07142857142857142,13,4,0.3076923076923077,0.07692307692307693,10,9,1.1111111111111112,2,5,0,0,3,4,-4,1,4,Draw,3.996004
2022-2023,2022-09-03 00:00:00,West Ham,6,away,Chelsea,1,2,-1,6,3,0.5,0.16666666666666666,8,3,0.375,0.25,11,6,1.8333333333333333,2,4,0,0,3,10,-5,0,4,Loss,3.995003
2022-2023,2022-09-18 00:00:00,West Ham,7,away,Everton,0,1,-1,14,4,0.2857142857142857,0.0,7,2,0.2857142857142857,0.14285714285714285,11,8,1.375,1,3,0,0,14,5,-6,0,4,Loss,3.9940040000000003
2022-2023,2022-10-01 00:00:00,West Ham,8,home,Wolves,2,0,2,18,5,0.2777777777777778,0.1111111111111111,15,4,0.26666666666666666,0.0,8,6,1.3333333333333333,2,2,0,0,1,6,-4,3,7,Win,6.996005
2022-2023,2022-10-09 00:00:00,West Ham,9,home,Fulham,3,1,2,17,8,0.47058823529411764,0.17647058823529413,8,2,0.25,0.125,9,7,1.2857142857142858,1,3,0,0,4,2,-2,3,10,Win,9.998007999999999
2022-2023,2022-10-16 00:00:00,West Ham,10,away,Southampton,1,1,0,25,4,0.16,0.04,10,8,0.8,0.1,3,7,0.42857142857142855,1,1,0,0,14,4,-2,1,11,Draw,10.998004
2022-2023,2022-10-19 00:00:00,West Ham,11,away,Liverpool,0,1,-1,8,3,0.375,0.0,22,7,0.3181818181818182,0.045454545454545456,8,9,0.8888888888888888,0,0,0,0,3,8,-3,0,11,Loss,10.997003
2022-2023,2022-10-24 00:00:00,West Ham,12,home,Bournemouth,2,0,2,20,4,0.2,0.1,5,3,0.6,0.0,9,11,0.8181818181818182,0,2,0,0,5,0,-1,3,14,Win,13.999004000000001
2022-2023,2022-10-30 00:00:00,West Ham,13,away,Man United,0,1,-1,13,5,0.38461538461538464,0.0,16,3,0.1875,0.0625,10,12,0.8333333333333334,3,1,0,0,10,5,-2,0,14,Loss,13.998005
2022-2023,2022-11-06 00:00:00,West Ham,14,home,Crystal Palace,1,2,-1,5,2,0.4,0.2,15,6,0.4,0.13333333333333333,10,7,1.4285714285714286,1,1,0,0,2,5,-3,0,14,Loss,13.997002
2022-2023,2022-11-12 00:00:00,West Ham,15,home,Leicester,0,2,-2,18,6,0.3333333333333333,0.0,9,6,0.6666666666666666,0.2222222222222222,9,8,1.125,3,1,0,0,7,2,-5,0,14,Loss,13.995006
2022-2023,2022-12-26 00:00:00,West Ham,16,away,Arsenal,1,3,-2,8,4,0.5,0.125,16,5,0.3125,0.1875,17,13,1.3076923076923077,2,0,0,0,5,7,-7,0,14,Loss,13.993004
2022-2023,2022-12-30 00:00:00,West Ham,17,home,Brentford,0,2,-2,20,5,0.25,0.0,9,6,0.6666666666666666,0.2222222222222222,9,5,1.8,1,0,0,0,8,1,-9,0,14,Loss,13.991005
2022-2023,2023-01-04 00:00:00,West Ham,18,away,Leeds,2,2,0,15,2,0.13333333333333333,0.13333333333333333,14,6,0.42857142857142855,0.14285714285714285,18,11,1.6363636363636365,1,3,0,0,1,8,-9,1,15,Draw,14.991002
2022-2023,2023-01-14 00:00:00,West Ham,19,away,Wolves,0,1,-1,16,4,0.25,0.0,17,4,0.23529411764705882,0.058823529411764705,7,10,0.7,2,0,0,0,3,4,-10,0,15,Loss,14.990004
2022-2023,2023-01-21 00:00:00,West Ham,20,home,Everton,2,0,2,11,4,0.36363636363636365,0.18181818181818182,5,2,0.4,0.0,9,6,1.5,1,1,0,0,4,9,-8,3,18,Win,17.992004
2022-2023,2023-02-04 00:00:00,West Ham,21,away,Newcastle,1,1,0,10,1,0.1,0.1,8,2,0.25,0.125,13,11,1.1818181818181819,1,2,0,0,2,4,-8,1,19,Draw,18.992001000000002
2022-2023,2023-02-11 00:00:00,West Ham,22,home,Chelsea,1,1,0,10,2,0.2,0.1,12,4,0.3333333333333333,0.08333333333333333,9,11,0.8181818181818182,1,1,0,0,5,6,-8,1,20,Draw,19.992002
2022-2023,2023-02-19 00:00:00,West Ham,23,away,Tottenham,0,2,-2,6,1,0.16666666666666666,0.0,16,6,0.375,0.125,10,16,0.625,1,2,0,0,7,4,-10,0,20,Loss,19.990001
2022-2023,2023-02-25 00:00:00,West Ham,24,home,Nott'm Forest,4,0,4,18,5,0.2777777777777778,0.2222222222222222,8,3,0.375,0.0,8,5,1.6,0,0,0,0,12,3,-6,3,23,Win,22.994005
2022-2023,2023-03-04 00:00:00,West Ham,25,away,Brighton,0,4,-4,3,2,0.6666666666666666,0.0,20,9,0.45,0.2,8,6,1.3333333333333333,3,0,0,0,3,7,-10,0,23,Loss,22.990001999999997
2022-2023,2023-03-12 00:00:00,West Ham,26,home,Aston Villa,1,1,0,17,6,0.35294117647058826,0.058823529411764705,12,4,0.3333333333333333,0.08333333333333333,8,6,1.3333333333333333,1,0,0,0,13,2,-10,1,24,Draw,23.990005999999997
2022-2023,2023-04-02 00:00:00,West Ham,27,home,Southampton,1,0,1,12,2,0.16666666666666666,0.08333333333333333,9,3,0.3333333333333333,0.0,10,11,0.9090909090909091,0,2,0,0,5,3,-9,3,27,Win,26.991001999999998
2022-2023,2023-04-05 00:00:00,West Ham,28,home,Newcastle,1,5,-4,7,2,0.2857142857142857,0.14285714285714285,15,8,0.5333333333333333,0.3333333333333333,11,12,0.9166666666666666,2,1,0,0,7,6,-13,0,27,Loss,26.987001999999997
2022-2023,2023-04-08 00:00:00,West Ham,29,away,Fulham,1,0,1,9,5,0.5555555555555556,0.1111111111111111,16,3,0.1875,0.0,12,10,1.2,1,1,0,0,4,11,-12,3,30,Win,29.988005
2022-2023,2023-04-16 00:00:00,West Ham,30,home,Arsenal,2,2,0,16,3,0.1875,0.125,11,5,0.45454545454545453,0.18181818181818182,11,8,1.375,1,2,0,0,7,2,-12,1,31,Draw,30.988003
2022-2023,2023-04-23 00:00:00,West Ham,31,away,Bournemouth,4,0,4,18,10,0.5555555555555556,0.2222222222222222,17,5,0.29411764705882354,0.0,8,7,1.1428571428571428,2,1,0,0,5,8,-8,3,34,Win,33.99201
2022-2023,2023-04-26 00:00:00,West Ham,32,home,Liverpool,1,2,-1,7,2,0.2857142857142857,0.14285714285714285,20,4,0.2,0.1,6,8,0.75,0,0,0,0,3,6,-9,0,34,Loss,33.991002
2022-2023,2023-04-29 00:00:00,West Ham,33,away,Crystal Palace,3,4,-1,8,4,0.5,0.375,16,6,0.375,0.25,17,9,1.8888888888888888,2,1,0,0,5,8,-10,0,34,Loss,33.990004
2022-2023,2023-05-03 00:00:00,West Ham,34,away,Man City,0,3,-3,6,2,0.3333333333333333,0.0,16,7,0.4375,0.1875,8,8,1.0,1,0,0,0,3,6,-13,0,34,Loss,33.987002000000004
2022-2023,2023-05-07 00:00:00,West Ham,35,home,Man United,1,0,1,15,4,0.26666666666666666,0.06666666666666667,19,4,0.21052631578947367,0.0,4,9,0.4444444444444444,0,2,0,0,5,6,-12,3,37,Win,36.988004
2022-2023,2023-05-14 00:00:00,West Ham,36,away,Brentford,0,2,-2,4,4,1.0,0.0,24,10,0.4166666666666667,0.08333333333333333,5,5,1.0,0,1,0,0,5,7,-14,0,37,Loss,36.986003999999994
2022-2023,2023-05-21 00:00:00,West Ham,37,home,Leeds,3,1,2,19,9,0.47368421052631576,0.15789473684210525,12,3,0.25,0.08333333333333333,6,11,0.5454545454545454,1,3,0,0,9,5,-12,3,40,Win,39.988009
2022-2023,2023-05-28 00:00:00,West Ham,38,away,Leicester,1,2,-1,16,3,0.1875,0.0625,13,4,0.3076923076923077,0.15384615384615385,10,8,1.25,1,1,0,0,5,3,-13,0,40,Loss,39.987003
2022-2023,2022-08-06 00:00:00,Wolves,1,away,Leeds,1,2,-1,15,6,0.4,0.06666666666666667,12,4,0.3333333333333333,0.16666666666666666,9,13,0.6923076923076923,0,2,0,0,4,6,-1,0,0,Loss,-0.000994
2022-2023,2022-08-13 00:00:00,Wolves,2,home,Fulham,0,0,0,7,1,0.14285714285714285,0.0,9,3,0.3333333333333333,0.0,7,14,0.5,3,3,0,0,5,3,-1,1,1,Draw,0.999001
2022-2023,2022-08-20 00:00:00,Wolves,3,away,Tottenham,0,1,-1,20,3,0.15,0.0,11,4,0.36363636363636365,0.09090909090909091,8,10,0.8,2,2,0,0,6,8,-2,0,1,Loss,0.998003
2022-2023,2022-08-28 00:00:00,Wolves,4,home,Newcastle,1,1,0,10,4,0.4,0.1,21,6,0.2857142857142857,0.047619047619047616,10,11,0.9090909090909091,2,1,0,0,4,13,-2,1,2,Draw,1.998004
2022-2023,2022-08-31 00:00:00,Wolves,5,away,Bournemouth,0,0,0,17,4,0.23529411764705882,0.0,5,2,0.4,0.0,12,12,1.0,1,2,0,0,5,2,-2,1,3,Draw,2.9980040000000003
2022-2023,2022-09-03 00:00:00,Wolves,6,home,Southampton,1,0,1,7,2,0.2857142857142857,0.14285714285714285,12,1,0.08333333333333333,0.0,10,14,0.7142857142857143,4,2,0,0,5,6,-1,3,6,Win,5.999002
2022-2023,2022-09-17 00:00:00,Wolves,7,home,Man City,0,3,-3,6,1,0.16666666666666666,0.0,16,7,0.4375,0.1875,7,9,0.7777777777777778,2,1,1,0,5,7,-4,0,6,Loss,5.996001000000001
2022-2023,2022-10-01 00:00:00,Wolves,8,away,West Ham,0,2,-2,15,4,0.26666666666666666,0.0,18,5,0.2777777777777778,0.1111111111111111,6,8,0.75,2,2,0,0,6,1,-6,0,6,Loss,5.994003999999999
2022-2023,2022-10-08 00:00:00,Wolves,9,away,Chelsea,0,3,-3,8,2,0.25,0.0,20,7,0.35,0.15,8,8,1.0,0,2,0,0,2,4,-9,0,6,Loss,5.991002
2022-2023,2022-10-15 00:00:00,Wolves,10,home,Nott'm Forest,1,0,1,9,2,0.2222222222222222,0.1111111111111111,10,2,0.2,0.0,17,13,1.3076923076923077,2,2,0,0,4,5,-8,3,9,Win,8.992002000000001
2022-2023,2022-10-18 00:00:00,Wolves,11,away,Crystal Palace,1,2,-1,10,4,0.4,0.1,14,4,0.2857142857142857,0.14285714285714285,18,14,1.2857142857142858,1,3,0,0,3,4,-9,0,9,Loss,8.991004
2022-2023,2022-10-23 00:00:00,Wolves,12,home,Leicester,0,4,-4,21,5,0.23809523809523808,0.0,5,4,0.8,0.8,10,13,0.7692307692307693,2,1,0,0,9,2,-13,0,9,Loss,8.987005
2022-2023,2022-10-29 00:00:00,Wolves,13,away,Brentford,1,1,0,14,4,0.2857142857142857,0.07142857142857142,12,3,0.25,0.08333333333333333,17,10,1.7,3,3,1,0,6,3,-13,1,10,Draw,9.987004
2022-2023,2022-11-05 00:00:00,Wolves,14,home,Brighton,2,3,-1,8,5,0.625,0.25,19,8,0.42105263157894735,0.15789473684210525,15,11,1.3636363636363635,2,0,1,0,4,9,-14,0,10,Loss,9.986005
2022-2023,2022-11-12 00:00:00,Wolves,15,home,Arsenal,0,2,-2,11,2,0.18181818181818182,0.0,14,4,0.2857142857142857,0.14285714285714285,5,6,0.8333333333333334,3,2,0,0,6,4,-16,0,10,Loss,9.984002
2022-2023,2022-12-26 00:00:00,Wolves,16,away,Everton,2,1,1,7,4,0.5714285714285714,0.2857142857142857,12,6,0.5,0.08333333333333333,22,9,2.4444444444444446,6,1,0,0,2,2,-15,3,13,Win,12.985004
2022-2023,2022-12-31 00:00:00,Wolves,17,home,Man United,0,1,-1,10,3,0.3,0.0,16,6,0.375,0.0625,11,11,1.0,1,3,0,0,7,5,-16,0,13,Loss,12.984003
2022-2023,2023-01-04 00:00:00,Wolves,18,away,Aston Villa,1,1,0,10,3,0.3,0.1,13,4,0.3076923076923077,0.07692307692307693,12,6,2.0,3,1,0,0,8,7,-16,1,14,Draw,13.984003
2022-2023,2023-01-14 00:00:00,Wolves,19,home,West Ham,1,0,1,17,4,0.23529411764705882,0.058823529411764705,16,4,0.25,0.0,10,7,1.4285714285714286,0,2,0,0,4,3,-15,3,17,Win,16.985004
2022-2023,2023-01-22 00:00:00,Wolves,20,away,Man City,0,3,-3,10,1,0.1,0.0,13,7,0.5384615384615384,0.23076923076923078,10,10,1.0,2,1,0,0,7,5,-18,0,17,Loss,16.982001
2022-2023,2023-02-04 00:00:00,Wolves,21,home,Liverpool,3,0,3,12,6,0.5,0.25,22,4,0.18181818181818182,0.0,9,7,1.2857142857142858,1,1,0,0,2,7,-15,3,20,Win,19.985006
2022-2023,2023-02-11 00:00:00,Wolves,22,away,Southampton,2,1,1,11,2,0.18181818181818182,0.18181818181818182,17,2,0.11764705882352941,0.058823529411764705,14,12,1.1666666666666667,2,2,1,0,2,5,-14,3,23,Win,22.986002
2022-2023,2023-02-18 00:00:00,Wolves,23,home,Bournemouth,0,1,-1,15,4,0.26666666666666666,0.0,5,1,0.2,0.2,12,10,1.2,3,3,0,0,12,2,-15,0,23,Loss,22.985004
2022-2023,2023-02-24 00:00:00,Wolves,24,away,Fulham,1,1,0,8,2,0.25,0.125,10,5,0.5,0.1,17,12,1.4166666666666667,0,2,0,0,3,4,-15,1,24,Draw,23.985001999999998
2022-2023,2023-03-01 00:00:00,Wolves,25,away,Liverpool,0,2,-2,4,1,0.25,0.0,15,6,0.4,0.13333333333333333,14,13,1.0769230769230769,3,2,0,0,2,5,-17,0,24,Loss,23.983001
2022-2023,2023-03-04 00:00:00,Wolves,26,home,Tottenham,1,0,1,8,5,0.625,0.125,21,6,0.2857142857142857,0.0,11,18,0.6111111111111112,1,1,0,0,4,8,-16,3,27,Win,26.984005000000003
2022-2023,2023-03-12 00:00:00,Wolves,27,away,Newcastle,1,2,-1,7,4,0.5714285714285714,0.14285714285714285,19,8,0.42105263157894735,0.10526315789473684,10,11,0.9090909090909091,2,1,0,0,3,10,-17,0,27,Loss,26.983004
2022-2023,2023-03-18 00:00:00,Wolves,28,home,Leeds,2,4,-2,23,8,0.34782608695652173,0.08695652173913043,11,4,0.36363636363636365,0.36363636363636365,15,9,1.6666666666666667,3,5,1,0,5,4,-19,0,27,Loss,26.981008000000003
2022-2023,2023-04-01 00:00:00,Wolves,29,away,Nott'm Forest,1,1,0,8,1,0.125,0.125,17,7,0.4117647058823529,0.058823529411764705,13,14,0.9285714285714286,5,3,0,0,3,4,-19,1,28,Draw,27.981001000000003
2022-2023,2023-04-08 00:00:00,Wolves,30,home,Chelsea,1,0,1,9,4,0.4444444444444444,0.1111111111111111,13,1,0.07692307692307693,0.0,14,10,1.4,2,5,0,0,8,8,-18,3,31,Win,30.982004
2022-2023,2023-04-15 00:00:00,Wolves,31,home,Brentford,2,0,2,11,9,0.8181818181818182,0.18181818181818182,10,3,0.3,0.0,12,8,1.5,1,1,0,0,5,2,-16,3,34,Win,33.984009
2022-2023,2023-04-22 00:00:00,Wolves,32,away,Leicester,1,2,-1,16,3,0.1875,0.0625,15,8,0.5333333333333333,0.13333333333333333,16,17,0.9411764705882353,3,1,0,0,7,1,-17,0,34,Loss,33.983003
2022-2023,2023-04-25 00:00:00,Wolves,33,home,Crystal Palace,2,0,2,9,3,0.3333333333333333,0.2222222222222222,14,4,0.2857142857142857,0.0,13,14,0.9285714285714286,5,4,0,0,6,11,-15,3,37,Win,36.985003
2022-2023,2023-04-29 00:00:00,Wolves,34,away,Brighton,0,6,-6,10,2,0.2,0.0,22,8,0.36363636363636365,0.2727272727272727,11,14,0.7857142857142857,1,1,0,0,5,2,-21,0,37,Loss,36.979002
2022-2023,2023-05-06 00:00:00,Wolves,35,home,Aston Villa,1,0,1,6,2,0.3333333333333333,0.16666666666666666,16,3,0.1875,0.0,20,9,2.2222222222222223,3,3,0,0,5,6,-20,3,40,Win,39.980002
2022-2023,2023-05-13 00:00:00,Wolves,36,away,Man United,0,2,-2,5,0,0.0,0.0,27,9,0.3333333333333333,0.07407407407407407,9,9,1.0,2,3,0,0,7,11,-22,0,40,Loss,39.978
2022-2023,2023-05-20 00:00:00,Wolves,37,home,Everton,1,1,0,13,5,0.38461538461538464,0.07692307692307693,19,4,0.21052631578947367,0.05263157894736842,18,10,1.8,5,1,0,0,1,7,-22,1,41,Draw,40.978005
2022-2023,2023-05-28 00:00:00,Wolves,38,away,Arsenal,0,5,-5,6,0,0.0,0.0,14,8,0.5714285714285714,0.35714285714285715,11,8,1.375,0,0,0,0,4,8,-27,0,41,Loss,40.973
2023-2024,2023-08-12 00:00:00,Arsenal,1,home,Nott'm Forest,2,1,1,15,7,0.4666666666666667,0.13333333333333333,6,2,0.3333333333333333,0.16666666666666666,12,12,1.0,2,2,0,0,8,3,1,3,3,Win,3.001007
2023-2024,2023-08-21 00:00:00,Arsenal,2,away,Crystal Palace,1,0,1,14,3,0.21428571428571427,0.07142857142857142,14,2,0.14285714285714285,0.0,10,14,0.7142857142857143,1,2,1,0,8,1,2,3,6,Win,6.002003
2023-2024,2023-08-26 00:00:00,Arsenal,3,home,Fulham,2,2,0,19,11,0.5789473684210527,0.10526315789473684,8,3,0.375,0.25,6,5,1.2,0,3,0,1,8,3,2,1,7,Draw,7.0020109999999995
2023-2024,2023-09-03 00:00:00,Arsenal,4,home,Man United,3,1,2,17,5,0.29411764705882354,0.17647058823529413,10,2,0.2,0.1,8,7,1.1428571428571428,2,3,0,0,12,3,4,3,10,Win,10.004005
2023-2024,2023-09-17 00:00:00,Arsenal,5,away,Everton,1,0,1,13,4,0.3076923076923077,0.07692307692307693,8,1,0.125,0.0,10,12,0.8333333333333334,1,1,0,0,11,1,5,3,13,Win,13.005004000000001
2023-2024,2023-09-24 00:00:00,Arsenal,6,home,Tottenham,2,2,0,13,6,0.46153846153846156,0.15384615384615385,13,5,0.38461538461538464,0.15384615384615385,12,19,0.631578947368421,3,4,0,0,11,4,5,1,14,Draw,14.005006000000002
2023-2024,2023-09-30 00:00:00,Arsenal,7,away,Bournemouth,4,0,4,15,8,0.5333333333333333,0.26666666666666666,8,1,0.125,0.0,10,11,0.9090909090909091,1,0,0,0,6,6,9,3,17,Win,17.009008
2023-2024,2023-10-08 00:00:00,Arsenal,8,home,Man City,1,0,1,12,2,0.16666666666666666,0.08333333333333333,4,1,0.25,0.0,8,7,1.1428571428571428,2,3,0,0,5,4,10,3,20,Win,20.010002
2023-2024,2023-10-21 00:00:00,Arsenal,9,away,Chelsea,2,2,0,13,3,0.23076923076923078,0.15384615384615385,11,5,0.45454545454545453,0.18181818181818182,14,7,2.0,3,3,0,0,7,2,10,1,21,Draw,21.010003
2023-2024,2023-10-28 00:00:00,Arsenal,10,home,Sheffield United,5,0,5,13,8,0.6153846153846154,0.38461538461538464,2,0,0.0,0.0,9,13,0.6923076923076923,0,3,0,0,6,1,15,3,24,Win,24.015008
2023-2024,2023-11-04 00:00:00,Arsenal,11,away,Newcastle,0,1,-1,14,1,0.07142857142857142,0.0,9,2,0.2222222222222222,0.1111111111111111,9,14,0.6428571428571429,1,5,0,0,11,0,14,0,24,Loss,24.014001
2023-2024,2023-11-11 00:00:00,Arsenal,12,home,Burnley,3,1,2,16,6,0.375,0.1875,8,5,0.625,0.125,8,9,0.8888888888888888,0,1,1,0,3,3,16,3,27,Win,27.016005999999997
2023-2024,2023-11-25 00:00:00,Arsenal,13,away,Brentford,1,0,1,15,4,0.26666666666666666,0.06666666666666667,9,3,0.3333333333333333,0.0,7,9,0.7777777777777778,1,1,0,0,8,1,17,3,30,Win,30.017004
2023-2024,2023-12-02 00:00:00,Arsenal,14,home,Wolves,2,1,1,19,6,0.3157894736842105,0.10526315789473684,6,3,0.5,0.16666666666666666,10,10,1.0,1,2,0,0,4,0,18,3,33,Win,33.018006
2023-2024,2023-12-05 00:00:00,Arsenal,15,away,Luton,4,3,1,23,9,0.391304347826087,0.17391304347826086,6,4,0.6666666666666666,0.5,7,14,0.5,1,2,0,0,8,3,19,3,36,Win,36.019009
2023-2024,2023-12-09 00:00:00,Arsenal,16,away,Aston Villa,0,1,-1,12,5,0.4166666666666667,0.0,10,3,0.3,0.1,11,16,0.6875,2,4,0,0,3,3,18,0,36,Loss,36.018005
2023-2024,2023-12-17 00:00:00,Arsenal,17,home,Brighton,2,0,2,26,9,0.34615384615384615,0.07692307692307693,6,1,0.16666666666666666,0.0,11,9,1.2222222222222223,1,3,0,0,10,1,20,3,39,Win,39.020009
2023-2024,2023-12-23 00:00:00,Arsenal,18,away,Liverpool,1,1,0,13,2,0.15384615384615385,0.07692307692307693,13,3,0.23076923076923078,0.07692307692307693,14,13,1.0769230769230769,5,2,0,0,5,4,20,1,40,Draw,40.020002000000005
2023-2024,2023-12-28 00:00:00,Arsenal,19,home,West Ham,0,2,-2,30,8,0.26666666666666666,0.0,6,3,0.5,0.3333333333333333,8,8,1.0,2,0,0,0,10,3,18,0,40,Loss,40.018008
2023-2024,2023-12-31 00:00:00,Arsenal,20,away,Fulham,1,2,-1,13,3,0.23076923076923078,0.07692307692307693,15,4,0.26666666666666666,0.13333333333333333,10,11,0.9090909090909091,1,4,0,0,4,5,17,0,40,Loss,40.017003
2023-2024,2024-01-20 00:00:00,Arsenal,21,home,Crystal Palace,5,0,5,21,6,0.2857142857142857,0.23809523809523808,12,5,0.4166666666666667,0.0,8,12,0.6666666666666666,0,0,0,0,6,7,22,3,43,Win,43.022006
2023-2024,2024-01-30 00:00:00,Arsenal,22,away,Nott'm Forest,2,1,1,19,3,0.15789473684210525,0.10526315789473684,9,3,0.3333333333333333,0.1111111111111111,7,6,1.1666666666666667,1,0,0,0,11,2,23,3,46,Win,46.023003
2023-2024,2024-02-04 00:00:00,Arsenal,23,home,Liverpool,3,1,2,15,7,0.4666666666666667,0.2,10,1,0.1,0.1,11,11,1.0,6,2,0,1,2,4,25,3,49,Win,49.025006999999995
2023-2024,2024-02-11 00:00:00,Arsenal,24,away,West Ham,6,0,6,25,12,0.48,0.24,5,1,0.2,0.0,11,17,0.6470588235294118,0,4,0,0,6,2,31,3,52,Win,52.031012
2023-2024,2024-02-17 00:00:00,Arsenal,25,away,Burnley,5,0,5,16,7,0.4375,0.3125,8,0,0.0,0.0,8,11,0.7272727272727273,1,2,0,0,6,4,36,3,55,Win,55.036007
2023-2024,2024-02-24 00:00:00,Arsenal,26,home,Newcastle,4,1,3,18,8,0.4444444444444444,0.2222222222222222,3,2,0.6666666666666666,0.3333333333333333,15,6,2.5,1,0,0,0,9,0,39,3,58,Win,58.039008
2023-2024,2024-03-04 00:00:00,Arsenal,27,away,Sheffield United,6,0,6,22,10,0.45454545454545453,0.2727272727272727,4,0,0.0,0.0,4,11,0.36363636363636365,0,1,0,0,7,0,45,3,61,Win,61.045010000000005
2023-2024,2024-03-09 00:00:00,Arsenal,28,home,Brentford,2,1,1,17,6,0.35294117647058826,0.11764705882352941,9,4,0.4444444444444444,0.1111111111111111,9,10,0.9,2,4,0,0,10,4,46,3,64,Win,64.046006
2023-2024,2024-03-31 00:00:00,Arsenal,29,away,Man City,0,0,0,6,2,0.3333333333333333,0.0,12,1,0.08333333333333333,0.0,20,9,2.2222222222222223,2,0,0,0,4,7,46,1,65,Draw,65.046002
2023-2024,2024-04-03 00:00:00,Arsenal,30,home,Luton,2,0,2,13,4,0.3076923076923077,0.15384615384615385,5,1,0.2,0.0,12,8,1.5,1,1,0,0,3,1,48,3,68,Win,68.048004
2023-2024,2024-04-06 00:00:00,Arsenal,31,away,Brighton,3,0,3,20,7,0.35,0.15,10,2,0.2,0.0,13,14,0.9285714285714286,2,1,0,0,7,8,51,3,71,Win,71.051007
2023-2024,2024-04-14 00:00:00,Arsenal,32,home,Aston Villa,0,2,-2,18,4,0.2222222222222222,0.0,11,2,0.18181818181818182,0.18181818181818182,12,7,1.7142857142857142,3,1,0,0,4,6,49,0,71,Loss,71.04900400000001
2023-2024,2024-04-20 00:00:00,Arsenal,33,away,Wolves,2,0,2,24,9,0.375,0.08333333333333333,5,3,0.6,0.0,9,14,0.6428571428571429,2,3,0,0,2,1,51,3,74,Win,74.05100900000001
2023-2024,2024-04-23 00:00:00,Arsenal,34,home,Chelsea,5,0,5,27,10,0.37037037037037035,0.18518518518518517,7,1,0.14285714285714285,0.0,12,11,1.0909090909090908,2,2,0,0,4,2,56,3,77,Win,77.05601
2023-2024,2024-04-28 00:00:00,Arsenal,35,away,Tottenham,3,2,1,9,3,0.3333333333333333,0.3333333333333333,14,2,0.14285714285714285,0.14285714285714285,16,12,1.3333333333333333,1,2,0,0,6,8,57,3,80,Win,80.05700300000001
2023-2024,2024-05-04 00:00:00,Arsenal,36,home,Bournemouth,3,0,3,25,9,0.36,0.12,7,2,0.2857142857142857,0.0,16,12,1.3333333333333333,2,3,0,0,6,1,60,3,83,Win,83.06000900000001
2023-2024,2024-05-12 00:00:00,Arsenal,37,away,Man United,1,0,1,11,5,0.45454545454545453,0.09090909090909091,14,2,0.14285714285714285,0.0,6,5,1.2,2,0,0,0,7,4,61,3,86,Win,86.06100500000001
2023-2024,2024-05-19 00:00:00,Arsenal,38,home,Everton,2,1,1,26,5,0.19230769230769232,0.07692307692307693,5,2,0.4,0.2,8,11,0.7272727272727273,4,3,0,0,8,1,62,3,89,Win,89.062005
2023-2024,2023-08-12 00:00:00,Aston Villa,1,away,Newcastle,1,5,-4,16,6,0.375,0.0625,17,13,0.7647058823529411,0.29411764705882354,17,12,1.4166666666666667,4,4,0,0,5,6,-4,0,0,Loss,-0.003994
2023-2024,2023-08-20 00:00:00,Aston Villa,2,home,Everton,4,0,4,13,7,0.5384615384615384,0.3076923076923077,9,2,0.2222222222222222,0.0,8,12,0.6666666666666666,3,4,0,0,7,6,0,3,3,Win,3.000007
2023-2024,2023-08-27 00:00:00,Aston Villa,3,away,Burnley,3,1,2,16,6,0.375,0.1875,9,2,0.2222222222222222,0.1111111111111111,11,12,0.9166666666666666,0,2,0,0,6,4,2,3,6,Win,6.002006
2023-2024,2023-09-03 00:00:00,Aston Villa,4,away,Liverpool,0,3,-3,9,3,0.3333333333333333,0.0,17,4,0.23529411764705882,0.17647058823529413,7,12,0.5833333333333334,1,0,0,0,3,7,-1,0,6,Loss,5.999003
2023-2024,2023-09-16 00:00:00,Aston Villa,5,home,Crystal Palace,3,1,2,16,5,0.3125,0.1875,6,3,0.5,0.16666666666666666,13,9,1.4444444444444444,5,3,0,0,4,2,1,3,9,Win,9.001005
2023-2024,2023-09-24 00:00:00,Aston Villa,6,away,Chelsea,1,0,1,15,7,0.4666666666666667,0.06666666666666667,10,4,0.4,0.0,11,9,1.2222222222222223,3,2,0,0,11,5,2,3,12,Win,12.002007
2023-2024,2023-09-30 00:00:00,Aston Villa,7,home,Brighton,6,1,5,19,9,0.47368421052631576,0.3157894736842105,11,3,0.2727272727272727,0.09090909090909091,19,21,0.9047619047619048,4,4,0,0,1,3,7,3,15,Win,15.007009
2023-2024,2023-10-08 00:00:00,Aston Villa,8,away,Wolves,1,1,0,18,4,0.2222222222222222,0.05555555555555555,8,3,0.375,0.125,9,19,0.47368421052631576,2,2,0,1,10,2,7,1,16,Draw,16.007004000000002
2023-2024,2023-10-22 00:00:00,Aston Villa,9,home,West Ham,4,1,3,15,7,0.4666666666666667,0.26666666666666666,14,4,0.2857142857142857,0.07142857142857142,9,15,0.6,0,1,0,0,8,7,10,3,19,Win,19.010007
2023-2024,2023-10-29 00:00:00,Aston Villa,10,home,Luton,3,1,2,17,6,0.35294117647058826,0.17647058823529413,7,1,0.14285714285714285,0.14285714285714285,11,10,1.1,3,2,0,0,6,4,12,3,22,Win,22.012006
2023-2024,2023-11-05 00:00:00,Aston Villa,11,away,Nott'm Forest,0,2,-2,13,3,0.23076923076923078,0.0,5,3,0.6,0.4,9,6,1.5,1,1,0,0,10,0,10,0,22,Loss,22.010003
2023-2024,2023-11-12 00:00:00,Aston Villa,12,home,Fulham,3,1,2,12,6,0.5,0.25,9,5,0.5555555555555556,0.1111111111111111,4,17,0.23529411764705882,2,5,0,0,2,2,12,3,25,Win,25.012006
2023-2024,2023-11-26 00:00:00,Aston Villa,13,away,Tottenham,2,1,1,15,5,0.3333333333333333,0.13333333333333333,18,8,0.4444444444444444,0.05555555555555555,13,11,1.1818181818181819,4,0,0,0,3,9,13,3,28,Win,28.013005000000003
2023-2024,2023-12-03 00:00:00,Aston Villa,14,away,Bournemouth,2,2,0,11,3,0.2727272727272727,0.18181818181818182,15,7,0.4666666666666667,0.13333333333333333,12,16,0.75,3,5,0,0,7,7,13,1,29,Draw,29.013003
2023-2024,2023-12-06 00:00:00,Aston Villa,15,home,Man City,1,0,1,22,7,0.3181818181818182,0.045454545454545456,2,2,1.0,0.0,13,13,1.0,2,2,0,0,6,0,14,3,32,Win,32.014007
2023-2024,2023-12-09 00:00:00,Aston Villa,16,home,Arsenal,1,0,1,10,3,0.3,0.1,12,5,0.4166666666666667,0.0,16,11,1.4545454545454546,4,2,0,0,3,3,15,3,35,Win,35.015003
2023-2024,2023-12-17 00:00:00,Aston Villa,17,away,Brentford,2,1,1,15,5,0.3333333333333333,0.13333333333333333,4,3,0.75,0.25,6,19,0.3157894736842105,4,6,1,1,12,7,16,3,38,Win,38.016005
2023-2024,2023-12-22 00:00:00,Aston Villa,18,home,Sheffield United,1,1,0,12,4,0.3333333333333333,0.08333333333333333,5,2,0.4,0.2,11,16,0.6875,3,3,0,0,9,1,16,1,39,Draw,39.016003999999995
2023-2024,2023-12-26 00:00:00,Aston Villa,19,away,Man United,2,3,-1,10,4,0.4,0.2,13,7,0.5384615384615384,0.23076923076923078,10,10,1.0,3,1,0,0,6,3,15,0,39,Loss,39.015004
2023-2024,2023-12-30 00:00:00,Aston Villa,20,home,Burnley,3,2,1,19,7,0.3684210526315789,0.15789473684210525,9,5,0.5555555555555556,0.2222222222222222,9,14,0.6428571428571429,4,1,0,1,6,2,16,3,42,Win,42.016006999999995
2023-2024,2024-01-14 00:00:00,Aston Villa,21,away,Everton,0,0,0,16,5,0.3125,0.0,10,2,0.2,0.0,14,13,1.0769230769230769,4,1,0,0,5,4,16,1,43,Draw,43.016005
2023-2024,2024-01-30 00:00:00,Aston Villa,22,home,Newcastle,1,3,-2,12,6,0.5,0.08333333333333333,14,5,0.35714285714285715,0.21428571428571427,14,12,1.1666666666666667,4,1,0,0,8,7,14,0,43,Loss,43.014006
2023-2024,2024-02-03 00:00:00,Aston Villa,23,away,Sheffield United,5,0,5,14,10,0.7142857142857143,0.35714285714285715,10,5,0.5,0.0,7,10,0.7,0,1,0,0,4,3,19,3,46,Win,46.01901
2023-2024,2024-02-11 00:00:00,Aston Villa,24,home,Man United,1,2,-1,23,10,0.43478260869565216,0.043478260869565216,17,5,0.29411764705882354,0.11764705882352941,9,7,1.2857142857142858,3,2,0,0,10,8,18,0,46,Loss,46.018010000000004
2023-2024,2024-02-17 00:00:00,Aston Villa,25,away,Fulham,2,1,1,12,3,0.25,0.16666666666666666,15,4,0.26666666666666666,0.06666666666666667,6,11,0.5454545454545454,2,5,0,0,4,4,19,3,49,Win,49.019003
2023-2024,2024-02-24 00:00:00,Aston Villa,26,home,Nott'm Forest,4,2,2,16,6,0.375,0.25,10,3,0.3,0.2,7,16,0.4375,1,2,0,0,7,2,21,3,52,Win,52.021006
2023-2024,2024-03-02 00:00:00,Aston Villa,27,away,Luton,3,2,1,12,8,0.6666666666666666,0.25,13,5,0.38461538461538464,0.15384615384615385,19,8,2.375,4,1,0,0,6,8,22,3,55,Win,55.022008
2023-2024,2024-03-10 00:00:00,Aston Villa,28,home,Tottenham,0,4,-4,10,1,0.1,0.0,9,5,0.5555555555555556,0.4444444444444444,11,15,0.7333333333333333,0,2,1,0,6,4,18,0,55,Loss,55.018001
2023-2024,2024-03-17 00:00:00,Aston Villa,29,away,West Ham,1,1,0,13,5,0.38461538461538464,0.07692307692307693,13,5,0.38461538461538464,0.07692307692307693,12,13,0.9230769230769231,3,3,0,0,11,7,18,1,56,Draw,56.018005
2023-2024,2024-03-30 00:00:00,Aston Villa,30,home,Wolves,2,0,2,11,5,0.45454545454545453,0.18181818181818182,13,3,0.23076923076923078,0.0,11,19,0.5789473684210527,3,4,0,0,5,4,20,3,59,Win,59.020005000000005
2023-2024,2024-04-03 00:00:00,Aston Villa,31,away,Man City,1,4,-3,8,3,0.375,0.125,25,11,0.44,0.16,13,6,2.1666666666666665,2,1,0,0,3,2,17,0,59,Loss,59.017003
2023-2024,2024-04-06 00:00:00,Aston Villa,32,home,Brentford,3,3,0,11,3,0.2727272727272727,0.2727272727272727,8,3,0.375,0.375,15,11,1.3636363636363635,2,2,0,0,11,3,17,1,60,Draw,60.017003
2023-2024,2024-04-14 00:00:00,Aston Villa,33,away,Arsenal,2,0,2,11,2,0.18181818181818182,0.18181818181818182,18,4,0.2222222222222222,0.0,7,12,0.5833333333333334,1,3,0,0,6,4,19,3,63,Win,63.019002
2023-2024,2024-04-21 00:00:00,Aston Villa,34,home,Bournemouth,3,1,2,14,4,0.2857142857142857,0.21428571428571427,14,6,0.42857142857142855,0.07142857142857142,8,14,0.5714285714285714,1,3,0,0,8,4,21,3,66,Win,66.021004
2023-2024,2024-04-27 00:00:00,Aston Villa,35,home,Chelsea,2,2,0,9,4,0.4444444444444444,0.2222222222222222,21,5,0.23809523809523808,0.09523809523809523,13,14,0.9285714285714286,3,5,0,0,2,4,21,1,67,Draw,67.021004
2023-2024,2024-05-05 00:00:00,Aston Villa,36,away,Brighton,0,1,-1,2,1,0.5,0.0,15,8,0.5333333333333333,0.06666666666666667,10,13,0.7692307692307693,1,2,0,0,3,7,20,0,67,Loss,67.020001
2023-2024,2024-05-13 00:00:00,Aston Villa,37,home,Liverpool,3,3,0,19,5,0.2631578947368421,0.15789473684210525,14,7,0.5,0.21428571428571427,11,15,0.7333333333333333,1,1,0,0,5,4,20,1,68,Draw,68.020005
2023-2024,2024-05-19 00:00:00,Aston Villa,38,away,Crystal Palace,0,5,-5,8,2,0.25,0.0,15,9,0.6,0.3333333333333333,8,10,0.8,4,1,0,0,4,2,15,0,68,Loss,68.015002
2023-2024,2023-08-12 00:00:00,Bournemouth,1,home,West Ham,1,1,0,14,5,0.35714285714285715,0.07142857142857142,16,3,0.1875,0.0625,9,14,0.6428571428571429,1,4,0,0,10,4,0,1,1,Draw,1.000005
2023-2024,2023-08-19 00:00:00,Bournemouth,2,away,Liverpool,1,3,-2,13,5,0.38461538461538464,0.07692307692307693,26,10,0.38461538461538464,0.11538461538461539,13,11,1.1818181818181819,3,1,0,1,2,10,-2,0,1,Loss,0.998005
2023-2024,2023-08-26 00:00:00,Bournemouth,3,home,Tottenham,0,2,-2,11,3,0.2727272727272727,0.0,17,6,0.35294117647058826,0.11764705882352941,18,11,1.6363636363636365,1,3,0,0,6,2,-4,0,1,Loss,0.996003
2023-2024,2023-09-02 00:00:00,Bournemouth,4,away,Brentford,2,2,0,12,5,0.4166666666666667,0.16666666666666666,21,7,0.3333333333333333,0.09523809523809523,13,6,2.1666666666666665,2,1,0,0,2,5,-4,1,2,Draw,1.996005
2023-2024,2023-09-17 00:00:00,Bournemouth,5,home,Chelsea,0,0,0,13,4,0.3076923076923077,0.0,14,6,0.42857142857142855,0.0,15,20,0.75,1,5,0,0,1,7,-4,1,3,Draw,2.996004
2023-2024,2023-09-24 00:00:00,Bournemouth,6,away,Brighton,1,3,-2,12,4,0.3333333333333333,0.08333333333333333,13,4,0.3076923076923077,0.23076923076923078,17,12,1.4166666666666667,3,3,0,0,4,4,-6,0,3,Loss,2.9940040000000003
2023-2024,2023-09-30 00:00:00,Bournemouth,7,home,Arsenal,0,4,-4,8,1,0.125,0.0,15,8,0.5333333333333333,0.26666666666666666,11,10,1.1,0,1,0,0,6,6,-10,0,3,Loss,2.9900010000000004
2023-2024,2023-10-07 00:00:00,Bournemouth,8,away,Everton,0,3,-3,11,4,0.36363636363636365,0.0,25,8,0.32,0.12,15,14,1.0714285714285714,2,1,0,0,7,8,-13,0,3,Loss,2.987004
2023-2024,2023-10-21 00:00:00,Bournemouth,9,home,Wolves,1,2,-1,7,4,0.5714285714285714,0.14285714285714285,20,7,0.35,0.1,15,10,1.5,2,6,1,0,3,12,-14,0,3,Loss,2.9860040000000003
2023-2024,2023-10-28 00:00:00,Bournemouth,10,home,Burnley,2,1,1,13,6,0.46153846153846156,0.15384615384615385,6,3,0.5,0.16666666666666666,9,12,0.75,2,3,0,0,10,5,-13,3,6,Win,5.987006
2023-2024,2023-11-04 00:00:00,Bournemouth,11,away,Man City,1,6,-5,5,1,0.2,0.2,21,8,0.38095238095238093,0.2857142857142857,9,8,1.125,1,0,0,0,1,12,-18,0,6,Loss,5.982001
2023-2024,2023-11-11 00:00:00,Bournemouth,12,home,Newcastle,2,0,2,19,10,0.5263157894736842,0.10526315789473684,8,5,0.625,0.0,10,4,2.5,2,1,0,0,6,5,-16,3,9,Win,8.98401
2023-2024,2023-11-25 00:00:00,Bournemouth,13,away,Sheffield United,3,1,2,23,11,0.4782608695652174,0.13043478260869565,10,2,0.2,0.1,8,6,1.3333333333333333,1,4,0,0,7,4,-14,3,12,Win,11.986011000000001
2023-2024,2023-12-03 00:00:00,Bournemouth,14,home,Aston Villa,2,2,0,15,7,0.4666666666666667,0.13333333333333333,11,3,0.2727272727272727,0.18181818181818182,16,12,1.3333333333333333,5,3,0,0,7,7,-14,1,13,Draw,12.986007
2023-2024,2023-12-06 00:00:00,Bournemouth,15,away,Crystal Palace,2,0,2,11,4,0.36363636363636365,0.18181818181818182,16,3,0.1875,0.0,17,10,1.7,3,1,0,0,9,3,-12,3,16,Win,15.988004
2023-2024,2023-12-09 00:00:00,Bournemouth,16,away,Man United,3,0,3,10,4,0.4,0.3,20,3,0.15,0.0,10,7,1.4285714285714286,1,3,0,0,4,10,-9,3,19,Win,18.991004
2023-2024,2023-12-23 00:00:00,Bournemouth,17,away,Nott'm Forest,3,2,1,18,7,0.3888888888888889,0.16666666666666666,11,5,0.45454545454545453,0.18181818181818182,10,10,1.0,3,0,0,1,6,6,-8,3,22,Win,21.992007
2023-2024,2023-12-26 00:00:00,Bournemouth,18,home,Fulham,3,0,3,16,4,0.25,0.1875,8,3,0.375,0.0,10,10,1.0,0,2,0,0,6,5,-5,3,25,Win,24.995004
2023-2024,2023-12-31 00:00:00,Bournemouth,19,away,Tottenham,1,3,-2,24,4,0.16666666666666666,0.041666666666666664,12,6,0.5,0.25,18,9,2.0,3,3,0,0,13,4,-7,0,25,Loss,24.993004
2023-2024,2024-01-21 00:00:00,Bournemouth,20,home,Liverpool,0,4,-4,11,1,0.09090909090909091,0.0,14,7,0.5,0.2857142857142857,9,12,0.75,1,2,0,0,8,5,-11,0,25,Loss,24.989001000000002
2023-2024,2024-02-01 00:00:00,Bournemouth,21,away,West Ham,1,1,0,9,4,0.4444444444444444,0.1111111111111111,9,3,0.3333333333333333,0.1111111111111111,11,13,0.8461538461538461,3,1,0,0,5,1,-11,1,26,Draw,25.989004
2023-2024,2024-02-04 00:00:00,Bournemouth,22,home,Nott'm Forest,1,1,0,9,2,0.2222222222222222,0.1111111111111111,8,6,0.75,0.125,19,12,1.5833333333333333,3,2,1,0,11,6,-11,1,27,Draw,26.989002
2023-2024,2024-02-10 00:00:00,Bournemouth,23,away,Fulham,1,3,-2,25,4,0.16,0.04,7,6,0.8571428571428571,0.42857142857142855,11,11,1.0,2,1,0,0,14,1,-13,0,27,Loss,26.987004
2023-2024,2024-02-17 00:00:00,Bournemouth,24,away,Newcastle,2,2,0,12,7,0.5833333333333334,0.16666666666666666,17,5,0.29411764705882354,0.11764705882352941,22,9,2.4444444444444446,3,1,0,0,2,4,-13,1,28,Draw,27.987007
2023-2024,2024-02-24 00:00:00,Bournemouth,25,home,Man City,0,1,-1,13,4,0.3076923076923077,0.0,15,6,0.4,0.06666666666666667,14,6,2.3333333333333335,2,2,0,0,3,8,-14,0,28,Loss,27.986004
2023-2024,2024-03-03 00:00:00,Bournemouth,26,away,Burnley,2,0,2,10,3,0.3,0.2,20,6,0.3,0.0,13,8,1.625,4,2,0,0,2,7,-12,3,31,Win,30.988003
2023-2024,2024-03-09 00:00:00,Bournemouth,27,home,Sheffield United,2,2,0,32,12,0.375,0.0625,13,9,0.6923076923076923,0.15384615384615385,12,11,1.0909090909090908,3,5,0,0,10,3,-12,1,32,Draw,31.988012
2023-2024,2024-03-13 00:00:00,Bournemouth,28,home,Luton,4,3,1,24,10,0.4166666666666667,0.16666666666666666,8,4,0.5,0.375,16,11,1.4545454545454546,1,2,0,0,11,3,-11,3,35,Win,34.98901
2023-2024,2024-03-30 00:00:00,Bournemouth,29,home,Everton,2,1,1,11,4,0.36363636363636365,0.18181818181818182,7,3,0.42857142857142855,0.14285714285714285,14,11,1.2727272727272727,1,2,0,0,9,8,-10,3,38,Win,37.990004
2023-2024,2024-04-02 00:00:00,Bournemouth,30,home,Crystal Palace,1,0,1,11,6,0.5454545454545454,0.09090909090909091,3,2,0.6666666666666666,0.0,13,14,0.9285714285714286,3,2,0,0,9,2,-9,3,41,Win,40.991006
2023-2024,2024-04-06 00:00:00,Bournemouth,31,away,Luton,1,2,-1,8,1,0.125,0.125,19,9,0.47368421052631576,0.10526315789473684,14,7,2.0,0,0,0,0,2,7,-10,0,41,Loss,40.990001
2023-2024,2024-04-13 00:00:00,Bournemouth,32,home,Man United,2,2,0,20,5,0.25,0.1,8,2,0.25,0.25,13,14,0.9285714285714286,4,0,0,0,7,2,-10,1,42,Draw,41.990005000000004
2023-2024,2024-04-21 00:00:00,Bournemouth,33,away,Aston Villa,1,3,-2,14,6,0.42857142857142855,0.07142857142857142,14,4,0.2857142857142857,0.21428571428571427,14,8,1.75,3,1,0,0,4,8,-12,0,42,Loss,41.988006
2023-2024,2024-04-24 00:00:00,Bournemouth,34,away,Wolves,1,0,1,21,6,0.2857142857142857,0.047619047619047616,15,4,0.26666666666666666,0.0,17,10,1.7,1,4,1,0,12,8,-11,3,45,Win,44.989005999999996
2023-2024,2024-04-28 00:00:00,Bournemouth,35,home,Brighton,3,0,3,15,6,0.4,0.2,13,1,0.07692307692307693,0.0,14,10,1.4,2,2,0,0,8,2,-8,3,48,Win,47.992005999999996
2023-2024,2024-05-04 00:00:00,Bournemouth,36,away,Arsenal,0,3,-3,7,2,0.2857142857142857,0.0,25,9,0.36,0.12,12,16,0.75,3,2,0,0,1,6,-11,0,48,Loss,47.989002
2023-2024,2024-05-11 00:00:00,Bournemouth,37,home,Brentford,1,2,-1,13,4,0.3076923076923077,0.07692307692307693,11,5,0.45454545454545453,0.18181818181818182,16,12,1.3333333333333333,2,2,0,0,3,8,-12,0,48,Loss,47.988004
2023-2024,2024-05-19 00:00:00,Bournemouth,38,away,Chelsea,1,2,-1,22,5,0.22727272727272727,0.045454545454545456,16,6,0.375,0.125,9,5,1.8,3,2,0,0,5,6,-13,0,48,Loss,47.987005
2023-2024,2023-08-13 00:00:00,Brentford,1,home,Tottenham,2,2,0,11,6,0.5454545454545454,0.18181818181818182,18,6,0.3333333333333333,0.1111111111111111,12,13,0.9230769230769231,1,4,0,0,3,6,0,1,1,Draw,1.000006
2023-2024,2023-08-19 00:00:00,Brentford,2,away,Fulham,3,0,3,17,8,0.47058823529411764,0.17647058823529413,10,2,0.2,0.0,12,13,0.9230769230769231,2,2,0,1,5,5,3,3,4,Win,4.003008
2023-2024,2023-08-26 00:00:00,Brentford,3,home,Crystal Palace,1,1,0,12,1,0.08333333333333333,0.08333333333333333,15,5,0.3333333333333333,0.06666666666666667,9,15,0.6,0,0,0,0,8,6,3,1,5,Draw,5.003001
2023-2024,2023-09-02 00:00:00,Brentford,4,home,Bournemouth,2,2,0,21,7,0.3333333333333333,0.09523809523809523,12,5,0.4166666666666667,0.16666666666666666,6,13,0.46153846153846156,1,2,0,0,5,2,3,1,6,Draw,6.003007
2023-2024,2023-09-16 00:00:00,Brentford,5,away,Newcastle,0,1,-1,11,2,0.18181818181818182,0.0,9,2,0.2222222222222222,0.1111111111111111,12,8,1.5,5,3,0,0,3,8,2,0,6,Loss,6.002002
2023-2024,2023-09-23 00:00:00,Brentford,6,home,Everton,1,3,-2,12,2,0.16666666666666666,0.08333333333333333,18,6,0.3333333333333333,0.16666666666666666,9,12,0.75,2,2,0,0,1,4,0,0,6,Loss,6.000002
2023-2024,2023-10-01 00:00:00,Brentford,7,away,Nott'm Forest,1,1,0,18,5,0.2777777777777778,0.05555555555555555,6,1,0.16666666666666666,0.16666666666666666,10,6,1.6666666666666667,2,1,0,1,11,1,0,1,7,Draw,7.000005
2023-2024,2023-10-07 00:00:00,Brentford,8,away,Man United,1,2,-1,11,3,0.2727272727272727,0.09090909090909091,21,8,0.38095238095238093,0.09523809523809523,17,10,1.7,5,0,0,0,5,7,-1,0,7,Loss,6.999003
2023-2024,2023-10-21 00:00:00,Brentford,9,home,Burnley,3,0,3,23,10,0.43478260869565216,0.13043478260869565,6,1,0.16666666666666666,0.0,14,12,1.1666666666666667,5,2,0,1,5,5,2,3,10,Win,10.00201
2023-2024,2023-10-28 00:00:00,Brentford,10,away,Chelsea,2,0,2,7,5,0.7142857142857143,0.2857142857142857,17,2,0.11764705882352941,0.0,7,12,0.5833333333333334,4,1,0,0,1,10,4,3,13,Win,13.004005
2023-2024,2023-11-04 00:00:00,Brentford,11,home,West Ham,3,2,1,16,4,0.25,0.1875,12,2,0.16666666666666666,0.16666666666666666,12,14,0.8571428571428571,1,4,0,0,4,3,5,3,16,Win,16.005004
2023-2024,2023-11-12 00:00:00,Brentford,12,away,Liverpool,0,3,-3,16,3,0.1875,0.0,17,10,0.5882352941176471,0.17647058823529413,12,16,0.75,2,1,0,0,8,6,2,0,16,Loss,16.002003
2023-2024,2023-11-25 00:00:00,Brentford,13,home,Arsenal,0,1,-1,9,3,0.3333333333333333,0.0,15,4,0.26666666666666666,0.06666666666666667,9,7,1.2857142857142858,1,1,0,0,1,8,1,0,16,Loss,16.001003
2023-2024,2023-12-02 00:00:00,Brentford,14,home,Luton,3,1,2,27,6,0.2222222222222222,0.1111111111111111,7,1,0.14285714285714285,0.14285714285714285,10,8,1.25,1,2,0,0,7,5,3,3,19,Win,19.003006
2023-2024,2023-12-06 00:00:00,Brentford,15,away,Brighton,1,2,-1,8,2,0.25,0.125,18,7,0.3888888888888889,0.1111111111111111,8,10,0.8,1,3,0,0,3,7,2,0,19,Loss,19.002001999999997
2023-2024,2023-12-09 00:00:00,Brentford,16,away,Sheffield United,0,1,-1,10,4,0.4,0.0,9,4,0.4444444444444444,0.1111111111111111,13,14,0.9285714285714286,1,5,0,0,4,3,1,0,19,Loss,19.001004000000002
2023-2024,2023-12-17 00:00:00,Brentford,17,home,Aston Villa,1,2,-1,4,3,0.75,0.25,15,5,0.3333333333333333,0.13333333333333333,19,6,3.1666666666666665,6,4,1,1,7,12,0,0,19,Loss,19.000003
2023-2024,2023-12-27 00:00:00,Brentford,18,home,Wolves,1,4,-3,14,4,0.2857142857142857,0.07142857142857142,11,5,0.45454545454545453,0.36363636363636365,5,14,0.35714285714285715,1,1,0,0,8,2,-3,0,19,Loss,18.997004
2023-2024,2023-12-30 00:00:00,Brentford,19,away,Crystal Palace,1,3,-2,9,4,0.4444444444444444,0.1111111111111111,13,6,0.46153846153846156,0.23076923076923078,10,14,0.7142857142857143,1,0,0,0,4,7,-5,0,19,Loss,18.995004
2023-2024,2024-01-20 00:00:00,Brentford,20,home,Nott'm Forest,3,2,1,11,5,0.45454545454545453,0.2727272727272727,12,3,0.25,0.16666666666666666,10,14,0.7142857142857143,1,3,0,0,6,4,-4,3,22,Win,21.996005
2023-2024,2024-01-31 00:00:00,Brentford,21,away,Tottenham,2,3,-1,9,5,0.5555555555555556,0.2222222222222222,19,5,0.2631578947368421,0.15789473684210525,15,13,1.1538461538461537,3,2,0,0,3,5,-5,0,22,Loss,21.995005000000003
2023-2024,2024-02-05 00:00:00,Brentford,22,home,Man City,1,3,-2,9,3,0.3333333333333333,0.1111111111111111,25,15,0.6,0.12,2,4,0.5,1,0,0,0,8,13,-7,0,22,Loss,21.993002999999998
2023-2024,2024-02-10 00:00:00,Brentford,23,away,Wolves,2,0,2,9,6,0.6666666666666666,0.2222222222222222,17,5,0.29411764705882354,0.0,9,11,0.8181818181818182,3,2,0,0,4,7,-5,3,25,Win,24.995006
2023-2024,2024-02-17 00:00:00,Brentford,24,home,Liverpool,1,4,-3,15,6,0.4,0.06666666666666667,15,8,0.5333333333333333,0.26666666666666666,4,18,0.2222222222222222,2,1,0,0,1,6,-8,0,25,Loss,24.992006
2023-2024,2024-02-20 00:00:00,Brentford,25,away,Man City,0,1,-1,6,2,0.3333333333333333,0.0,25,11,0.44,0.04,6,12,0.5,4,2,0,0,1,10,-9,0,25,Loss,24.991001999999998
2023-2024,2024-02-26 00:00:00,Brentford,26,away,West Ham,2,4,-2,14,8,0.5714285714285714,0.14285714285714285,17,6,0.35294117647058826,0.23529411764705882,9,5,1.8,2,1,0,0,7,1,-11,0,25,Loss,24.989008000000002
2023-2024,2024-03-02 00:00:00,Brentford,27,home,Chelsea,2,2,0,14,5,0.35714285714285715,0.14285714285714285,17,6,0.35294117647058826,0.11764705882352941,10,9,1.1111111111111112,3,1,0,0,0,6,-11,1,26,Draw,25.989005000000002
2023-2024,2024-03-09 00:00:00,Brentford,28,away,Arsenal,1,2,-1,9,4,0.4444444444444444,0.1111111111111111,17,6,0.35294117647058826,0.11764705882352941,10,9,1.1111111111111112,4,2,0,0,4,10,-12,0,26,Loss,25.988004
2023-2024,2024-03-16 00:00:00,Brentford,29,away,Burnley,1,2,-1,9,5,0.5555555555555556,0.1111111111111111,17,6,0.35294117647058826,0.11764705882352941,17,14,1.2142857142857142,4,2,1,0,4,5,-13,0,26,Loss,25.987005
2023-2024,2024-03-30 00:00:00,Brentford,30,home,Man United,1,1,0,31,5,0.16129032258064516,0.03225806451612903,11,5,0.45454545454545453,0.09090909090909091,7,14,0.5,2,2,0,0,14,4,-13,1,27,Draw,26.987005
2023-2024,2024-04-03 00:00:00,Brentford,31,home,Brighton,0,0,0,5,2,0.4,0.0,24,6,0.25,0.0,9,12,0.75,1,1,0,0,1,5,-13,1,28,Draw,27.987001999999997
2023-2024,2024-04-06 00:00:00,Brentford,32,away,Aston Villa,3,3,0,8,3,0.375,0.375,11,3,0.2727272727272727,0.2727272727272727,11,15,0.7333333333333333,2,2,0,0,3,11,-13,1,29,Draw,28.987002999999998
2023-2024,2024-04-13 00:00:00,Brentford,33,home,Sheffield United,2,0,2,9,5,0.5555555555555556,0.2222222222222222,8,2,0.25,0.0,8,11,0.7272727272727273,3,1,0,0,3,6,-11,3,32,Win,31.989005000000002
2023-2024,2024-04-20 00:00:00,Brentford,34,away,Luton,5,1,4,21,9,0.42857142857142855,0.23809523809523808,6,3,0.5,0.16666666666666666,9,13,0.6923076923076923,2,1,0,0,9,4,-7,3,35,Win,34.993009
2023-2024,2024-04-27 00:00:00,Brentford,35,away,Everton,0,1,-1,10,4,0.4,0.0,18,1,0.05555555555555555,0.05555555555555555,12,10,1.2,2,1,0,0,6,6,-8,0,35,Loss,34.992003999999994
2023-2024,2024-05-04 00:00:00,Brentford,36,home,Fulham,0,0,0,7,3,0.42857142857142855,0.0,15,3,0.2,0.0,3,6,0.5,1,1,0,0,7,6,-8,1,36,Draw,35.992003
2023-2024,2024-05-11 00:00:00,Brentford,37,away,Bournemouth,2,1,1,11,5,0.45454545454545453,0.18181818181818182,13,4,0.3076923076923077,0.07692307692307693,12,16,0.75,2,2,0,0,8,3,-7,3,39,Win,38.993005000000004
2023-2024,2024-05-19 00:00:00,Brentford,38,home,Newcastle,2,4,-2,10,5,0.5,0.2,12,7,0.5833333333333334,0.3333333333333333,15,11,1.3636363636363635,4,4,0,0,3,0,-9,0,39,Loss,38.991005
2023-2024,2023-08-12 00:00:00,Brighton,1,home,Luton,4,1,3,27,12,0.4444444444444444,0.14814814814814814,9,3,0.3333333333333333,0.1111111111111111,11,12,0.9166666666666666,2,2,0,0,6,7,3,3,3,Win,3.003012
2023-2024,2023-08-19 00:00:00,Brighton,2,away,Wolves,4,1,3,16,8,0.5,0.25,16,5,0.3125,0.0625,11,14,0.7857142857142857,6,3,0,1,3,5,6,3,6,Win,6.0060080000000005
2023-2024,2023-08-26 00:00:00,Brighton,3,home,West Ham,1,3,-2,25,10,0.4,0.04,12,3,0.25,0.25,10,9,1.1111111111111112,1,3,0,0,17,4,4,0,6,Loss,6.004009999999999
2023-2024,2023-09-02 00:00:00,Brighton,4,home,Newcastle,3,1,2,15,6,0.4,0.2,9,2,0.2222222222222222,0.1111111111111111,14,17,0.8235294117647058,4,4,0,0,5,3,6,3,9,Win,9.006006000000001
2023-2024,2023-09-16 00:00:00,Brighton,5,away,Man United,3,1,2,10,8,0.8,0.3,14,4,0.2857142857142857,0.07142857142857142,9,8,1.125,2,2,0,0,1,8,8,3,12,Win,12.008007999999998
2023-2024,2023-09-24 00:00:00,Brighton,6,home,Bournemouth,3,1,2,13,4,0.3076923076923077,0.23076923076923078,12,4,0.3333333333333333,0.08333333333333333,12,17,0.7058823529411765,3,3,0,0,4,4,10,3,15,Win,15.010004
2023-2024,2023-09-30 00:00:00,Brighton,7,away,Aston Villa,1,6,-5,11,3,0.2727272727272727,0.09090909090909091,19,9,0.47368421052631576,0.3157894736842105,21,19,1.105263157894737,4,4,0,0,3,1,5,0,15,Loss,15.005003
2023-2024,2023-10-08 00:00:00,Brighton,8,home,Liverpool,2,2,0,14,3,0.21428571428571427,0.14285714285714285,14,4,0.2857142857142857,0.14285714285714285,12,20,0.6,1,2,0,0,8,1,5,1,16,Draw,16.005003
2023-2024,2023-10-21 00:00:00,Brighton,9,away,Man City,1,2,-1,5,3,0.6,0.2,10,6,0.6,0.2,11,9,1.2222222222222223,2,2,0,1,2,2,4,0,16,Loss,16.004003
2023-2024,2023-10-29 00:00:00,Brighton,10,home,Fulham,1,1,0,18,7,0.3888888888888889,0.05555555555555555,10,5,0.5,0.1,12,8,1.5,0,3,0,0,7,3,4,1,17,Draw,17.004007
2023-2024,2023-11-04 00:00:00,Brighton,11,away,Everton,1,1,0,7,2,0.2857142857142857,0.14285714285714285,10,4,0.4,0.1,5,15,0.3333333333333333,2,4,0,0,3,3,4,1,18,Draw,18.004002
2023-2024,2023-11-12 00:00:00,Brighton,12,home,Sheffield United,1,1,0,11,6,0.5454545454545454,0.09090909090909091,9,1,0.1111111111111111,0.1111111111111111,13,16,0.8125,3,2,1,0,6,3,4,1,19,Draw,19.004006
2023-2024,2023-11-25 00:00:00,Brighton,13,away,Nott'm Forest,3,2,1,11,5,0.45454545454545453,0.2727272727272727,18,5,0.2777777777777778,0.1111111111111111,7,12,0.5833333333333334,4,2,1,0,4,6,5,3,22,Win,22.005005
2023-2024,2023-12-03 00:00:00,Brighton,14,away,Chelsea,2,3,-1,18,9,0.5,0.1111111111111111,8,5,0.625,0.375,12,16,0.75,5,3,0,1,8,5,4,0,22,Loss,22.004009
2023-2024,2023-12-06 00:00:00,Brighton,15,home,Brentford,2,1,1,18,7,0.3888888888888889,0.1111111111111111,8,2,0.25,0.125,10,8,1.25,3,1,0,0,7,3,5,3,25,Win,25.005007
2023-2024,2023-12-09 00:00:00,Brighton,16,home,Burnley,1,1,0,29,11,0.3793103448275862,0.034482758620689655,6,3,0.5,0.16666666666666666,5,8,0.625,0,4,0,0,9,1,5,1,26,Draw,26.005011
2023-2024,2023-12-17 00:00:00,Brighton,17,away,Arsenal,0,2,-2,6,1,0.16666666666666666,0.0,26,9,0.34615384615384615,0.07692307692307693,9,11,0.8181818181818182,3,1,0,0,1,10,3,0,26,Loss,26.003001
2023-2024,2023-12-21 00:00:00,Brighton,18,away,Crystal Palace,1,1,0,18,6,0.3333333333333333,0.05555555555555555,11,3,0.2727272727272727,0.09090909090909091,11,12,0.9166666666666666,2,5,0,0,1,3,3,1,27,Draw,27.003006
2023-2024,2023-12-28 00:00:00,Brighton,19,home,Tottenham,4,2,2,15,9,0.6,0.26666666666666666,19,3,0.15789473684210525,0.10526315789473684,18,6,3.0,3,2,0,0,7,6,5,3,30,Win,30.005008999999998
2023-2024,2024-01-02 00:00:00,Brighton,20,away,West Ham,0,0,0,22,8,0.36363636363636365,0.0,6,2,0.3333333333333333,0.0,6,4,1.5,0,1,0,0,0,2,5,1,31,Draw,31.005008
2023-2024,2024-01-22 00:00:00,Brighton,21,home,Wolves,0,0,0,11,4,0.36363636363636365,0.0,8,3,0.375,0.0,10,13,0.7692307692307693,1,4,0,0,8,2,5,1,32,Draw,32.005004
2023-2024,2024-01-30 00:00:00,Brighton,22,away,Luton,0,4,-4,9,2,0.2222222222222222,0.0,18,8,0.4444444444444444,0.2222222222222222,14,13,1.0769230769230769,2,2,0,0,4,7,1,0,32,Loss,32.001002
2023-2024,2024-02-03 00:00:00,Brighton,23,home,Crystal Palace,4,1,3,13,6,0.46153846153846156,0.3076923076923077,7,5,0.7142857142857143,0.14285714285714285,8,14,0.5714285714285714,1,3,0,0,3,2,4,3,35,Win,35.004006
2023-2024,2024-02-10 00:00:00,Brighton,24,away,Tottenham,1,2,-1,6,3,0.5,0.16666666666666666,16,6,0.375,0.125,13,14,0.9285714285714286,3,2,0,0,6,9,3,0,35,Loss,35.003003
2023-2024,2024-02-18 00:00:00,Brighton,25,away,Sheffield United,5,0,5,24,10,0.4166666666666667,0.20833333333333334,6,1,0.16666666666666666,0.0,5,3,1.6666666666666667,4,1,0,1,10,5,8,3,38,Win,38.008010000000006
2023-2024,2024-02-24 00:00:00,Brighton,26,home,Everton,1,1,0,23,7,0.30434782608695654,0.043478260869565216,6,3,0.5,0.16666666666666666,9,14,0.6428571428571429,2,3,1,0,11,3,8,1,39,Draw,39.008007
2023-2024,2024-03-02 00:00:00,Brighton,27,away,Fulham,0,3,-3,15,5,0.3333333333333333,0.0,12,5,0.4166666666666667,0.25,10,16,0.625,2,1,0,0,6,2,5,0,39,Loss,39.005005000000004
2023-2024,2024-03-10 00:00:00,Brighton,28,home,Nott'm Forest,1,0,1,10,3,0.3,0.1,9,4,0.4444444444444444,0.0,14,14,1.0,4,4,0,0,6,3,6,3,42,Win,42.006003
2023-2024,2024-03-31 00:00:00,Brighton,29,away,Liverpool,1,2,-1,9,3,0.3333333333333333,0.1111111111111111,30,8,0.26666666666666666,0.06666666666666667,6,20,0.3,3,5,0,0,4,8,5,0,42,Loss,42.005003
2023-2024,2024-04-03 00:00:00,Brighton,30,away,Brentford,0,0,0,24,6,0.25,0.0,5,2,0.4,0.0,12,9,1.3333333333333333,1,1,0,0,5,1,5,1,43,Draw,43.005006
2023-2024,2024-04-06 00:00:00,Brighton,31,home,Arsenal,0,3,-3,10,2,0.2,0.0,20,7,0.35,0.15,14,13,1.0769230769230769,1,2,0,0,8,7,2,0,43,Loss,43.002002000000005
2023-2024,2024-04-13 00:00:00,Brighton,32,away,Burnley,1,1,0,20,8,0.4,0.05,11,3,0.2727272727272727,0.09090909090909091,8,18,0.4444444444444444,2,1,0,0,5,4,2,1,44,Draw,44.002008000000004
2023-2024,2024-04-25 00:00:00,Brighton,33,home,Man City,0,4,-4,7,3,0.42857142857142855,0.0,14,6,0.42857142857142855,0.2857142857142857,10,3,3.3333333333333335,2,0,0,0,4,4,-2,0,44,Loss,43.998003
2023-2024,2024-04-28 00:00:00,Brighton,34,away,Bournemouth,0,3,-3,13,1,0.07692307692307693,0.0,15,6,0.4,0.2,10,14,0.7142857142857143,2,2,0,0,2,8,-5,0,44,Loss,43.995000999999995
2023-2024,2024-05-05 00:00:00,Brighton,35,home,Aston Villa,1,0,1,15,8,0.5333333333333333,0.06666666666666667,2,1,0.5,0.0,13,10,1.3,2,1,0,0,7,3,-4,3,47,Win,46.996008
2023-2024,2024-05-11 00:00:00,Brighton,36,away,Newcastle,1,1,0,15,4,0.26666666666666666,0.06666666666666667,18,7,0.3888888888888889,0.05555555555555555,16,9,1.7777777777777777,4,3,0,0,4,8,-4,1,48,Draw,47.996004
2023-2024,2024-05-15 00:00:00,Brighton,37,home,Chelsea,1,2,-1,12,2,0.16666666666666666,0.08333333333333333,13,6,0.46153846153846156,0.15384615384615385,13,14,0.9285714285714286,2,2,0,1,4,6,-5,0,48,Loss,47.995002
2023-2024,2024-05-19 00:00:00,Brighton,38,home,Man United,0,2,-2,17,3,0.17647058823529413,0.0,11,4,0.36363636363636365,0.18181818181818182,10,9,1.1111111111111112,1,3,0,0,7,5,-7,0,48,Loss,47.993003
2023-2024,2023-08-11 00:00:00,Burnley,1,home,Man City,0,3,-3,6,1,0.16666666666666666,0.0,17,8,0.47058823529411764,0.17647058823529413,11,8,1.375,0,0,1,0,6,5,-3,0,0,Loss,-0.002999
2023-2024,2023-08-27 00:00:00,Burnley,2,home,Aston Villa,1,3,-2,9,2,0.2222222222222222,0.1111111111111111,16,6,0.375,0.1875,12,11,1.0909090909090908,2,0,0,0,4,6,-5,0,0,Loss,-0.004998
2023-2024,2023-09-02 00:00:00,Burnley,3,home,Tottenham,2,5,-3,16,4,0.25,0.125,20,10,0.5,0.25,15,9,1.6666666666666667,4,3,0,0,7,4,-8,0,0,Loss,-0.007996
2023-2024,2023-09-18 00:00:00,Burnley,4,away,Nott'm Forest,1,1,0,10,3,0.3,0.1,14,4,0.2857142857142857,0.07142857142857142,10,16,0.625,3,2,1,0,4,5,-8,1,1,Draw,0.992003
2023-2024,2023-09-23 00:00:00,Burnley,5,home,Man United,0,1,-1,12,4,0.3333333333333333,0.0,11,4,0.36363636363636365,0.09090909090909091,6,12,0.5,1,2,0,0,9,5,-9,0,1,Loss,0.991004
2023-2024,2023-09-30 00:00:00,Burnley,6,away,Newcastle,0,2,-2,8,2,0.25,0.0,20,8,0.4,0.1,15,7,2.142857142857143,3,1,0,0,3,5,-11,0,1,Loss,0.9890019999999999
2023-2024,2023-10-03 00:00:00,Burnley,7,away,Luton,2,1,1,14,4,0.2857142857142857,0.14285714285714285,18,3,0.16666666666666666,0.05555555555555555,6,14,0.42857142857142855,2,4,0,0,6,7,-10,3,4,Win,3.9900040000000003
2023-2024,2023-10-07 00:00:00,Burnley,8,home,Chelsea,1,4,-3,10,3,0.3,0.1,9,5,0.5555555555555556,0.4444444444444444,11,8,1.375,2,4,0,0,7,3,-13,0,4,Loss,3.987003
2023-2024,2023-10-21 00:00:00,Burnley,9,away,Brentford,0,3,-3,6,1,0.16666666666666666,0.0,23,10,0.43478260869565216,0.13043478260869565,12,14,0.8571428571428571,2,5,1,0,5,5,-16,0,4,Loss,3.984001
2023-2024,2023-10-28 00:00:00,Burnley,10,away,Bournemouth,1,2,-1,6,3,0.5,0.16666666666666666,13,6,0.46153846153846156,0.15384615384615385,12,9,1.3333333333333333,3,2,0,0,5,10,-17,0,4,Loss,3.983003
2023-2024,2023-11-04 00:00:00,Burnley,11,home,Crystal Palace,0,2,-2,17,5,0.29411764705882354,0.0,4,3,0.75,0.5,9,12,0.75,0,5,0,0,12,1,-19,0,4,Loss,3.9810049999999997
2023-2024,2023-11-11 00:00:00,Burnley,12,away,Arsenal,1,3,-2,8,5,0.625,0.125,16,6,0.375,0.1875,9,8,1.125,1,0,0,1,3,3,-21,0,4,Loss,3.979005
2023-2024,2023-11-25 00:00:00,Burnley,13,home,West Ham,1,2,-1,11,5,0.45454545454545453,0.09090909090909091,11,3,0.2727272727272727,0.18181818181818182,11,7,1.5714285714285714,1,3,0,0,4,5,-22,0,4,Loss,3.978005
2023-2024,2023-12-02 00:00:00,Burnley,14,home,Sheffield United,5,0,5,19,7,0.3684210526315789,0.2631578947368421,6,3,0.5,0.0,9,12,0.75,2,5,0,1,6,1,-17,3,7,Win,6.983007
2023-2024,2023-12-05 00:00:00,Burnley,15,away,Wolves,0,1,-1,12,3,0.25,0.0,7,4,0.5714285714285714,0.14285714285714285,15,11,1.3636363636363635,4,2,0,0,8,6,-18,0,7,Loss,6.982003000000001
2023-2024,2023-12-09 00:00:00,Burnley,16,away,Brighton,1,1,0,6,3,0.5,0.16666666666666666,29,11,0.3793103448275862,0.034482758620689655,8,5,1.6,4,0,0,0,1,9,-18,1,8,Draw,7.982003000000001
2023-2024,2023-12-16 00:00:00,Burnley,17,home,Everton,0,2,-2,14,2,0.14285714285714285,0.0,9,6,0.6666666666666666,0.2222222222222222,9,8,1.125,0,1,0,0,8,6,-20,0,8,Loss,7.980002000000001
2023-2024,2023-12-23 00:00:00,Burnley,18,away,Fulham,2,0,2,7,2,0.2857142857142857,0.2857142857142857,19,5,0.2631578947368421,0.0,17,5,3.4,1,2,0,0,6,8,-18,3,11,Win,10.982002
2023-2024,2023-12-26 00:00:00,Burnley,19,home,Liverpool,0,2,-2,9,0,0.0,0.0,19,10,0.5263157894736842,0.10526315789473684,7,10,0.7,2,1,0,0,4,4,-20,0,11,Loss,10.98
2023-2024,2023-12-30 00:00:00,Burnley,20,away,Aston Villa,2,3,-1,9,5,0.5555555555555556,0.2222222222222222,19,7,0.3684210526315789,0.15789473684210525,14,9,1.5555555555555556,1,4,1,0,2,6,-21,0,11,Loss,10.979004999999999
2023-2024,2024-01-12 00:00:00,Burnley,21,home,Luton,1,1,0,13,7,0.5384615384615384,0.07692307692307693,14,5,0.35714285714285715,0.07142857142857142,7,12,0.5833333333333334,1,0,0,0,2,8,-21,1,12,Draw,11.979007
2023-2024,2024-01-31 00:00:00,Burnley,22,away,Man City,1,3,-2,8,3,0.375,0.125,14,4,0.2857142857142857,0.21428571428571427,13,3,4.333333333333333,2,2,0,0,3,7,-23,0,12,Loss,11.977003
2023-2024,2024-02-03 00:00:00,Burnley,23,home,Fulham,2,2,0,12,4,0.3333333333333333,0.16666666666666666,15,7,0.4666666666666667,0.13333333333333333,11,7,1.5714285714285714,2,2,0,0,2,13,-23,1,13,Draw,12.977004
2023-2024,2024-02-10 00:00:00,Burnley,24,away,Liverpool,1,3,-2,9,4,0.4444444444444444,0.1111111111111111,25,10,0.4,0.12,13,11,1.1818181818181819,2,3,0,0,3,9,-25,0,13,Loss,12.975004
2023-2024,2024-02-17 00:00:00,Burnley,25,home,Arsenal,0,5,-5,8,0,0.0,0.0,16,7,0.4375,0.3125,11,8,1.375,2,1,0,0,4,6,-30,0,13,Loss,12.97
2023-2024,2024-02-24 00:00:00,Burnley,26,away,Crystal Palace,0,3,-3,2,0,0.0,0.0,15,6,0.4,0.2,13,8,1.625,1,3,1,0,3,12,-33,0,13,Loss,12.967
2023-2024,2024-03-03 00:00:00,Burnley,27,home,Bournemouth,0,2,-2,20,6,0.3,0.0,10,3,0.3,0.2,8,13,0.6153846153846154,2,4,0,0,7,2,-35,0,13,Loss,12.965006
2023-2024,2024-03-10 00:00:00,Burnley,28,away,West Ham,2,2,0,11,4,0.36363636363636365,0.18181818181818182,22,4,0.18181818181818182,0.09090909090909091,18,11,1.6363636363636365,4,2,0,0,4,4,-35,1,14,Draw,13.965004
2023-2024,2024-03-16 00:00:00,Burnley,29,home,Brentford,2,1,1,17,6,0.35294117647058826,0.11764705882352941,9,5,0.5555555555555556,0.1111111111111111,14,17,0.8235294117647058,2,4,0,1,5,4,-34,3,17,Win,16.966006
2023-2024,2024-03-30 00:00:00,Burnley,30,away,Chelsea,2,2,0,18,7,0.3888888888888889,0.1111111111111111,33,13,0.3939393939393939,0.06060606060606061,7,12,0.5833333333333334,2,2,1,0,4,12,-34,1,18,Draw,17.966007
2023-2024,2024-04-02 00:00:00,Burnley,31,home,Wolves,1,1,0,13,6,0.46153846153846156,0.07692307692307693,8,2,0.25,0.125,10,12,0.8333333333333334,0,2,0,0,7,4,-34,1,19,Draw,18.966006
2023-2024,2024-04-06 00:00:00,Burnley,32,away,Everton,0,1,-1,6,1,0.16666666666666666,0.0,12,3,0.25,0.08333333333333333,13,11,1.1818181818181819,1,2,1,0,5,3,-35,0,19,Loss,18.965001
2023-2024,2024-04-13 00:00:00,Burnley,33,home,Brighton,1,1,0,11,3,0.2727272727272727,0.09090909090909091,20,8,0.4,0.05,18,8,2.25,1,2,0,0,4,5,-35,1,20,Draw,19.965003
2023-2024,2024-04-20 00:00:00,Burnley,34,away,Sheffield United,4,1,3,16,9,0.5625,0.25,18,11,0.6111111111111112,0.05555555555555555,9,10,0.9,0,1,0,0,2,11,-32,3,23,Win,22.968009
2023-2024,2024-04-27 00:00:00,Burnley,35,away,Man United,1,1,0,16,7,0.4375,0.0625,27,10,0.37037037037037035,0.037037037037037035,11,7,1.5714285714285714,3,1,0,0,5,6,-32,1,24,Draw,23.968007
2023-2024,2024-05-04 00:00:00,Burnley,36,home,Newcastle,1,4,-3,17,5,0.29411764705882354,0.058823529411764705,23,11,0.4782608695652174,0.17391304347826086,8,8,1.0,2,2,0,0,4,11,-35,0,24,Loss,23.965005
2023-2024,2024-05-11 00:00:00,Burnley,37,away,Tottenham,1,2,-1,7,3,0.42857142857142855,0.14285714285714285,21,9,0.42857142857142855,0.09523809523809523,14,10,1.4,5,3,0,0,3,9,-36,0,24,Loss,23.964002999999998
2023-2024,2024-05-19 00:00:00,Burnley,38,home,Nott'm Forest,1,2,-1,20,3,0.15,0.05,12,6,0.5,0.16666666666666666,11,5,2.2,1,0,0,0,4,3,-37,0,24,Loss,23.963003
2023-2024,2023-08-13 00:00:00,Chelsea,1,home,Liverpool,1,1,0,10,4,0.4,0.1,13,1,0.07692307692307693,0.07692307692307693,5,12,0.4166666666666667,3,3,0,0,4,4,0,1,1,Draw,1.000004
2023-2024,2023-08-20 00:00:00,Chelsea,2,away,West Ham,1,3,-2,17,4,0.23529411764705882,0.058823529411764705,12,6,0.5,0.25,9,12,0.75,3,2,0,1,9,3,-2,0,1,Loss,0.998004
2023-2024,2023-08-25 00:00:00,Chelsea,3,home,Luton,3,0,3,19,8,0.42105263157894735,0.15789473684210525,11,1,0.09090909090909091,0.0,15,12,1.25,2,3,0,0,6,4,1,3,4,Win,4.001008000000001
2023-2024,2023-09-02 00:00:00,Chelsea,4,home,Nott'm Forest,0,1,-1,21,2,0.09523809523809523,0.0,7,3,0.42857142857142855,0.14285714285714285,10,9,1.1111111111111112,3,4,0,0,8,0,0,0,4,Loss,4.000002
2023-2024,2023-09-17 00:00:00,Chelsea,5,away,Bournemouth,0,0,0,14,6,0.42857142857142855,0.0,13,4,0.3076923076923077,0.0,20,15,1.3333333333333333,5,1,0,0,7,1,0,1,5,Draw,5.000006
2023-2024,2023-09-24 00:00:00,Chelsea,6,home,Aston Villa,0,1,-1,10,4,0.4,0.0,15,7,0.4666666666666667,0.06666666666666667,9,11,0.8181818181818182,2,3,0,0,5,11,-1,0,5,Loss,4.999003999999999
2023-2024,2023-10-02 00:00:00,Chelsea,7,away,Fulham,2,0,2,11,4,0.36363636363636365,0.18181818181818182,10,3,0.3,0.0,12,15,0.8,4,1,0,0,1,8,1,3,8,Win,8.001004
2023-2024,2023-10-07 00:00:00,Chelsea,8,away,Burnley,4,1,3,9,5,0.5555555555555556,0.4444444444444444,10,3,0.3,0.1,8,11,0.7272727272727273,4,2,0,0,3,7,4,3,11,Win,11.004005
2023-2024,2023-10-21 00:00:00,Chelsea,9,home,Arsenal,2,2,0,11,5,0.45454545454545453,0.18181818181818182,13,3,0.23076923076923078,0.15384615384615385,7,14,0.5,3,3,0,0,2,7,4,1,12,Draw,12.004005
2023-2024,2023-10-28 00:00:00,Chelsea,10,home,Brentford,0,2,-2,17,2,0.11764705882352941,0.0,7,5,0.7142857142857143,0.2857142857142857,12,7,1.7142857142857142,1,4,0,0,10,1,2,0,12,Loss,12.002002000000001
2023-2024,2023-11-06 00:00:00,Chelsea,11,away,Tottenham,4,1,3,17,8,0.47058823529411764,0.23529411764705882,8,5,0.625,0.125,21,12,1.75,5,1,0,2,6,1,5,3,15,Win,15.005008
2023-2024,2023-11-12 00:00:00,Chelsea,12,home,Man City,4,4,0,17,9,0.5294117647058824,0.23529411764705882,15,10,0.6666666666666666,0.26666666666666666,12,15,0.8,5,3,0,0,3,3,5,1,16,Draw,16.005008999999998
2023-2024,2023-11-25 00:00:00,Chelsea,13,away,Newcastle,1,4,-3,7,4,0.5714285714285714,0.14285714285714285,14,5,0.35714285714285715,0.2857142857142857,19,13,1.4615384615384615,4,4,1,0,2,4,2,0,16,Loss,16.002004
2023-2024,2023-12-03 00:00:00,Chelsea,14,home,Brighton,3,2,1,8,5,0.625,0.375,18,9,0.5,0.1111111111111111,16,12,1.3333333333333333,3,5,1,0,5,8,3,3,19,Win,19.003005
2023-2024,2023-12-06 00:00:00,Chelsea,15,away,Man United,1,2,-1,13,3,0.23076923076923078,0.07692307692307693,28,9,0.32142857142857145,0.07142857142857142,12,12,1.0,0,4,0,0,4,12,2,0,19,Loss,19.002003
2023-2024,2023-12-10 00:00:00,Chelsea,16,away,Everton,0,2,-2,16,4,0.25,0.0,9,5,0.5555555555555556,0.2222222222222222,12,12,1.0,2,2,0,0,8,4,0,0,19,Loss,19.000004
2023-2024,2023-12-16 00:00:00,Chelsea,17,home,Sheffield United,2,0,2,15,6,0.4,0.13333333333333333,6,1,0.16666666666666666,0.0,9,14,0.6428571428571429,1,3,0,0,7,6,2,3,22,Win,22.002005999999998
2023-2024,2023-12-24 00:00:00,Chelsea,18,away,Wolves,1,2,-1,16,5,0.3125,0.0625,14,6,0.42857142857142855,0.14285714285714285,9,11,0.8181818181818182,5,3,0,0,6,10,1,0,22,Loss,22.001005000000003
2023-2024,2023-12-27 00:00:00,Chelsea,19,home,Crystal Palace,2,1,1,9,4,0.4444444444444444,0.2222222222222222,13,5,0.38461538461538464,0.07692307692307693,13,16,0.8125,3,2,0,0,4,3,2,3,25,Win,25.002004
2023-2024,2023-12-30 00:00:00,Chelsea,20,away,Luton,3,2,1,12,8,0.6666666666666666,0.25,15,6,0.4,0.13333333333333333,21,14,1.5,2,2,0,0,2,7,3,3,28,Win,28.003008
2023-2024,2024-01-13 00:00:00,Chelsea,21,home,Fulham,1,0,1,17,3,0.17647058823529413,0.058823529411764705,14,4,0.2857142857142857,0.0,13,9,1.4444444444444444,5,1,0,0,6,4,4,3,31,Win,31.004003
2023-2024,2024-01-31 00:00:00,Chelsea,22,away,Liverpool,1,4,-3,4,3,0.75,0.25,28,13,0.4642857142857143,0.14285714285714285,16,15,1.0666666666666667,4,2,0,0,1,8,1,0,31,Loss,31.001003
2023-2024,2024-02-04 00:00:00,Chelsea,23,home,Wolves,2,4,-2,15,6,0.4,0.13333333333333333,14,7,0.5,0.2857142857142857,15,11,1.3636363636363635,3,2,0,0,10,1,-1,0,31,Loss,30.999005999999998
2023-2024,2024-02-12 00:00:00,Chelsea,24,away,Crystal Palace,3,1,2,14,5,0.35714285714285715,0.21428571428571427,13,4,0.3076923076923077,0.07692307692307693,7,14,0.5,2,2,0,0,7,1,1,3,34,Win,34.001005
2023-2024,2024-02-17 00:00:00,Chelsea,25,away,Man City,1,1,0,9,6,0.6666666666666666,0.1111111111111111,31,5,0.16129032258064516,0.03225806451612903,12,7,1.7142857142857142,3,1,0,0,1,12,1,1,35,Draw,35.001006
2023-2024,2024-03-02 00:00:00,Chelsea,26,away,Brentford,2,2,0,17,6,0.35294117647058826,0.11764705882352941,14,5,0.35714285714285715,0.14285714285714285,9,10,0.9,1,3,0,0,6,0,1,1,36,Draw,36.001006
2023-2024,2024-03-11 00:00:00,Chelsea,27,home,Newcastle,3,2,1,12,8,0.6666666666666666,0.25,11,3,0.2727272727272727,0.18181818181818182,12,7,1.7142857142857142,3,1,0,0,0,4,2,3,39,Win,39.002008000000004
2023-2024,2024-03-30 00:00:00,Chelsea,28,home,Burnley,2,2,0,33,13,0.3939393939393939,0.06060606060606061,18,7,0.3888888888888889,0.1111111111111111,12,7,1.7142857142857142,2,2,0,1,12,4,2,1,40,Draw,40.002013000000005
2023-2024,2024-04-04 00:00:00,Chelsea,29,home,Man United,4,3,1,28,10,0.35714285714285715,0.14285714285714285,19,5,0.2631578947368421,0.15789473684210525,7,15,0.4666666666666667,3,0,0,0,12,3,3,3,43,Win,43.00301
2023-2024,2024-04-07 00:00:00,Chelsea,30,away,Sheffield United,2,2,0,6,3,0.5,0.3333333333333333,11,6,0.5454545454545454,0.18181818181818182,10,12,0.8333333333333334,2,4,0,0,6,7,3,1,44,Draw,44.003003
2023-2024,2024-04-15 00:00:00,Chelsea,31,home,Everton,6,0,6,14,10,0.7142857142857143,0.42857142857142855,10,2,0.2,0.0,5,21,0.23809523809523808,1,4,0,0,4,8,9,3,47,Win,47.00901
2023-2024,2024-04-23 00:00:00,Chelsea,32,away,Arsenal,0,5,-5,7,1,0.14285714285714285,0.0,27,10,0.37037037037037035,0.18518518518518517,11,12,0.9166666666666666,2,2,0,0,2,4,4,0,47,Loss,47.004000999999995
2023-2024,2024-04-27 00:00:00,Chelsea,33,away,Aston Villa,2,2,0,21,5,0.23809523809523808,0.09523809523809523,9,4,0.4444444444444444,0.2222222222222222,14,13,1.0769230769230769,5,3,0,0,4,2,4,1,48,Draw,48.004005
2023-2024,2024-05-02 00:00:00,Chelsea,34,home,Tottenham,2,0,2,16,5,0.3125,0.125,19,3,0.15789473684210525,0.0,12,16,0.75,0,1,0,0,4,9,6,3,51,Win,51.006005
2023-2024,2024-05-05 00:00:00,Chelsea,35,home,West Ham,5,0,5,25,14,0.56,0.2,13,2,0.15384615384615385,0.0,12,10,1.2,1,3,0,0,8,6,11,3,54,Win,54.011014
2023-2024,2024-05-11 00:00:00,Chelsea,36,away,Nott'm Forest,3,2,1,12,5,0.4166666666666667,0.25,20,4,0.2,0.1,8,14,0.5714285714285714,3,2,0,0,6,5,12,3,57,Win,57.012005
2023-2024,2024-05-15 00:00:00,Chelsea,37,away,Brighton,2,1,1,13,6,0.46153846153846156,0.15384615384615385,12,2,0.16666666666666666,0.08333333333333333,14,13,1.0769230769230769,2,2,1,0,6,4,13,3,60,Win,60.013006
2023-2024,2024-05-19 00:00:00,Chelsea,38,home,Bournemouth,2,1,1,16,6,0.375,0.125,22,5,0.22727272727272727,0.045454545454545456,5,9,0.5555555555555556,2,3,0,0,6,5,14,3,63,Win,63.014006
2023-2024,2023-08-12 00:00:00,Crystal Palace,1,away,Sheffield United,1,0,1,24,8,0.3333333333333333,0.041666666666666664,8,1,0.125,0.0,11,18,0.6111111111111112,0,3,0,0,5,5,1,3,3,Win,3.0010079999999997
2023-2024,2023-08-21 00:00:00,Crystal Palace,2,home,Arsenal,0,1,-1,14,2,0.14285714285714285,0.0,14,3,0.21428571428571427,0.07142857142857142,14,10,1.4,2,1,0,1,1,8,0,0,3,Loss,3.000002
2023-2024,2023-08-26 00:00:00,Crystal Palace,3,away,Brentford,1,1,0,15,5,0.3333333333333333,0.06666666666666667,12,1,0.08333333333333333,0.08333333333333333,15,9,1.6666666666666667,0,0,0,0,6,8,0,1,4,Draw,4.000005
2023-2024,2023-09-03 00:00:00,Crystal Palace,4,home,Wolves,3,2,1,16,11,0.6875,0.1875,12,4,0.3333333333333333,0.16666666666666666,12,12,1.0,1,3,0,0,4,2,1,3,7,Win,7.001011
2023-2024,2023-09-16 00:00:00,Crystal Palace,5,away,Aston Villa,1,3,-2,6,3,0.5,0.16666666666666666,16,5,0.3125,0.1875,9,13,0.6923076923076923,3,5,0,0,2,4,-1,0,7,Loss,6.999003
2023-2024,2023-09-23 00:00:00,Crystal Palace,6,home,Fulham,0,0,0,7,3,0.42857142857142855,0.0,10,5,0.5,0.0,10,15,0.6666666666666666,3,2,0,0,3,2,-1,1,8,Draw,7.999003
2023-2024,2023-09-30 00:00:00,Crystal Palace,7,away,Man United,1,0,1,8,2,0.25,0.125,19,4,0.21052631578947367,0.0,8,10,0.8,2,3,0,0,4,10,0,3,11,Win,11.000002
2023-2024,2023-10-07 00:00:00,Crystal Palace,8,home,Nott'm Forest,0,0,0,8,2,0.25,0.0,16,5,0.3125,0.0,7,12,0.5833333333333334,0,1,0,0,3,7,0,1,12,Draw,12.000002
2023-2024,2023-10-21 00:00:00,Crystal Palace,9,away,Newcastle,0,4,-4,17,3,0.17647058823529413,0.0,10,7,0.7,0.4,12,7,1.7142857142857142,3,2,0,0,8,6,-4,0,12,Loss,11.996003
2023-2024,2023-10-27 00:00:00,Crystal Palace,10,home,Tottenham,1,2,-1,13,3,0.23076923076923078,0.07692307692307693,10,1,0.1,0.2,19,11,1.7272727272727273,2,1,0,0,11,2,-5,0,12,Loss,11.995002999999999
2023-2024,2023-11-04 00:00:00,Crystal Palace,11,away,Burnley,2,0,2,4,3,0.75,0.5,17,5,0.29411764705882354,0.0,12,9,1.3333333333333333,5,0,0,0,1,12,-3,3,15,Win,14.997003
2023-2024,2023-11-11 00:00:00,Crystal Palace,12,home,Everton,2,3,-1,13,4,0.3076923076923077,0.15384615384615385,8,4,0.5,0.375,9,18,0.5,1,4,0,0,9,2,-4,0,15,Loss,14.996004000000001
2023-2024,2023-11-25 00:00:00,Crystal Palace,13,away,Luton,1,2,-1,16,8,0.5,0.0625,8,3,0.375,0.25,12,15,0.8,1,6,0,0,5,4,-5,0,15,Loss,14.995007999999999
2023-2024,2023-12-03 00:00:00,Crystal Palace,14,away,West Ham,1,1,0,9,2,0.2222222222222222,0.1111111111111111,9,3,0.3333333333333333,0.1111111111111111,7,17,0.4117647058823529,0,2,0,0,3,2,-5,1,16,Draw,15.995002
2023-2024,2023-12-06 00:00:00,Crystal Palace,15,home,Bournemouth,0,2,-2,16,3,0.1875,0.0,11,4,0.36363636363636365,0.18181818181818182,10,17,0.5882352941176471,1,3,0,0,3,9,-7,0,16,Loss,15.993003
2023-2024,2023-12-09 00:00:00,Crystal Palace,16,home,Liverpool,1,2,-1,8,4,0.5,0.125,14,2,0.14285714285714285,0.14285714285714285,17,17,1.0,5,2,1,0,6,5,-8,0,16,Loss,15.992004000000001
2023-2024,2023-12-16 00:00:00,Crystal Palace,17,away,Man City,2,2,0,5,2,0.4,0.4,19,9,0.47368421052631576,0.10526315789473684,9,12,0.75,1,1,0,0,1,6,-8,1,17,Draw,16.992002
2023-2024,2023-12-21 00:00:00,Crystal Palace,18,home,Brighton,1,1,0,11,3,0.2727272727272727,0.09090909090909091,18,6,0.3333333333333333,0.05555555555555555,12,11,1.0909090909090908,5,2,0,0,3,1,-8,1,18,Draw,17.992003
2023-2024,2023-12-27 00:00:00,Crystal Palace,19,away,Chelsea,1,2,-1,13,5,0.38461538461538464,0.07692307692307693,9,4,0.4444444444444444,0.2222222222222222,16,13,1.2307692307692308,2,3,0,0,3,4,-9,0,18,Loss,17.991005
2023-2024,2023-12-30 00:00:00,Crystal Palace,20,home,Brentford,3,1,2,13,6,0.46153846153846156,0.23076923076923078,9,4,0.4444444444444444,0.1111111111111111,14,10,1.4,0,1,0,0,7,4,-7,3,21,Win,20.993005999999998
2023-2024,2024-01-20 00:00:00,Crystal Palace,21,away,Arsenal,0,5,-5,12,5,0.4166666666666667,0.0,21,6,0.2857142857142857,0.23809523809523808,12,8,1.5,0,0,0,0,7,6,-12,0,21,Loss,20.988005
2023-2024,2024-01-30 00:00:00,Crystal Palace,22,home,Sheffield United,3,2,1,12,4,0.3333333333333333,0.25,9,5,0.5555555555555556,0.2222222222222222,8,18,0.4444444444444444,1,4,0,0,11,1,-11,3,24,Win,23.989004
2023-2024,2024-02-03 00:00:00,Crystal Palace,23,away,Brighton,1,4,-3,7,5,0.7142857142857143,0.14285714285714285,13,6,0.46153846153846156,0.3076923076923077,14,8,1.75,3,1,0,0,2,3,-14,0,24,Loss,23.986005000000002
2023-2024,2024-02-12 00:00:00,Crystal Palace,24,home,Chelsea,1,3,-2,13,4,0.3076923076923077,0.07692307692307693,14,5,0.35714285714285715,0.21428571428571427,14,7,2.0,2,2,0,0,1,7,-16,0,24,Loss,23.984004000000002
2023-2024,2024-02-19 00:00:00,Crystal Palace,25,away,Everton,1,1,0,10,4,0.4,0.1,19,4,0.21052631578947367,0.05263157894736842,12,8,1.5,2,0,0,0,6,3,-16,1,25,Draw,24.984004000000002
2023-2024,2024-02-24 00:00:00,Crystal Palace,26,home,Burnley,3,0,3,15,6,0.4,0.2,2,0,0.0,0.0,8,13,0.6153846153846154,3,1,0,1,12,3,-13,3,28,Win,27.987005999999997
2023-2024,2024-03-02 00:00:00,Crystal Palace,27,away,Tottenham,1,3,-2,4,1,0.25,0.25,14,6,0.42857142857142855,0.21428571428571427,16,7,2.2857142857142856,2,1,0,0,1,11,-15,0,28,Loss,27.985001
2023-2024,2024-03-09 00:00:00,Crystal Palace,28,home,Luton,1,1,0,21,4,0.19047619047619047,0.047619047619047616,8,2,0.25,0.125,20,11,1.8181818181818181,2,3,0,0,8,6,-15,1,29,Draw,28.985004
2023-2024,2024-03-30 00:00:00,Crystal Palace,29,away,Nott'm Forest,1,1,0,10,3,0.3,0.1,12,5,0.4166666666666667,0.08333333333333333,12,14,0.8571428571428571,1,1,0,0,6,4,-15,1,30,Draw,29.985003
2023-2024,2024-04-02 00:00:00,Crystal Palace,30,away,Bournemouth,0,1,-1,3,2,0.6666666666666666,0.0,11,6,0.5454545454545454,0.09090909090909091,14,13,1.0769230769230769,2,3,0,0,2,9,-16,0,30,Loss,29.984002
2023-2024,2024-04-06 00:00:00,Crystal Palace,31,home,Man City,2,4,-2,7,4,0.5714285714285714,0.2857142857142857,18,8,0.4444444444444444,0.2222222222222222,13,3,4.333333333333333,1,1,0,0,2,9,-18,0,30,Loss,29.982004
2023-2024,2024-04-14 00:00:00,Crystal Palace,32,away,Liverpool,1,0,1,8,5,0.625,0.125,21,6,0.2857142857142857,0.0,10,10,1.0,1,1,0,0,1,11,-17,3,33,Win,32.983005
2023-2024,2024-04-21 00:00:00,Crystal Palace,33,home,West Ham,5,2,3,18,7,0.3888888888888889,0.2777777777777778,4,1,0.25,0.5,9,9,1.0,3,2,0,0,4,0,-14,3,36,Win,35.986006999999994
2023-2024,2024-04-24 00:00:00,Crystal Palace,34,home,Newcastle,2,0,2,20,7,0.35,0.1,7,2,0.2857142857142857,0.0,10,15,0.6666666666666666,3,3,0,0,7,2,-12,3,39,Win,38.988006999999996
2023-2024,2024-04-27 00:00:00,Crystal Palace,35,away,Fulham,1,1,0,14,4,0.2857142857142857,0.07142857142857142,9,2,0.2222222222222222,0.1111111111111111,15,11,1.3636363636363635,2,0,0,0,9,5,-12,1,40,Draw,39.988004
2023-2024,2024-05-06 00:00:00,Crystal Palace,36,home,Man United,4,0,4,18,10,0.5555555555555556,0.2222222222222222,7,2,0.2857142857142857,0.0,12,8,1.5,1,1,0,0,6,3,-8,3,43,Win,42.99201
2023-2024,2024-05-11 00:00:00,Crystal Palace,37,away,Wolves,3,1,2,13,3,0.23076923076923078,0.23076923076923078,13,7,0.5384615384615384,0.07692307692307693,12,13,0.9230769230769231,2,3,1,0,3,8,-6,3,46,Win,45.994003
2023-2024,2024-05-19 00:00:00,Crystal Palace,38,home,Aston Villa,5,0,5,15,9,0.6,0.3333333333333333,8,2,0.25,0.0,10,8,1.25,1,4,0,0,2,4,-1,3,49,Win,48.999009
2023-2024,2023-08-12 00:00:00,Everton,1,home,Fulham,0,1,-1,19,9,0.47368421052631576,0.0,9,2,0.2222222222222222,0.1111111111111111,12,6,2.0,0,2,0,0,10,4,-1,0,0,Loss,-0.0009910000000000001
2023-2024,2023-08-20 00:00:00,Everton,2,away,Aston Villa,0,4,-4,9,2,0.2222222222222222,0.0,13,7,0.5384615384615384,0.3076923076923077,12,8,1.5,4,3,0,0,6,7,-5,0,0,Loss,-0.004998
2023-2024,2023-08-26 00:00:00,Everton,3,home,Wolves,0,1,-1,15,7,0.4666666666666667,0.0,11,2,0.18181818181818182,0.09090909090909091,10,14,0.7142857142857143,3,4,0,0,7,0,-6,0,0,Loss,-0.005993
2023-2024,2023-09-02 00:00:00,Everton,4,away,Sheffield United,2,2,0,16,6,0.375,0.125,13,8,0.6153846153846154,0.15384615384615385,13,11,1.1818181818181819,2,1,0,0,6,4,-6,1,1,Draw,0.994006
2023-2024,2023-09-17 00:00:00,Everton,5,home,Arsenal,0,1,-1,8,1,0.125,0.0,13,4,0.3076923076923077,0.07692307692307693,12,10,1.2,1,1,0,0,1,11,-7,0,1,Loss,0.993001
2023-2024,2023-09-23 00:00:00,Everton,6,away,Brentford,3,1,2,18,6,0.3333333333333333,0.16666666666666666,12,2,0.16666666666666666,0.08333333333333333,12,9,1.3333333333333333,2,2,0,0,4,1,-5,3,4,Win,3.995006
2023-2024,2023-09-30 00:00:00,Everton,7,home,Luton,1,2,-1,23,5,0.21739130434782608,0.043478260869565216,9,2,0.2222222222222222,0.2222222222222222,8,10,0.8,0,1,0,0,3,6,-6,0,4,Loss,3.994005
2023-2024,2023-10-07 00:00:00,Everton,8,home,Bournemouth,3,0,3,25,8,0.32,0.12,11,4,0.36363636363636365,0.0,14,15,0.9333333333333333,1,2,0,0,8,7,-3,3,7,Win,6.997008
2023-2024,2023-10-21 00:00:00,Everton,9,away,Liverpool,0,2,-2,6,1,0.16666666666666666,0.0,26,6,0.23076923076923078,0.07692307692307693,9,9,1.0,1,1,1,0,4,12,-5,0,7,Loss,6.995001
2023-2024,2023-10-29 00:00:00,Everton,10,away,West Ham,1,0,1,10,4,0.4,0.1,12,2,0.16666666666666666,0.0,11,7,1.5714285714285714,1,4,0,0,3,4,-4,3,10,Win,9.996004000000001
2023-2024,2023-11-04 00:00:00,Everton,11,home,Brighton,1,1,0,10,4,0.4,0.1,7,2,0.2857142857142857,0.14285714285714285,15,5,3.0,4,2,0,0,3,3,-4,1,11,Draw,10.996004000000001
2023-2024,2023-11-11 00:00:00,Everton,12,away,Crystal Palace,3,2,1,8,4,0.5,0.375,13,4,0.3076923076923077,0.15384615384615385,18,9,2.0,4,1,0,0,2,9,-3,3,14,Win,13.997004
2023-2024,2023-11-26 00:00:00,Everton,13,home,Man United,0,3,-3,24,6,0.25,0.0,9,4,0.4444444444444444,0.3333333333333333,10,8,1.25,3,0,0,0,6,5,-6,0,14,Loss,13.994006
2023-2024,2023-12-02 00:00:00,Everton,14,away,Nott'm Forest,1,0,1,12,3,0.25,0.08333333333333333,13,2,0.15384615384615385,0.0,14,15,0.9333333333333333,0,1,0,0,3,4,-5,3,17,Win,16.995003
2023-2024,2023-12-07 00:00:00,Everton,15,home,Newcastle,3,0,3,21,6,0.2857142857142857,0.14285714285714285,13,3,0.23076923076923078,0.0,18,8,2.25,3,0,0,0,5,2,-2,3,20,Win,19.998006
2023-2024,2023-12-10 00:00:00,Everton,16,home,Chelsea,2,0,2,9,5,0.5555555555555556,0.2222222222222222,16,4,0.25,0.0,12,12,1.0,2,2,0,0,4,8,0,3,23,Win,23.000005
2023-2024,2023-12-16 00:00:00,Everton,17,away,Burnley,2,0,2,9,6,0.6666666666666666,0.2222222222222222,14,2,0.14285714285714285,0.0,8,9,0.8888888888888888,1,0,0,0,6,8,2,3,26,Win,26.002005999999998
2023-2024,2023-12-23 00:00:00,Everton,18,away,Tottenham,1,2,-1,18,8,0.4444444444444444,0.05555555555555555,13,6,0.46153846153846156,0.15384615384615385,18,6,3.0,4,1,0,0,8,3,1,0,26,Loss,26.001008000000002
2023-2024,2023-12-27 00:00:00,Everton,19,home,Man City,1,3,-2,7,2,0.2857142857142857,0.14285714285714285,23,9,0.391304347826087,0.13043478260869565,13,5,2.6,4,2,0,0,8,4,-1,0,26,Loss,25.999001999999997
2023-2024,2023-12-30 00:00:00,Everton,20,away,Wolves,0,3,-3,10,0,0.0,0.0,12,6,0.5,0.25,14,9,1.5555555555555556,3,2,0,0,2,5,-4,0,26,Loss,25.996
2023-2024,2024-01-14 00:00:00,Everton,21,home,Aston Villa,0,0,0,10,2,0.2,0.0,16,5,0.3125,0.0,13,14,0.9285714285714286,1,4,0,0,4,5,-4,1,27,Draw,26.996001999999997
2023-2024,2024-01-30 00:00:00,Everton,22,away,Fulham,0,0,0,21,4,0.19047619047619047,0.0,25,6,0.24,0.0,13,6,2.1666666666666665,2,1,0,0,6,15,-4,1,28,Draw,27.996004
2023-2024,2024-02-03 00:00:00,Everton,23,home,Tottenham,2,2,0,14,5,0.35714285714285715,0.14285714285714285,9,6,0.6666666666666666,0.2222222222222222,8,14,0.5714285714285714,3,0,0,0,9,5,-4,1,29,Draw,28.996005
2023-2024,2024-02-10 00:00:00,Everton,24,away,Man City,0,2,-2,5,1,0.2,0.0,19,3,0.15789473684210525,0.10526315789473684,11,6,1.8333333333333333,2,0,0,0,0,9,-6,0,29,Loss,28.994001
2023-2024,2024-02-19 00:00:00,Everton,25,home,Crystal Palace,1,1,0,19,4,0.21052631578947367,0.05263157894736842,10,4,0.4,0.1,8,12,0.6666666666666666,0,2,0,0,3,6,-6,1,30,Draw,29.994004
2023-2024,2024-02-24 00:00:00,Everton,26,away,Brighton,1,1,0,6,3,0.5,0.16666666666666666,23,7,0.30434782608695654,0.043478260869565216,14,9,1.5555555555555556,3,2,0,1,3,11,-6,1,31,Draw,30.994003
2023-2024,2024-03-02 00:00:00,Everton,27,home,West Ham,1,3,-2,22,11,0.5,0.045454545454545456,12,5,0.4166666666666667,0.25,9,6,1.5,1,2,0,0,4,5,-8,0,31,Loss,30.992011
2023-2024,2024-03-09 00:00:00,Everton,28,away,Man United,0,2,-2,23,6,0.2608695652173913,0.0,15,8,0.5333333333333333,0.13333333333333333,11,13,0.8461538461538461,2,1,0,0,8,5,-10,0,31,Loss,30.990005999999997
2023-2024,2024-03-30 00:00:00,Everton,29,away,Bournemouth,1,2,-1,7,3,0.42857142857142855,0.14285714285714285,11,4,0.36363636363636365,0.18181818181818182,11,14,0.7857142857142857,2,1,0,0,8,9,-11,0,31,Loss,30.989003
2023-2024,2024-04-02 00:00:00,Everton,30,away,Newcastle,1,1,0,10,3,0.3,0.1,18,6,0.3333333333333333,0.05555555555555555,14,9,1.5555555555555556,3,0,0,0,3,7,-11,1,32,Draw,31.989003
2023-2024,2024-04-06 00:00:00,Everton,31,home,Burnley,1,0,1,12,3,0.25,0.08333333333333333,6,1,0.16666666666666666,0.0,11,13,0.8461538461538461,2,1,0,1,3,5,-10,3,35,Win,34.990003
2023-2024,2024-04-15 00:00:00,Everton,32,away,Chelsea,0,6,-6,10,2,0.2,0.0,14,10,0.7142857142857143,0.42857142857142855,21,5,4.2,4,1,0,0,8,4,-16,0,35,Loss,34.984002000000004
2023-2024,2024-04-21 00:00:00,Everton,33,home,Nott'm Forest,2,0,2,7,4,0.5714285714285714,0.2857142857142857,8,3,0.375,0.0,15,9,1.6666666666666667,3,2,0,0,6,4,-14,3,38,Win,37.986003999999994
2023-2024,2024-04-24 00:00:00,Everton,34,home,Liverpool,2,0,2,16,6,0.375,0.125,23,7,0.30434782608695654,0.0,6,13,0.46153846153846156,0,3,0,0,4,13,-12,3,41,Win,40.988006
2023-2024,2024-04-27 00:00:00,Everton,35,home,Brentford,1,0,1,18,1,0.05555555555555555,0.05555555555555555,10,4,0.4,0.0,10,12,0.8333333333333334,1,2,0,0,6,6,-11,3,44,Win,43.989000999999995
2023-2024,2024-05-03 00:00:00,Everton,36,away,Luton,1,1,0,10,3,0.3,0.1,18,5,0.2777777777777778,0.05555555555555555,12,14,0.8571428571428571,3,1,0,0,7,8,-11,1,45,Draw,44.989003
2023-2024,2024-05-11 00:00:00,Everton,37,home,Sheffield United,1,0,1,15,6,0.4,0.06666666666666667,13,1,0.07692307692307693,0.0,6,11,0.5454545454545454,1,2,0,0,3,6,-10,3,48,Win,47.990006
2023-2024,2024-05-19 00:00:00,Everton,38,away,Arsenal,1,2,-1,5,2,0.4,0.2,26,5,0.19230769230769232,0.07692307692307693,11,8,1.375,3,4,0,0,1,8,-11,0,48,Loss,47.989002
2023-2024,2023-08-12 00:00:00,Fulham,1,away,Everton,1,0,1,9,2,0.2222222222222222,0.1111111111111111,19,9,0.47368421052631576,0.0,6,12,0.5,2,0,0,0,4,10,1,3,3,Win,3.0010019999999997
2023-2024,2023-08-19 00:00:00,Fulham,2,home,Brentford,0,3,-3,10,2,0.2,0.0,17,8,0.47058823529411764,0.17647058823529413,13,12,1.0833333333333333,2,2,1,0,5,5,-2,0,3,Loss,2.998002
2023-2024,2023-08-26 00:00:00,Fulham,3,away,Arsenal,2,2,0,8,3,0.375,0.25,19,11,0.5789473684210527,0.10526315789473684,5,6,0.8333333333333334,3,0,1,0,3,8,-2,1,4,Draw,3.998003
2023-2024,2023-09-02 00:00:00,Fulham,4,away,Man City,1,5,-4,6,4,0.6666666666666666,0.16666666666666666,7,5,0.7142857142857143,0.7142857142857143,12,12,1.0,4,2,0,0,5,4,-6,0,4,Loss,3.9940040000000003
2023-2024,2023-09-16 00:00:00,Fulham,5,home,Luton,1,0,1,13,2,0.15384615384615385,0.07692307692307693,7,2,0.2857142857142857,0.0,6,14,0.42857142857142855,2,2,0,0,6,2,-5,3,7,Win,6.995002
2023-2024,2023-09-23 00:00:00,Fulham,6,away,Crystal Palace,0,0,0,10,5,0.5,0.0,7,3,0.42857142857142855,0.0,15,10,1.5,2,3,0,0,2,3,-5,1,8,Draw,7.995005
2023-2024,2023-10-02 00:00:00,Fulham,7,home,Chelsea,0,2,-2,10,3,0.3,0.0,11,4,0.36363636363636365,0.18181818181818182,15,12,1.25,1,4,0,0,8,1,-7,0,8,Loss,7.993003000000001
2023-2024,2023-10-07 00:00:00,Fulham,8,home,Sheffield United,3,1,2,20,6,0.3,0.15,5,2,0.4,0.2,8,10,0.8,1,2,0,0,9,4,-5,3,11,Win,10.995006
2023-2024,2023-10-23 00:00:00,Fulham,9,away,Tottenham,0,2,-2,10,3,0.3,0.0,15,5,0.3333333333333333,0.13333333333333333,14,10,1.4,0,2,0,0,5,3,-7,0,11,Loss,10.993003
2023-2024,2023-10-29 00:00:00,Fulham,10,away,Brighton,1,1,0,10,5,0.5,0.1,18,7,0.3888888888888889,0.05555555555555555,8,12,0.6666666666666666,3,0,0,0,3,7,-7,1,12,Draw,11.993005
2023-2024,2023-11-04 00:00:00,Fulham,11,home,Man United,0,1,-1,18,3,0.16666666666666666,0.0,12,5,0.4166666666666667,0.08333333333333333,9,15,0.6,5,2,0,0,9,4,-8,0,12,Loss,11.992003
2023-2024,2023-11-12 00:00:00,Fulham,12,away,Aston Villa,1,3,-2,9,5,0.5555555555555556,0.1111111111111111,12,6,0.5,0.25,17,4,4.25,5,2,0,0,2,2,-10,0,12,Loss,11.990005
2023-2024,2023-11-27 00:00:00,Fulham,13,home,Wolves,3,2,1,12,6,0.5,0.25,10,6,0.6,0.2,13,13,1.0,2,2,0,0,6,2,-9,3,15,Win,14.991006
2023-2024,2023-12-03 00:00:00,Fulham,14,away,Liverpool,3,4,-1,9,5,0.5555555555555556,0.3333333333333333,26,12,0.46153846153846156,0.15384615384615385,7,6,1.1666666666666667,0,0,0,0,4,3,-10,0,15,Loss,14.990005
2023-2024,2023-12-06 00:00:00,Fulham,15,home,Nott'm Forest,5,0,5,14,6,0.42857142857142855,0.35714285714285715,4,1,0.25,0.0,7,10,0.7,0,1,0,0,6,1,-5,3,18,Win,17.995006
2023-2024,2023-12-10 00:00:00,Fulham,16,home,West Ham,5,0,5,14,8,0.5714285714285714,0.35714285714285715,9,5,0.5555555555555556,0.0,5,10,0.5,2,1,0,0,3,6,0,3,21,Win,21.000008
2023-2024,2023-12-16 00:00:00,Fulham,17,away,Newcastle,0,3,-3,6,4,0.6666666666666666,0.0,27,10,0.37037037037037035,0.1111111111111111,12,7,1.7142857142857142,2,0,1,0,1,5,-3,0,21,Loss,20.997004
2023-2024,2023-12-23 00:00:00,Fulham,18,home,Burnley,0,2,-2,19,5,0.2631578947368421,0.0,7,2,0.2857142857142857,0.2857142857142857,5,17,0.29411764705882354,2,1,0,0,8,6,-5,0,21,Loss,20.995005000000003
2023-2024,2023-12-26 00:00:00,Fulham,19,away,Bournemouth,0,3,-3,8,3,0.375,0.0,16,4,0.25,0.1875,10,10,1.0,2,0,0,0,5,6,-8,0,21,Loss,20.992003
2023-2024,2023-12-31 00:00:00,Fulham,20,home,Arsenal,2,1,1,15,4,0.26666666666666666,0.13333333333333333,13,3,0.23076923076923078,0.07692307692307693,11,10,1.1,4,1,0,0,5,4,-7,3,24,Win,23.993004
2023-2024,2024-01-13 00:00:00,Fulham,21,away,Chelsea,0,1,-1,14,4,0.2857142857142857,0.0,17,3,0.17647058823529413,0.058823529411764705,9,13,0.6923076923076923,1,5,0,0,4,6,-8,0,24,Loss,23.992004
2023-2024,2024-01-30 00:00:00,Fulham,22,home,Everton,0,0,0,25,6,0.24,0.0,21,4,0.19047619047619047,0.0,6,13,0.46153846153846156,1,2,0,0,15,6,-8,1,25,Draw,24.992006
2023-2024,2024-02-03 00:00:00,Fulham,23,away,Burnley,2,2,0,15,7,0.4666666666666667,0.13333333333333333,12,4,0.3333333333333333,0.16666666666666666,7,11,0.6363636363636364,2,2,0,0,13,2,-8,1,26,Draw,25.992007
2023-2024,2024-02-10 00:00:00,Fulham,24,home,Bournemouth,3,1,2,7,6,0.8571428571428571,0.42857142857142855,25,4,0.16,0.04,11,11,1.0,1,2,0,0,1,14,-6,3,29,Win,28.994006
2023-2024,2024-02-17 00:00:00,Fulham,25,home,Aston Villa,1,2,-1,15,4,0.26666666666666666,0.06666666666666667,12,3,0.25,0.16666666666666666,11,6,1.8333333333333333,5,2,0,0,4,4,-7,0,29,Loss,28.993004
2023-2024,2024-02-24 00:00:00,Fulham,26,away,Man United,2,1,1,17,5,0.29411764705882354,0.11764705882352941,21,9,0.42857142857142855,0.047619047619047616,11,6,1.8333333333333333,5,2,0,0,9,10,-6,3,32,Win,31.994005
2023-2024,2024-03-02 00:00:00,Fulham,27,home,Brighton,3,0,3,12,5,0.4166666666666667,0.25,15,5,0.3333333333333333,0.0,16,10,1.6,1,2,0,0,2,6,-3,3,35,Win,34.997005
2023-2024,2024-03-09 00:00:00,Fulham,28,away,Wolves,1,2,-1,23,6,0.2608695652173913,0.043478260869565216,8,3,0.375,0.25,11,7,1.5714285714285714,2,2,0,0,4,3,-4,0,35,Loss,34.996006
2023-2024,2024-03-16 00:00:00,Fulham,29,home,Tottenham,3,0,3,16,7,0.4375,0.1875,14,5,0.35714285714285715,0.0,9,10,0.9,2,3,0,0,4,5,-1,3,38,Win,37.999007
2023-2024,2024-03-30 00:00:00,Fulham,30,away,Sheffield United,3,3,0,24,9,0.375,0.125,8,4,0.5,0.375,13,10,1.3,1,4,0,0,15,2,-1,1,39,Draw,38.999009
2023-2024,2024-04-02 00:00:00,Fulham,31,away,Nott'm Forest,1,3,-2,18,3,0.16666666666666666,0.05555555555555555,16,4,0.25,0.1875,8,7,1.1428571428571428,0,0,0,0,8,3,-3,0,39,Loss,38.997003
2023-2024,2024-04-06 00:00:00,Fulham,32,home,Newcastle,0,1,-1,14,4,0.2857142857142857,0.0,12,5,0.4166666666666667,0.08333333333333333,10,13,0.7692307692307693,1,2,0,0,14,3,-4,0,39,Loss,38.996004
2023-2024,2024-04-14 00:00:00,Fulham,33,away,West Ham,2,0,2,18,10,0.5555555555555556,0.1111111111111111,15,4,0.26666666666666666,0.0,13,6,2.1666666666666665,2,1,0,0,3,8,-2,3,42,Win,41.99801
2023-2024,2024-04-21 00:00:00,Fulham,34,home,Liverpool,1,3,-2,12,5,0.4166666666666667,0.08333333333333333,14,7,0.5,0.21428571428571427,5,11,0.45454545454545453,3,0,0,0,1,4,-4,0,42,Loss,41.996005000000004
2023-2024,2024-04-27 00:00:00,Fulham,35,home,Crystal Palace,1,1,0,9,2,0.2222222222222222,0.1111111111111111,14,4,0.2857142857142857,0.07142857142857142,11,15,0.7333333333333333,0,2,0,0,5,9,-4,1,43,Draw,42.996002000000004
2023-2024,2024-05-04 00:00:00,Fulham,36,away,Brentford,0,0,0,15,3,0.2,0.0,7,3,0.42857142857142855,0.0,6,3,2.0,1,1,0,0,6,7,-4,1,44,Draw,43.996003
2023-2024,2024-05-11 00:00:00,Fulham,37,home,Man City,0,4,-4,1,1,1.0,0.0,16,9,0.5625,0.25,9,6,1.5,1,0,1,0,1,7,-8,0,44,Loss,43.992000999999995
2023-2024,2024-05-19 00:00:00,Fulham,38,away,Luton,4,2,2,15,7,0.4666666666666667,0.26666666666666666,15,6,0.4,0.13333333333333333,20,15,1.3333333333333333,4,5,0,0,4,4,-6,3,47,Win,46.994006999999996
2023-2024,2023-08-13 00:00:00,Liverpool,1,away,Chelsea,1,1,0,13,1,0.07692307692307693,0.07692307692307693,10,4,0.4,0.1,12,5,2.4,3,3,0,0,4,4,0,1,1,Draw,1.000001
2023-2024,2023-08-19 00:00:00,Liverpool,2,home,Bournemouth,3,1,2,26,10,0.38461538461538464,0.11538461538461539,13,5,0.38461538461538464,0.07692307692307693,11,13,0.8461538461538461,1,3,1,0,10,2,2,3,4,Win,4.002009999999999
2023-2024,2023-08-27 00:00:00,Liverpool,3,away,Newcastle,2,1,1,9,4,0.4444444444444444,0.2222222222222222,23,8,0.34782608695652173,0.043478260869565216,10,16,0.625,2,1,1,0,9,5,3,3,7,Win,7.003004
2023-2024,2023-09-03 00:00:00,Liverpool,4,home,Aston Villa,3,0,3,17,4,0.23529411764705882,0.17647058823529413,9,3,0.3333333333333333,0.0,12,7,1.7142857142857142,0,1,0,0,7,3,6,3,10,Win,10.006004
2023-2024,2023-09-16 00:00:00,Liverpool,5,away,Wolves,3,1,2,16,6,0.375,0.1875,11,2,0.18181818181818182,0.09090909090909091,4,10,0.4,3,1,0,0,4,4,8,3,13,Win,13.008006
2023-2024,2023-09-24 00:00:00,Liverpool,6,home,West Ham,3,1,2,22,7,0.3181818181818182,0.13636363636363635,11,4,0.36363636363636365,0.09090909090909091,12,13,0.9230769230769231,0,2,0,0,7,4,10,3,16,Win,16.010007
2023-2024,2023-09-30 00:00:00,Liverpool,7,away,Tottenham,1,2,-1,12,4,0.3333333333333333,0.08333333333333333,24,8,0.3333333333333333,0.08333333333333333,17,11,1.5454545454545454,4,5,2,0,5,12,9,0,16,Loss,16.009004
2023-2024,2023-10-08 00:00:00,Liverpool,8,away,Brighton,2,2,0,14,4,0.2857142857142857,0.14285714285714285,14,3,0.21428571428571427,0.14285714285714285,20,12,1.6666666666666667,2,1,0,0,1,8,9,1,17,Draw,17.009004
2023-2024,2023-10-21 00:00:00,Liverpool,9,home,Everton,2,0,2,26,6,0.23076923076923078,0.07692307692307693,6,1,0.16666666666666666,0.0,9,9,1.0,1,1,0,1,12,4,11,3,20,Win,20.011006
2023-2024,2023-10-29 00:00:00,Liverpool,10,home,Nott'm Forest,3,0,3,21,8,0.38095238095238093,0.14285714285714285,9,1,0.1111111111111111,0.0,9,13,0.6923076923076923,2,3,0,0,8,3,14,3,23,Win,23.014008
2023-2024,2023-11-05 00:00:00,Liverpool,11,away,Luton,1,1,0,24,6,0.25,0.041666666666666664,8,5,0.625,0.125,13,7,1.8571428571428572,1,1,0,0,7,4,14,1,24,Draw,24.014006
2023-2024,2023-11-12 00:00:00,Liverpool,12,home,Brentford,3,0,3,17,10,0.5882352941176471,0.17647058823529413,16,3,0.1875,0.0,16,12,1.3333333333333333,1,2,0,0,6,8,17,3,27,Win,27.01701
2023-2024,2023-11-25 00:00:00,Liverpool,13,away,Man City,1,1,0,8,3,0.375,0.125,16,5,0.3125,0.0625,11,9,1.2222222222222223,3,1,0,0,6,9,17,1,28,Draw,28.017003
2023-2024,2023-12-03 00:00:00,Liverpool,14,home,Fulham,4,3,1,26,12,0.46153846153846156,0.15384615384615385,9,5,0.5555555555555556,0.3333333333333333,6,7,0.8571428571428571,0,0,0,0,3,4,18,3,31,Win,31.018012000000002
2023-2024,2023-12-06 00:00:00,Liverpool,15,away,Sheffield United,2,0,2,15,8,0.5333333333333333,0.13333333333333333,6,1,0.16666666666666666,0.0,8,12,0.6666666666666666,3,2,0,0,12,2,20,3,34,Win,34.020008000000004
2023-2024,2023-12-09 00:00:00,Liverpool,16,away,Crystal Palace,2,1,1,14,2,0.14285714285714285,0.14285714285714285,8,4,0.5,0.125,17,17,1.0,2,5,0,1,5,6,21,3,37,Win,37.021002
2023-2024,2023-12-17 00:00:00,Liverpool,17,home,Man United,0,0,0,34,8,0.23529411764705882,0.0,6,1,0.16666666666666666,0.0,13,8,1.625,2,4,0,1,12,0,21,1,38,Draw,38.021008
2023-2024,2023-12-23 00:00:00,Liverpool,18,home,Arsenal,1,1,0,13,3,0.23076923076923078,0.07692307692307693,13,2,0.15384615384615385,0.07692307692307693,13,14,0.9285714285714286,2,5,0,0,4,5,21,1,39,Draw,39.021003
2023-2024,2023-12-26 00:00:00,Liverpool,19,away,Burnley,2,0,2,19,10,0.5263157894736842,0.10526315789473684,9,0,0.0,0.0,10,7,1.4285714285714286,1,2,0,0,4,4,23,3,42,Win,42.023010000000006
2023-2024,2024-01-01 00:00:00,Liverpool,20,home,Newcastle,4,2,2,34,15,0.4411764705882353,0.11764705882352941,5,3,0.6,0.4,16,15,1.0666666666666667,3,5,0,0,7,3,25,3,45,Win,45.025014999999996
2023-2024,2024-01-21 00:00:00,Liverpool,21,away,Bournemouth,4,0,4,14,7,0.5,0.2857142857142857,11,1,0.09090909090909091,0.0,12,9,1.3333333333333333,2,1,0,0,5,8,29,3,48,Win,48.029007
2023-2024,2024-01-31 00:00:00,Liverpool,22,home,Chelsea,4,1,3,28,13,0.4642857142857143,0.14285714285714285,4,3,0.75,0.25,15,16,0.9375,2,4,0,0,8,1,32,3,51,Win,51.032013
2023-2024,2024-02-04 00:00:00,Liverpool,23,away,Arsenal,1,3,-2,10,1,0.1,0.1,15,7,0.4666666666666667,0.2,11,11,1.0,2,6,1,0,4,2,30,0,51,Loss,51.030001
2023-2024,2024-02-10 00:00:00,Liverpool,24,home,Burnley,3,1,2,25,10,0.4,0.12,9,4,0.4444444444444444,0.1111111111111111,11,13,0.8461538461538461,3,2,0,0,9,3,32,3,54,Win,54.03201
2023-2024,2024-02-17 00:00:00,Liverpool,25,away,Brentford,4,1,3,15,8,0.5333333333333333,0.26666666666666666,15,6,0.4,0.06666666666666667,18,4,4.5,1,2,0,0,6,1,35,3,57,Win,57.035008
2023-2024,2024-02-21 00:00:00,Liverpool,26,home,Luton,4,1,3,29,13,0.4482758620689655,0.13793103448275862,12,3,0.25,0.08333333333333333,15,14,1.0714285714285714,1,4,0,0,13,4,38,3,60,Win,60.038013
2023-2024,2024-03-02 00:00:00,Liverpool,27,away,Nott'm Forest,1,0,1,22,2,0.09090909090909091,0.045454545454545456,8,2,0.25,0.0,12,11,1.0909090909090908,2,2,0,0,12,3,39,3,63,Win,63.039002
2023-2024,2024-03-10 00:00:00,Liverpool,28,home,Man City,1,1,0,19,6,0.3157894736842105,0.05263157894736842,10,6,0.6,0.1,6,10,0.6,0,3,0,0,7,4,39,1,64,Draw,64.039006
2023-2024,2024-03-31 00:00:00,Liverpool,29,home,Brighton,2,1,1,30,8,0.26666666666666666,0.06666666666666667,9,3,0.3333333333333333,0.1111111111111111,20,6,3.3333333333333335,5,3,0,0,8,4,40,3,67,Win,67.040008
2023-2024,2024-04-04 00:00:00,Liverpool,30,home,Sheffield United,3,1,2,29,9,0.3103448275862069,0.10344827586206896,8,3,0.375,0.125,6,9,0.6666666666666666,0,1,0,0,13,1,42,3,70,Win,70.04200900000001
2023-2024,2024-04-07 00:00:00,Liverpool,31,away,Man United,2,2,0,28,7,0.25,0.07142857142857142,9,5,0.5555555555555556,0.2222222222222222,10,9,1.1111111111111112,2,5,0,0,11,6,42,1,71,Draw,71.042007
2023-2024,2024-04-14 00:00:00,Liverpool,32,home,Crystal Palace,0,1,-1,21,6,0.2857142857142857,0.0,8,5,0.625,0.125,10,10,1.0,1,1,0,0,11,1,41,0,71,Loss,71.041006
2023-2024,2024-04-21 00:00:00,Liverpool,33,away,Fulham,3,1,2,14,7,0.5,0.21428571428571427,12,5,0.4166666666666667,0.08333333333333333,11,5,2.2,0,3,0,0,4,1,43,3,74,Win,74.043007
2023-2024,2024-04-24 00:00:00,Liverpool,34,away,Everton,0,2,-2,23,7,0.30434782608695654,0.0,16,6,0.375,0.125,13,6,2.1666666666666665,3,0,0,0,13,4,41,0,74,Loss,74.041007
2023-2024,2024-04-27 00:00:00,Liverpool,35,away,West Ham,2,2,0,28,8,0.2857142857142857,0.07142857142857142,11,8,0.7272727272727273,0.18181818181818182,10,8,1.25,2,0,0,0,8,5,41,1,75,Draw,75.04100799999999
2023-2024,2024-05-05 00:00:00,Liverpool,36,home,Tottenham,4,2,2,25,13,0.52,0.16,11,6,0.5454545454545454,0.18181818181818182,14,12,1.1666666666666667,1,4,0,0,8,3,43,3,78,Win,78.043013
2023-2024,2024-05-13 00:00:00,Liverpool,37,away,Aston Villa,3,3,0,14,7,0.5,0.21428571428571427,19,5,0.2631578947368421,0.15789473684210525,15,11,1.3636363636363635,1,1,0,0,4,5,43,1,79,Draw,79.043007
2023-2024,2024-05-19 00:00:00,Liverpool,38,home,Wolves,2,0,2,36,14,0.3888888888888889,0.05555555555555555,4,3,0.75,0.0,14,11,1.2727272727272727,1,1,0,1,10,2,45,3,82,Win,82.045014
2023-2024,2023-08-12 00:00:00,Luton,1,away,Brighton,1,4,-3,9,3,0.3333333333333333,0.1111111111111111,27,12,0.4444444444444444,0.14814814814814814,12,11,1.0909090909090908,2,2,0,0,7,6,-3,0,0,Loss,-0.002997
2023-2024,2023-08-25 00:00:00,Luton,2,away,Chelsea,0,3,-3,11,1,0.09090909090909091,0.0,19,8,0.42105263157894735,0.15789473684210525,12,15,0.8,3,2,0,0,4,6,-6,0,0,Loss,-0.005999
2023-2024,2023-09-01 00:00:00,Luton,3,home,West Ham,1,2,-1,16,1,0.0625,0.0625,9,3,0.3333333333333333,0.2222222222222222,8,13,0.6153846153846154,1,1,0,0,9,6,-7,0,0,Loss,-0.006999
2023-2024,2023-09-16 00:00:00,Luton,4,away,Fulham,0,1,-1,7,2,0.2857142857142857,0.0,13,2,0.15384615384615385,0.07692307692307693,14,6,2.3333333333333335,2,2,0,0,2,6,-8,0,0,Loss,-0.007998
2023-2024,2023-09-23 00:00:00,Luton,5,home,Wolves,1,1,0,20,4,0.2,0.05,3,3,1.0,0.3333333333333333,12,17,0.7058823529411765,0,2,0,1,10,1,-8,1,1,Draw,0.992004
2023-2024,2023-09-30 00:00:00,Luton,6,away,Everton,2,1,1,9,2,0.2222222222222222,0.2222222222222222,23,5,0.21739130434782608,0.043478260869565216,10,8,1.25,1,0,0,0,6,3,-7,3,4,Win,3.9930019999999997
2023-2024,2023-10-03 00:00:00,Luton,7,home,Burnley,1,2,-1,18,3,0.16666666666666666,0.05555555555555555,14,4,0.2857142857142857,0.14285714285714285,14,6,2.3333333333333335,4,2,0,0,7,6,-8,0,4,Loss,3.992003
2023-2024,2023-10-07 00:00:00,Luton,8,home,Tottenham,0,1,-1,12,2,0.16666666666666666,0.0,15,4,0.26666666666666666,0.06666666666666667,16,7,2.2857142857142856,2,1,0,1,5,6,-9,0,4,Loss,3.991002
2023-2024,2023-10-21 00:00:00,Luton,9,away,Nott'm Forest,2,2,0,13,4,0.3076923076923077,0.15384615384615385,19,8,0.42105263157894735,0.10526315789473684,11,12,0.9166666666666666,0,3,0,0,2,4,-9,1,5,Draw,4.991003999999999
2023-2024,2023-10-29 00:00:00,Luton,10,away,Aston Villa,1,3,-2,7,1,0.14285714285714285,0.14285714285714285,17,6,0.35294117647058826,0.17647058823529413,10,11,0.9090909090909091,2,3,0,0,4,6,-11,0,5,Loss,4.989001
2023-2024,2023-11-05 00:00:00,Luton,11,home,Liverpool,1,1,0,8,5,0.625,0.125,24,6,0.25,0.041666666666666664,7,13,0.5384615384615384,1,1,0,0,4,7,-11,1,6,Draw,5.989005
2023-2024,2023-11-11 00:00:00,Luton,12,away,Man United,0,1,-1,10,4,0.4,0.0,15,4,0.26666666666666666,0.06666666666666667,11,9,1.2222222222222223,2,0,0,0,3,11,-12,0,6,Loss,5.988004
2023-2024,2023-11-25 00:00:00,Luton,13,home,Crystal Palace,2,1,1,8,3,0.375,0.25,16,8,0.5,0.0625,15,12,1.25,6,1,0,0,4,5,-11,3,9,Win,8.989003
2023-2024,2023-12-02 00:00:00,Luton,14,away,Brentford,1,3,-2,7,1,0.14285714285714285,0.14285714285714285,27,6,0.2222222222222222,0.1111111111111111,8,10,0.8,2,1,0,0,5,7,-13,0,9,Loss,8.987001
2023-2024,2023-12-05 00:00:00,Luton,15,home,Arsenal,3,4,-1,6,4,0.6666666666666666,0.5,23,9,0.391304347826087,0.17391304347826086,14,7,2.0,2,1,0,0,3,8,-14,0,9,Loss,8.986004000000001
2023-2024,2023-12-10 00:00:00,Luton,16,home,Man City,1,2,-1,4,2,0.5,0.25,18,6,0.3333333333333333,0.1111111111111111,16,6,2.6666666666666665,2,1,0,0,6,3,-15,0,9,Loss,8.985002
2023-2024,2023-12-23 00:00:00,Luton,17,home,Newcastle,1,0,1,16,5,0.3125,0.0625,15,2,0.13333333333333333,0.0,11,5,2.2,2,1,0,0,6,7,-14,3,12,Win,11.986005
2023-2024,2023-12-26 00:00:00,Luton,18,away,Sheffield United,3,2,1,12,4,0.3333333333333333,0.25,21,6,0.2857142857142857,0.09523809523809523,13,13,1.0,0,5,0,0,4,9,-13,3,15,Win,14.987004
2023-2024,2023-12-30 00:00:00,Luton,19,home,Chelsea,2,3,-1,15,6,0.4,0.13333333333333333,12,8,0.6666666666666666,0.25,14,21,0.6666666666666666,2,2,0,0,7,2,-14,0,15,Loss,14.986006000000001
2023-2024,2024-01-12 00:00:00,Luton,20,away,Burnley,1,1,0,14,5,0.35714285714285715,0.07142857142857142,13,7,0.5384615384615384,0.07692307692307693,12,7,1.7142857142857142,0,1,0,0,8,2,-14,1,16,Draw,15.986005
2023-2024,2024-01-30 00:00:00,Luton,21,home,Brighton,4,0,4,18,8,0.4444444444444444,0.2222222222222222,9,2,0.2222222222222222,0.0,13,14,0.9285714285714286,2,2,0,0,7,4,-10,3,19,Win,18.990008
2023-2024,2024-02-03 00:00:00,Luton,22,away,Newcastle,4,4,0,11,8,0.7272727272727273,0.36363636363636365,19,6,0.3157894736842105,0.21052631578947367,16,13,1.2307692307692308,2,2,0,0,2,8,-10,1,20,Draw,19.990008
2023-2024,2024-02-10 00:00:00,Luton,23,home,Sheffield United,1,3,-2,20,5,0.25,0.05,7,3,0.42857142857142855,0.42857142857142855,7,12,0.5833333333333334,1,2,0,0,13,1,-12,0,20,Loss,19.988005
2023-2024,2024-02-18 00:00:00,Luton,24,home,Man United,1,2,-1,22,4,0.18181818181818182,0.045454545454545456,21,9,0.42857142857142855,0.09523809523809523,7,21,0.3333333333333333,3,5,0,0,8,6,-13,0,20,Loss,19.987004
2023-2024,2024-02-21 00:00:00,Luton,25,away,Liverpool,1,4,-3,12,3,0.25,0.08333333333333333,29,13,0.4482758620689655,0.13793103448275862,14,15,0.9333333333333333,4,1,0,0,4,13,-16,0,20,Loss,19.984003
2023-2024,2024-03-02 00:00:00,Luton,26,home,Aston Villa,2,3,-1,13,5,0.38461538461538464,0.15384615384615385,12,8,0.6666666666666666,0.25,8,19,0.42105263157894735,1,4,0,0,8,6,-17,0,20,Loss,19.983005000000002
2023-2024,2024-03-09 00:00:00,Luton,27,away,Crystal Palace,1,1,0,8,2,0.25,0.125,21,4,0.19047619047619047,0.047619047619047616,11,20,0.55,3,2,0,0,6,8,-17,1,21,Draw,20.983002
2023-2024,2024-03-13 00:00:00,Luton,28,away,Bournemouth,3,4,-1,8,4,0.5,0.375,24,10,0.4166666666666667,0.16666666666666666,11,16,0.6875,2,1,0,0,3,11,-18,0,21,Loss,20.982004
2023-2024,2024-03-16 00:00:00,Luton,29,home,Nott'm Forest,1,1,0,10,4,0.4,0.1,16,6,0.375,0.0625,10,17,0.5882352941176471,1,2,0,0,6,7,-18,1,22,Draw,21.982004
2023-2024,2024-03-30 00:00:00,Luton,30,away,Tottenham,1,2,-1,7,3,0.42857142857142855,0.14285714285714285,17,4,0.23529411764705882,0.11764705882352941,14,16,0.875,4,2,0,0,6,3,-19,0,22,Loss,21.981003
2023-2024,2024-04-03 00:00:00,Luton,31,away,Arsenal,0,2,-2,5,1,0.2,0.0,13,4,0.3076923076923077,0.15384615384615385,8,12,0.6666666666666666,1,1,0,0,1,3,-21,0,22,Loss,21.979001
2023-2024,2024-04-06 00:00:00,Luton,32,home,Bournemouth,2,1,1,19,9,0.47368421052631576,0.10526315789473684,8,1,0.125,0.125,7,14,0.5,0,0,0,0,7,2,-20,3,25,Win,24.980009
2023-2024,2024-04-13 00:00:00,Luton,33,away,Man City,1,5,-4,4,2,0.5,0.25,33,13,0.3939393939393939,0.15151515151515152,6,7,0.8571428571428571,0,1,0,0,1,12,-24,0,25,Loss,24.976001999999998
2023-2024,2024-04-20 00:00:00,Luton,34,home,Brentford,1,5,-4,6,3,0.5,0.16666666666666666,21,9,0.42857142857142855,0.23809523809523808,13,9,1.4444444444444444,1,2,0,0,4,9,-28,0,25,Loss,24.972003
2023-2024,2024-04-27 00:00:00,Luton,35,away,Wolves,1,2,-1,9,6,0.6666666666666666,0.1111111111111111,13,5,0.38461538461538464,0.15384615384615385,14,14,1.0,1,3,0,0,4,4,-29,0,25,Loss,24.971006
2023-2024,2024-05-03 00:00:00,Luton,36,home,Everton,1,1,0,18,5,0.2777777777777778,0.05555555555555555,10,3,0.3,0.1,14,12,1.1666666666666667,1,3,0,0,8,7,-29,1,26,Draw,25.971005
2023-2024,2024-05-11 00:00:00,Luton,37,away,West Ham,1,3,-2,4,1,0.25,0.25,24,8,0.3333333333333333,0.125,15,9,1.6666666666666667,3,1,0,0,6,7,-31,0,26,Loss,25.969001000000002
2023-2024,2024-05-19 00:00:00,Luton,38,home,Fulham,2,4,-2,15,6,0.4,0.13333333333333333,15,7,0.4666666666666667,0.26666666666666666,15,20,0.75,5,4,0,0,4,4,-33,0,26,Loss,25.967005999999998
2023-2024,2023-08-11 00:00:00,Man City,1,away,Burnley,3,0,3,17,8,0.47058823529411764,0.17647058823529413,6,1,0.16666666666666666,0.0,8,11,0.7272727272727273,0,0,0,1,5,6,3,3,3,Win,3.003008
2023-2024,2023-08-19 00:00:00,Man City,2,home,Newcastle,1,0,1,14,4,0.2857142857142857,0.07142857142857142,7,1,0.14285714285714285,0.0,12,11,1.0909090909090908,1,5,0,0,3,0,4,3,6,Win,6.004003999999999
2023-2024,2023-08-27 00:00:00,Man City,3,away,Sheffield United,2,1,1,30,9,0.3,0.06666666666666667,6,2,0.3333333333333333,0.16666666666666666,2,11,0.18181818181818182,0,3,0,0,12,1,5,3,9,Win,9.005009000000001
2023-2024,2023-09-02 00:00:00,Man City,4,home,Fulham,5,1,4,7,5,0.7142857142857143,0.7142857142857143,6,4,0.6666666666666666,0.16666666666666666,12,12,1.0,2,4,0,0,4,5,9,3,12,Win,12.009005
2023-2024,2023-09-16 00:00:00,Man City,5,away,West Ham,3,1,2,29,15,0.5172413793103449,0.10344827586206896,6,3,0.5,0.16666666666666666,11,7,1.5714285714285714,2,3,0,0,11,4,11,3,15,Win,15.011014999999999
2023-2024,2023-09-23 00:00:00,Man City,6,home,Nott'm Forest,2,0,2,7,4,0.5714285714285714,0.2857142857142857,10,3,0.3,0.0,5,17,0.29411764705882354,3,7,1,0,6,6,13,3,18,Win,18.013004000000002
2023-2024,2023-09-30 00:00:00,Man City,7,away,Wolves,1,2,-1,23,8,0.34782608695652173,0.043478260869565216,3,1,0.3333333333333333,0.6666666666666666,12,18,0.6666666666666666,4,5,0,0,6,0,12,0,18,Loss,18.012008
2023-2024,2023-10-08 00:00:00,Man City,8,away,Arsenal,0,1,-1,4,1,0.25,0.0,12,2,0.16666666666666666,0.08333333333333333,7,8,0.875,3,2,0,0,4,5,11,0,18,Loss,18.011001
2023-2024,2023-10-21 00:00:00,Man City,9,home,Brighton,2,1,1,10,6,0.6,0.2,5,3,0.6,0.2,9,11,0.8181818181818182,2,2,1,0,2,2,12,3,21,Win,21.012006
2023-2024,2023-10-29 00:00:00,Man City,10,away,Man United,3,0,3,21,10,0.47619047619047616,0.14285714285714285,7,3,0.42857142857142855,0.0,4,9,0.4444444444444444,1,4,0,0,12,7,15,3,24,Win,24.01501
2023-2024,2023-11-04 00:00:00,Man City,11,home,Bournemouth,6,1,5,21,8,0.38095238095238093,0.2857142857142857,5,1,0.2,0.2,8,9,0.8888888888888888,0,1,0,0,12,1,20,3,27,Win,27.020008
2023-2024,2023-11-12 00:00:00,Man City,12,away,Chelsea,4,4,0,15,10,0.6666666666666666,0.26666666666666666,17,9,0.5294117647058824,0.23529411764705882,15,12,1.25,3,5,0,0,3,3,20,1,28,Draw,28.02001
2023-2024,2023-11-25 00:00:00,Man City,13,home,Liverpool,1,1,0,16,5,0.3125,0.0625,8,3,0.375,0.125,9,11,0.8181818181818182,1,3,0,0,9,6,20,1,29,Draw,29.020005
2023-2024,2023-12-03 00:00:00,Man City,14,home,Tottenham,3,3,0,18,4,0.2222222222222222,0.16666666666666666,8,4,0.5,0.375,14,14,1.0,4,4,0,0,10,8,20,1,30,Draw,30.020004
2023-2024,2023-12-06 00:00:00,Man City,15,away,Aston Villa,0,1,-1,2,2,1.0,0.0,22,7,0.3181818181818182,0.045454545454545456,13,13,1.0,2,2,0,0,0,6,19,0,30,Loss,30.019001999999997
2023-2024,2023-12-10 00:00:00,Man City,16,away,Luton,2,1,1,18,6,0.3333333333333333,0.1111111111111111,4,2,0.5,0.25,6,16,0.375,1,2,0,0,3,6,20,3,33,Win,33.020006
2023-2024,2023-12-16 00:00:00,Man City,17,home,Crystal Palace,2,2,0,19,9,0.47368421052631576,0.10526315789473684,5,2,0.4,0.4,12,9,1.3333333333333333,1,1,0,0,6,1,20,1,34,Draw,34.020009
2023-2024,2023-12-27 00:00:00,Man City,18,away,Everton,3,1,2,23,9,0.391304347826087,0.13043478260869565,7,2,0.2857142857142857,0.14285714285714285,5,13,0.38461538461538464,2,4,0,0,4,8,22,3,37,Win,37.022009
2023-2024,2023-12-30 00:00:00,Man City,19,home,Sheffield United,2,0,2,18,4,0.2222222222222222,0.1111111111111111,4,2,0.5,0.0,5,6,0.8333333333333334,1,1,0,0,12,2,24,3,40,Win,40.024004
2023-2024,2024-01-13 00:00:00,Man City,20,away,Newcastle,3,2,1,27,11,0.4074074074074074,0.1111111111111111,12,5,0.4166666666666667,0.16666666666666666,7,7,1.0,2,1,0,0,13,3,25,3,43,Win,43.025011
2023-2024,2024-01-31 00:00:00,Man City,21,home,Burnley,3,1,2,14,4,0.2857142857142857,0.21428571428571427,8,3,0.375,0.125,3,13,0.23076923076923078,2,2,0,0,7,3,27,3,46,Win,46.027004
2023-2024,2024-02-05 00:00:00,Man City,22,away,Brentford,3,1,2,25,15,0.6,0.12,9,3,0.3333333333333333,0.1111111111111111,4,2,2.0,0,1,0,0,13,8,29,3,49,Win,49.029015
2023-2024,2024-02-10 00:00:00,Man City,23,home,Everton,2,0,2,19,3,0.15789473684210525,0.10526315789473684,5,1,0.2,0.0,6,11,0.5454545454545454,0,2,0,0,9,0,31,3,52,Win,52.031003
2023-2024,2024-02-17 00:00:00,Man City,24,home,Chelsea,1,1,0,31,5,0.16129032258064516,0.03225806451612903,9,6,0.6666666666666666,0.1111111111111111,7,12,0.5833333333333334,1,3,0,0,12,1,31,1,53,Draw,53.031005
2023-2024,2024-02-20 00:00:00,Man City,25,home,Brentford,1,0,1,25,11,0.44,0.04,6,2,0.3333333333333333,0.0,12,6,2.0,2,4,0,0,10,1,32,3,56,Win,56.032011
2023-2024,2024-02-24 00:00:00,Man City,26,away,Bournemouth,1,0,1,15,6,0.4,0.06666666666666667,13,4,0.3076923076923077,0.0,6,14,0.42857142857142855,2,2,0,0,8,3,33,3,59,Win,59.033006
2023-2024,2024-03-03 00:00:00,Man City,27,home,Man United,3,1,2,27,8,0.2962962962962963,0.1111111111111111,3,1,0.3333333333333333,0.3333333333333333,5,10,0.5,0,1,0,0,15,2,35,3,62,Win,62.035008
2023-2024,2024-03-10 00:00:00,Man City,28,away,Liverpool,1,1,0,10,6,0.6,0.1,19,6,0.3157894736842105,0.05263157894736842,10,6,1.6666666666666667,3,0,0,0,4,7,35,1,63,Draw,63.035005999999996
2023-2024,2024-03-31 00:00:00,Man City,29,home,Arsenal,0,0,0,12,1,0.08333333333333333,0.0,6,2,0.3333333333333333,0.0,9,20,0.45,0,2,0,0,7,4,35,1,64,Draw,64.035001
2023-2024,2024-04-03 00:00:00,Man City,30,home,Aston Villa,4,1,3,25,11,0.44,0.16,8,3,0.375,0.125,6,13,0.46153846153846156,1,2,0,0,2,3,38,3,67,Win,67.038011
2023-2024,2024-04-06 00:00:00,Man City,31,away,Crystal Palace,4,2,2,18,8,0.4444444444444444,0.2222222222222222,7,4,0.5714285714285714,0.2857142857142857,3,13,0.23076923076923078,1,1,0,0,9,2,40,3,70,Win,70.040008
2023-2024,2024-04-13 00:00:00,Man City,32,home,Luton,5,1,4,33,13,0.3939393939393939,0.15151515151515152,4,2,0.5,0.25,7,6,1.1666666666666667,1,0,0,0,12,1,44,3,73,Win,73.04401299999999
2023-2024,2024-04-25 00:00:00,Man City,33,away,Brighton,4,0,4,14,6,0.42857142857142855,0.2857142857142857,7,3,0.42857142857142855,0.0,3,10,0.3,0,2,0,0,4,4,48,3,76,Win,76.048006
2023-2024,2024-04-28 00:00:00,Man City,34,away,Nott'm Forest,2,0,2,11,5,0.45454545454545453,0.18181818181818182,14,2,0.14285714285714285,0.0,6,8,0.75,0,0,0,0,5,4,50,3,79,Win,79.050005
2023-2024,2024-05-04 00:00:00,Man City,35,home,Wolves,5,1,4,20,12,0.6,0.25,2,1,0.5,0.5,4,17,0.23529411764705882,0,4,0,0,6,0,54,3,82,Win,82.054012
2023-2024,2024-05-11 00:00:00,Man City,36,away,Fulham,4,0,4,16,9,0.5625,0.25,1,1,1.0,0.0,6,9,0.6666666666666666,0,1,0,1,7,1,58,3,85,Win,85.05800900000001
2023-2024,2024-05-14 00:00:00,Man City,37,away,Tottenham,2,0,2,8,5,0.625,0.25,10,5,0.5,0.0,11,14,0.7857142857142857,3,3,0,0,4,7,60,3,88,Win,88.060005
2023-2024,2024-05-19 00:00:00,Man City,38,home,West Ham,3,1,2,28,12,0.42857142857142855,0.10714285714285714,3,2,0.6666666666666666,0.3333333333333333,3,12,0.25,0,1,0,0,11,2,62,3,91,Win,91.062012
2023-2024,2023-08-14 00:00:00,Man United,1,home,Wolves,1,0,1,15,3,0.2,0.06666666666666667,23,6,0.2608695652173913,0.0,14,10,1.4,2,3,0,0,8,7,1,3,3,Win,3.001003
2023-2024,2023-08-19 00:00:00,Man United,2,away,Tottenham,0,2,-2,22,6,0.2727272727272727,0.0,17,6,0.35294117647058826,0.11764705882352941,8,9,0.8888888888888888,3,1,0,0,6,5,-1,0,3,Loss,2.999006
2023-2024,2023-08-26 00:00:00,Man United,3,home,Nott'm Forest,3,2,1,18,9,0.5,0.16666666666666666,9,4,0.4444444444444444,0.2222222222222222,13,11,1.1818181818181819,4,4,0,1,11,3,0,3,6,Win,6.000009
2023-2024,2023-09-03 00:00:00,Man United,4,away,Arsenal,1,3,-2,10,2,0.2,0.1,17,5,0.29411764705882354,0.17647058823529413,7,8,0.875,3,2,0,0,3,12,-2,0,6,Loss,5.9980020000000005
2023-2024,2023-09-16 00:00:00,Man United,5,home,Brighton,1,3,-2,14,4,0.2857142857142857,0.07142857142857142,10,8,0.8,0.3,8,9,0.8888888888888888,2,2,0,0,8,1,-4,0,6,Loss,5.996004
2023-2024,2023-09-23 00:00:00,Man United,6,away,Burnley,1,0,1,11,4,0.36363636363636365,0.09090909090909091,12,4,0.3333333333333333,0.0,12,6,2.0,2,1,0,0,5,9,-3,3,9,Win,8.997004
2023-2024,2023-09-30 00:00:00,Man United,7,home,Crystal Palace,0,1,-1,19,4,0.21052631578947367,0.0,8,2,0.25,0.125,10,8,1.25,3,2,0,0,10,4,-4,0,9,Loss,8.996004000000001
2023-2024,2023-10-07 00:00:00,Man United,8,home,Brentford,2,1,1,21,8,0.38095238095238093,0.09523809523809523,11,3,0.2727272727272727,0.09090909090909091,10,17,0.5882352941176471,0,5,0,0,7,5,-3,3,12,Win,11.997008
2023-2024,2023-10-21 00:00:00,Man United,9,away,Sheffield United,2,1,1,14,5,0.35714285714285715,0.14285714285714285,12,6,0.5,0.08333333333333333,10,12,0.8333333333333334,1,3,0,0,4,5,-2,3,15,Win,14.998005
2023-2024,2023-10-29 00:00:00,Man United,10,home,Man City,0,3,-3,7,3,0.42857142857142855,0.0,21,10,0.47619047619047616,0.14285714285714285,9,4,2.25,4,1,0,0,7,12,-5,0,15,Loss,14.995002999999999
2023-2024,2023-11-04 00:00:00,Man United,11,away,Fulham,1,0,1,12,5,0.4166666666666667,0.08333333333333333,18,3,0.16666666666666666,0.0,15,9,1.6666666666666667,2,5,0,0,4,9,-4,3,18,Win,17.996005
2023-2024,2023-11-11 00:00:00,Man United,12,home,Luton,1,0,1,15,4,0.26666666666666666,0.06666666666666667,10,4,0.4,0.0,9,11,0.8181818181818182,0,2,0,0,11,3,-3,3,21,Win,20.997004
2023-2024,2023-11-26 00:00:00,Man United,13,away,Everton,3,0,3,9,4,0.4444444444444444,0.3333333333333333,24,6,0.25,0.0,8,10,0.8,0,3,0,0,5,6,0,3,24,Win,24.000004
2023-2024,2023-12-02 00:00:00,Man United,14,away,Newcastle,0,1,-1,8,1,0.125,0.0,22,4,0.18181818181818182,0.045454545454545456,13,6,2.1666666666666665,2,1,0,0,3,7,-1,0,24,Loss,23.999001
2023-2024,2023-12-06 00:00:00,Man United,15,home,Chelsea,2,1,1,28,9,0.32142857142857145,0.07142857142857142,13,3,0.23076923076923078,0.07692307692307693,12,12,1.0,4,0,0,0,12,4,0,3,27,Win,27.000009
2023-2024,2023-12-09 00:00:00,Man United,16,home,Bournemouth,0,3,-3,20,3,0.15,0.0,10,4,0.4,0.3,7,10,0.7,3,1,0,0,10,4,-3,0,27,Loss,26.997003
2023-2024,2023-12-17 00:00:00,Man United,17,away,Liverpool,0,0,0,6,1,0.16666666666666666,0.0,34,8,0.23529411764705882,0.0,8,13,0.6153846153846154,4,2,1,0,0,12,-3,1,28,Draw,27.997001
2023-2024,2023-12-23 00:00:00,Man United,18,away,West Ham,0,2,-2,11,3,0.2727272727272727,0.0,12,5,0.4166666666666667,0.16666666666666666,15,13,1.1538461538461537,3,2,0,0,4,4,-5,0,28,Loss,27.995003
2023-2024,2023-12-26 00:00:00,Man United,19,home,Aston Villa,3,2,1,13,7,0.5384615384615384,0.23076923076923078,10,4,0.4,0.2,10,10,1.0,1,3,0,0,3,6,-4,3,31,Win,30.996007
2023-2024,2023-12-30 00:00:00,Man United,20,away,Nott'm Forest,1,2,-1,10,5,0.5,0.1,8,2,0.25,0.25,11,9,1.2222222222222223,4,2,0,0,5,4,-5,0,31,Loss,30.995005000000003
2023-2024,2024-01-14 00:00:00,Man United,21,home,Tottenham,2,2,0,9,2,0.2222222222222222,0.2222222222222222,16,6,0.375,0.125,8,5,1.6,2,1,0,0,8,13,-5,1,32,Draw,31.995002
2023-2024,2024-02-01 00:00:00,Man United,22,away,Wolves,4,3,1,21,8,0.38095238095238093,0.19047619047619047,16,7,0.4375,0.1875,10,10,1.0,5,2,0,0,5,4,-4,3,35,Win,34.996008
2023-2024,2024-02-04 00:00:00,Man United,23,home,West Ham,3,0,3,12,5,0.4166666666666667,0.25,22,3,0.13636363636363635,0.0,10,5,2.0,0,1,0,0,5,8,-1,3,38,Win,37.999005000000004
2023-2024,2024-02-11 00:00:00,Man United,24,away,Aston Villa,2,1,1,17,5,0.29411764705882354,0.11764705882352941,23,10,0.43478260869565216,0.043478260869565216,7,9,0.7777777777777778,2,3,0,0,8,10,0,3,41,Win,41.000005
2023-2024,2024-02-18 00:00:00,Man United,25,away,Luton,2,1,1,21,9,0.42857142857142855,0.09523809523809523,22,4,0.18181818181818182,0.045454545454545456,21,7,3.0,5,3,0,0,6,8,1,3,44,Win,44.001008999999996
2023-2024,2024-02-24 00:00:00,Man United,26,home,Fulham,1,2,-1,21,9,0.42857142857142855,0.047619047619047616,17,5,0.29411764705882354,0.11764705882352941,6,11,0.5454545454545454,2,5,0,0,10,9,0,0,44,Loss,44.000009
2023-2024,2024-03-03 00:00:00,Man United,27,away,Man City,1,3,-2,3,1,0.3333333333333333,0.3333333333333333,27,8,0.2962962962962963,0.1111111111111111,10,5,2.0,1,0,0,0,2,15,-2,0,44,Loss,43.998000999999995
2023-2024,2024-03-09 00:00:00,Man United,28,home,Everton,2,0,2,15,8,0.5333333333333333,0.13333333333333333,23,6,0.2608695652173913,0.0,13,11,1.1818181818181819,1,2,0,0,5,8,0,3,47,Win,47.000008
2023-2024,2024-03-30 00:00:00,Man United,29,away,Brentford,1,1,0,11,5,0.45454545454545453,0.09090909090909091,31,5,0.16129032258064516,0.03225806451612903,14,7,2.0,2,2,0,0,4,14,0,1,48,Draw,48.000005
2023-2024,2024-04-04 00:00:00,Man United,30,away,Chelsea,3,4,-1,19,5,0.2631578947368421,0.15789473684210525,28,10,0.35714285714285715,0.14285714285714285,15,7,2.142857142857143,0,3,0,0,3,12,-1,0,48,Loss,47.999005000000004
2023-2024,2024-04-07 00:00:00,Man United,31,home,Liverpool,2,2,0,9,5,0.5555555555555556,0.2222222222222222,28,7,0.25,0.07142857142857142,9,10,0.9,5,2,0,0,6,11,-1,1,49,Draw,48.999005000000004
2023-2024,2024-04-13 00:00:00,Man United,32,away,Bournemouth,2,2,0,8,2,0.25,0.25,20,5,0.25,0.1,14,13,1.0769230769230769,0,4,0,0,2,7,-1,1,50,Draw,49.999002000000004
2023-2024,2024-04-24 00:00:00,Man United,33,home,Sheffield United,4,2,2,25,13,0.52,0.16,10,4,0.4,0.2,7,9,0.7777777777777778,0,1,0,0,9,4,1,3,53,Win,53.001013
2023-2024,2024-04-27 00:00:00,Man United,34,home,Burnley,1,1,0,27,10,0.37037037037037035,0.037037037037037035,16,7,0.4375,0.0625,7,11,0.6363636363636364,1,3,0,0,6,5,1,1,54,Draw,54.00101
2023-2024,2024-05-06 00:00:00,Man United,35,away,Crystal Palace,0,4,-4,7,2,0.2857142857142857,0.0,18,10,0.5555555555555556,0.2222222222222222,8,12,0.6666666666666666,1,1,0,0,3,6,-3,0,54,Loss,53.997002
2023-2024,2024-05-12 00:00:00,Man United,36,home,Arsenal,0,1,-1,14,2,0.14285714285714285,0.0,11,5,0.45454545454545453,0.09090909090909091,5,6,0.8333333333333334,0,2,0,0,4,7,-4,0,54,Loss,53.996002000000004
2023-2024,2024-05-15 00:00:00,Man United,37,home,Newcastle,3,2,1,17,8,0.47058823529411764,0.17647058823529413,21,8,0.38095238095238093,0.09523809523809523,16,7,2.2857142857142856,3,3,0,0,9,9,-3,3,57,Win,56.997008
2023-2024,2024-05-19 00:00:00,Man United,38,away,Brighton,2,0,2,11,4,0.36363636363636365,0.18181818181818182,17,3,0.17647058823529413,0.0,9,10,0.9,3,1,0,0,5,7,-1,3,60,Win,59.999004
2023-2024,2023-08-12 00:00:00,Newcastle,1,home,Aston Villa,5,1,4,17,13,0.7647058823529411,0.29411764705882354,16,6,0.375,0.0625,12,17,0.7058823529411765,4,4,0,0,6,5,4,3,3,Win,3.004013
2023-2024,2023-08-19 00:00:00,Newcastle,2,away,Man City,0,1,-1,7,1,0.14285714285714285,0.0,14,4,0.2857142857142857,0.07142857142857142,11,12,0.9166666666666666,5,1,0,0,0,3,3,0,3,Loss,3.0030010000000003
2023-2024,2023-08-27 00:00:00,Newcastle,3,home,Liverpool,1,2,-1,23,8,0.34782608695652173,0.043478260869565216,9,4,0.4444444444444444,0.2222222222222222,16,10,1.6,1,2,0,1,5,9,2,0,3,Loss,3.0020079999999996
2023-2024,2023-09-02 00:00:00,Newcastle,4,away,Brighton,1,3,-2,9,2,0.2222222222222222,0.1111111111111111,15,6,0.4,0.2,17,14,1.2142857142857142,4,4,0,0,3,5,0,0,3,Loss,3.000002
2023-2024,2023-09-16 00:00:00,Newcastle,5,home,Brentford,1,0,1,9,2,0.2222222222222222,0.1111111111111111,11,2,0.18181818181818182,0.0,8,12,0.6666666666666666,3,5,0,0,8,3,1,3,6,Win,6.001002000000001
2023-2024,2023-09-24 00:00:00,Newcastle,6,away,Sheffield United,8,0,8,22,15,0.6818181818181818,0.36363636363636365,9,1,0.1111111111111111,0.0,8,12,0.6666666666666666,0,3,0,0,6,2,9,3,9,Win,9.009015
2023-2024,2023-09-30 00:00:00,Newcastle,7,home,Burnley,2,0,2,20,8,0.4,0.1,8,2,0.25,0.0,7,15,0.4666666666666667,1,3,0,0,5,3,11,3,12,Win,12.011007999999999
2023-2024,2023-10-08 00:00:00,Newcastle,8,away,West Ham,2,2,0,10,3,0.3,0.2,5,3,0.6,0.4,18,11,1.6363636363636365,3,3,0,0,2,4,11,1,13,Draw,13.011002999999999
2023-2024,2023-10-21 00:00:00,Newcastle,9,home,Crystal Palace,4,0,4,10,7,0.7,0.4,17,3,0.17647058823529413,0.0,7,12,0.5833333333333334,2,3,0,0,6,8,15,3,16,Win,16.015007
2023-2024,2023-10-28 00:00:00,Newcastle,10,away,Wolves,2,2,0,13,5,0.38461538461538464,0.15384615384615385,11,6,0.5454545454545454,0.18181818181818182,15,13,1.1538461538461537,4,1,0,0,7,8,15,1,17,Draw,17.015005000000002
2023-2024,2023-11-04 00:00:00,Newcastle,11,home,Arsenal,1,0,1,9,2,0.2222222222222222,0.1111111111111111,14,1,0.07142857142857142,0.0,14,9,1.5555555555555556,5,1,0,0,0,11,16,3,20,Win,20.016001999999997
2023-2024,2023-11-11 00:00:00,Newcastle,12,away,Bournemouth,0,2,-2,8,5,0.625,0.0,19,10,0.5263157894736842,0.10526315789473684,4,10,0.4,1,2,0,0,5,6,14,0,20,Loss,20.014005
2023-2024,2023-11-25 00:00:00,Newcastle,13,home,Chelsea,4,1,3,14,5,0.35714285714285715,0.2857142857142857,7,4,0.5714285714285714,0.14285714285714285,13,19,0.6842105263157895,4,4,0,1,4,2,17,3,23,Win,23.017005
2023-2024,2023-12-02 00:00:00,Newcastle,14,home,Man United,1,0,1,22,4,0.18181818181818182,0.045454545454545456,8,1,0.125,0.0,6,13,0.46153846153846156,1,2,0,0,7,3,18,3,26,Win,26.018004
2023-2024,2023-12-07 00:00:00,Newcastle,15,away,Everton,0,3,-3,13,3,0.23076923076923078,0.0,21,6,0.2857142857142857,0.14285714285714285,8,18,0.4444444444444444,0,3,0,0,2,5,15,0,26,Loss,26.015003
2023-2024,2023-12-10 00:00:00,Newcastle,16,away,Tottenham,1,4,-3,9,3,0.3333333333333333,0.1111111111111111,23,12,0.5217391304347826,0.17391304347826086,12,10,1.2,3,1,0,0,6,3,12,0,26,Loss,26.012003
2023-2024,2023-12-16 00:00:00,Newcastle,17,home,Fulham,3,0,3,27,10,0.37037037037037035,0.1111111111111111,6,4,0.6666666666666666,0.0,7,12,0.5833333333333334,0,2,0,1,5,1,15,3,29,Win,29.01501
2023-2024,2023-12-23 00:00:00,Newcastle,18,away,Luton,0,1,-1,15,2,0.13333333333333333,0.0,16,5,0.3125,0.0625,5,11,0.45454545454545453,1,2,0,0,7,6,14,0,29,Loss,29.014001999999998
2023-2024,2023-12-26 00:00:00,Newcastle,19,home,Nott'm Forest,1,3,-2,19,7,0.3684210526315789,0.05263157894736842,15,6,0.4,0.2,10,11,0.9090909090909091,3,3,0,0,10,2,12,0,29,Loss,29.012007
2023-2024,2024-01-01 00:00:00,Newcastle,20,away,Liverpool,2,4,-2,5,3,0.6,0.4,34,15,0.4411764705882353,0.11764705882352941,15,16,0.9375,5,3,0,0,3,7,10,0,29,Loss,29.010003
2023-2024,2024-01-13 00:00:00,Newcastle,21,home,Man City,2,3,-1,12,5,0.4166666666666667,0.16666666666666666,27,11,0.4074074074074074,0.1111111111111111,7,7,1.0,1,2,0,0,3,13,9,0,29,Loss,29.009005000000002
2023-2024,2024-01-30 00:00:00,Newcastle,22,away,Aston Villa,3,1,2,14,5,0.35714285714285715,0.21428571428571427,12,6,0.5,0.08333333333333333,12,14,0.8571428571428571,1,4,0,0,7,8,11,3,32,Win,32.011005000000004
2023-2024,2024-02-03 00:00:00,Newcastle,23,home,Luton,4,4,0,19,6,0.3157894736842105,0.21052631578947367,11,8,0.7272727272727273,0.36363636363636365,13,16,0.8125,2,2,0,0,8,2,11,1,33,Draw,33.011006
2023-2024,2024-02-10 00:00:00,Newcastle,24,away,Nott'm Forest,3,2,1,7,5,0.7142857142857143,0.42857142857142855,13,3,0.23076923076923078,0.15384615384615385,6,9,0.6666666666666666,2,1,0,0,4,4,12,3,36,Win,36.012005
2023-2024,2024-02-17 00:00:00,Newcastle,25,home,Bournemouth,2,2,0,17,5,0.29411764705882354,0.11764705882352941,12,7,0.5833333333333334,0.16666666666666666,9,22,0.4090909090909091,1,3,0,0,4,2,12,1,37,Draw,37.012005
2023-2024,2024-02-24 00:00:00,Newcastle,26,away,Arsenal,1,4,-3,3,2,0.6666666666666666,0.3333333333333333,18,8,0.4444444444444444,0.2222222222222222,6,15,0.4,0,1,0,0,0,9,9,0,37,Loss,37.009002
2023-2024,2024-03-02 00:00:00,Newcastle,27,home,Wolves,3,0,3,14,7,0.5,0.21428571428571427,12,3,0.25,0.0,8,11,0.7272727272727273,0,1,0,0,3,5,12,3,40,Win,40.012007
2023-2024,2024-03-11 00:00:00,Newcastle,28,away,Chelsea,2,3,-1,11,3,0.2727272727272727,0.18181818181818182,12,8,0.6666666666666666,0.25,7,12,0.5833333333333334,1,3,0,0,4,0,11,0,40,Loss,40.011003
2023-2024,2024-03-30 00:00:00,Newcastle,29,home,West Ham,4,3,1,24,9,0.375,0.16666666666666666,10,4,0.4,0.3,9,8,1.125,1,1,1,0,3,4,12,3,43,Win,43.012009
2023-2024,2024-04-02 00:00:00,Newcastle,30,home,Everton,1,1,0,18,6,0.3333333333333333,0.05555555555555555,10,3,0.3,0.1,9,14,0.6428571428571429,0,3,0,0,7,3,12,1,44,Draw,44.012006
2023-2024,2024-04-06 00:00:00,Newcastle,31,away,Fulham,1,0,1,12,5,0.4166666666666667,0.08333333333333333,14,4,0.2857142857142857,0.0,13,10,1.3,2,1,0,0,3,14,13,3,47,Win,47.013005
2023-2024,2024-04-13 00:00:00,Newcastle,32,home,Tottenham,4,0,4,18,5,0.2777777777777778,0.2222222222222222,11,2,0.18181818181818182,0.0,14,12,1.1666666666666667,0,4,0,0,16,3,17,3,50,Win,50.017005000000005
2023-2024,2024-04-24 00:00:00,Newcastle,33,away,Crystal Palace,0,2,-2,7,2,0.2857142857142857,0.0,20,7,0.35,0.1,15,10,1.5,3,3,0,0,2,7,15,0,50,Loss,50.015002
2023-2024,2024-04-27 00:00:00,Newcastle,34,home,Sheffield United,5,1,4,20,7,0.35,0.25,15,5,0.3333333333333333,0.06666666666666667,9,10,0.9,0,0,0,0,4,5,19,3,53,Win,53.019006999999995
2023-2024,2024-05-04 00:00:00,Newcastle,35,away,Burnley,4,1,3,23,11,0.4782608695652174,0.17391304347826086,17,5,0.29411764705882354,0.058823529411764705,8,8,1.0,2,2,0,0,11,4,22,3,56,Win,56.022011
2023-2024,2024-05-11 00:00:00,Newcastle,36,home,Brighton,1,1,0,18,7,0.3888888888888889,0.05555555555555555,15,4,0.26666666666666666,0.06666666666666667,9,16,0.5625,3,4,0,0,8,4,22,1,57,Draw,57.022006999999995
2023-2024,2024-05-15 00:00:00,Newcastle,37,away,Man United,2,3,-1,21,8,0.38095238095238093,0.09523809523809523,17,8,0.47058823529411764,0.17647058823529413,7,16,0.4375,3,3,0,0,9,9,21,0,57,Loss,57.021008
2023-2024,2024-05-19 00:00:00,Newcastle,38,away,Brentford,4,2,2,12,7,0.5833333333333334,0.3333333333333333,10,5,0.5,0.2,11,15,0.7333333333333333,4,4,0,0,0,3,23,3,60,Win,60.023007
2023-2024,2023-08-12 00:00:00,Nott'm Forest,1,away,Arsenal,1,2,-1,6,2,0.3333333333333333,0.16666666666666666,15,7,0.4666666666666667,0.13333333333333333,12,12,1.0,2,2,0,0,3,8,-1,0,0,Loss,-0.000998
2023-2024,2023-08-18 00:00:00,Nott'm Forest,2,home,Sheffield United,2,1,1,16,4,0.25,0.125,7,3,0.42857142857142855,0.14285714285714285,5,9,0.5555555555555556,2,3,0,0,6,7,0,3,3,Win,3.000004
2023-2024,2023-08-26 00:00:00,Nott'm Forest,3,away,Man United,2,3,-1,9,4,0.4444444444444444,0.2222222222222222,18,9,0.5,0.16666666666666666,11,13,0.8461538461538461,4,4,1,0,3,11,-1,0,3,Loss,2.9990040000000002
2023-2024,2023-09-02 00:00:00,Nott'm Forest,4,away,Chelsea,1,0,1,7,3,0.42857142857142855,0.14285714285714285,21,2,0.09523809523809523,0.0,9,10,0.9,4,3,0,0,0,8,0,3,6,Win,6.000003
2023-2024,2023-09-18 00:00:00,Nott'm Forest,5,home,Burnley,1,1,0,14,4,0.2857142857142857,0.07142857142857142,10,3,0.3,0.1,16,10,1.6,2,3,0,1,5,4,0,1,7,Draw,7.000004
2023-2024,2023-09-23 00:00:00,Nott'm Forest,6,away,Man City,0,2,-2,10,3,0.3,0.0,7,4,0.5714285714285714,0.2857142857142857,17,5,3.4,7,3,0,1,6,6,-2,0,7,Loss,6.998003000000001
2023-2024,2023-10-01 00:00:00,Nott'm Forest,7,home,Brentford,1,1,0,6,1,0.16666666666666666,0.16666666666666666,18,5,0.2777777777777778,0.05555555555555555,6,10,0.6,1,2,1,0,1,11,-2,1,8,Draw,7.998001
2023-2024,2023-10-07 00:00:00,Nott'm Forest,8,away,Crystal Palace,0,0,0,16,5,0.3125,0.0,8,2,0.25,0.0,12,7,1.7142857142857142,1,0,0,0,7,3,-2,1,9,Draw,8.998005
2023-2024,2023-10-21 00:00:00,Nott'm Forest,9,home,Luton,2,2,0,19,8,0.42105263157894735,0.10526315789473684,13,4,0.3076923076923077,0.15384615384615385,12,11,1.0909090909090908,3,0,0,0,4,2,-2,1,10,Draw,9.998007999999999
2023-2024,2023-10-29 00:00:00,Nott'm Forest,10,away,Liverpool,0,3,-3,9,1,0.1111111111111111,0.0,21,8,0.38095238095238093,0.14285714285714285,13,9,1.4444444444444444,3,2,0,0,3,8,-5,0,10,Loss,9.995000999999998
2023-2024,2023-11-05 00:00:00,Nott'm Forest,11,home,Aston Villa,2,0,2,5,3,0.6,0.4,13,3,0.23076923076923078,0.0,6,9,0.6666666666666666,1,1,0,0,0,10,-3,3,13,Win,12.997003
2023-2024,2023-11-12 00:00:00,Nott'm Forest,12,away,West Ham,2,3,-1,10,5,0.5,0.2,16,6,0.375,0.1875,12,9,1.3333333333333333,2,2,0,0,4,9,-4,0,13,Loss,12.996005
2023-2024,2023-11-25 00:00:00,Nott'm Forest,13,home,Brighton,2,3,-1,18,5,0.2777777777777778,0.1111111111111111,11,5,0.45454545454545453,0.2727272727272727,12,7,1.7142857142857142,2,4,0,1,6,4,-5,0,13,Loss,12.995004999999999
2023-2024,2023-12-02 00:00:00,Nott'm Forest,14,home,Everton,0,1,-1,13,2,0.15384615384615385,0.0,12,3,0.25,0.08333333333333333,15,14,1.0714285714285714,1,0,0,0,4,3,-6,0,13,Loss,12.994002
2023-2024,2023-12-06 00:00:00,Nott'm Forest,15,away,Fulham,0,5,-5,4,1,0.25,0.0,14,6,0.42857142857142855,0.35714285714285715,10,7,1.4285714285714286,1,0,0,0,1,6,-11,0,13,Loss,12.989001
2023-2024,2023-12-09 00:00:00,Nott'm Forest,16,away,Wolves,1,1,0,8,2,0.25,0.125,10,4,0.4,0.1,11,9,1.2222222222222223,1,0,0,0,3,4,-11,1,14,Draw,13.989002000000001
2023-2024,2023-12-15 00:00:00,Nott'm Forest,17,home,Tottenham,0,2,-2,15,1,0.06666666666666667,0.0,12,6,0.5,0.16666666666666666,16,11,1.4545454545454546,2,4,0,1,6,4,-13,0,14,Loss,13.987001
2023-2024,2023-12-23 00:00:00,Nott'm Forest,18,home,Bournemouth,2,3,-1,11,5,0.45454545454545453,0.18181818181818182,18,7,0.3888888888888889,0.16666666666666666,10,10,1.0,0,3,1,0,6,6,-14,0,14,Loss,13.986005
2023-2024,2023-12-26 00:00:00,Nott'm Forest,19,away,Newcastle,3,1,2,15,6,0.4,0.2,19,7,0.3684210526315789,0.05263157894736842,11,10,1.1,3,3,0,0,2,10,-12,3,17,Win,16.988006
2023-2024,2023-12-30 00:00:00,Nott'm Forest,20,home,Man United,2,1,1,8,2,0.25,0.25,10,5,0.5,0.1,9,11,0.8181818181818182,2,4,0,0,4,5,-11,3,20,Win,19.989002
2023-2024,2024-01-20 00:00:00,Nott'm Forest,21,away,Brentford,2,3,-1,12,3,0.25,0.16666666666666666,11,5,0.45454545454545453,0.2727272727272727,14,10,1.4,3,1,0,0,4,6,-12,0,20,Loss,19.988003
2023-2024,2024-01-30 00:00:00,Nott'm Forest,22,home,Arsenal,1,2,-1,9,3,0.3333333333333333,0.1111111111111111,19,3,0.15789473684210525,0.10526315789473684,6,7,0.8571428571428571,0,1,0,0,2,11,-13,0,20,Loss,19.987002999999998
2023-2024,2024-02-04 00:00:00,Nott'm Forest,23,away,Bournemouth,1,1,0,8,6,0.75,0.125,9,2,0.2222222222222222,0.1111111111111111,12,19,0.631578947368421,2,3,0,1,6,11,-13,1,21,Draw,20.987005999999997
2023-2024,2024-02-10 00:00:00,Nott'm Forest,24,home,Newcastle,2,3,-1,13,3,0.23076923076923078,0.15384615384615385,7,5,0.7142857142857143,0.42857142857142855,9,6,1.5,1,2,0,0,4,4,-14,0,21,Loss,20.986003
2023-2024,2024-02-17 00:00:00,Nott'm Forest,25,home,West Ham,2,0,2,19,8,0.42105263157894735,0.10526315789473684,10,3,0.3,0.0,13,15,0.8666666666666667,4,4,0,1,5,3,-12,3,24,Win,23.988008
2023-2024,2024-02-24 00:00:00,Nott'm Forest,26,away,Aston Villa,2,4,-2,10,3,0.3,0.2,16,6,0.375,0.25,16,7,2.2857142857142856,2,1,0,0,2,7,-14,0,24,Loss,23.986003
2023-2024,2024-03-02 00:00:00,Nott'm Forest,27,home,Liverpool,0,1,-1,8,2,0.25,0.0,22,2,0.09090909090909091,0.045454545454545456,11,12,0.9166666666666666,2,2,0,0,3,12,-15,0,24,Loss,23.985001999999998
2023-2024,2024-03-10 00:00:00,Nott'm Forest,28,away,Brighton,0,1,-1,9,4,0.4444444444444444,0.0,10,3,0.3,0.1,14,14,1.0,4,4,0,0,3,6,-16,0,24,Loss,23.984004000000002
2023-2024,2024-03-16 00:00:00,Nott'm Forest,29,away,Luton,1,1,0,16,6,0.375,0.0625,10,4,0.4,0.1,17,10,1.7,2,1,0,0,7,6,-16,1,25,Draw,24.984006
2023-2024,2024-03-30 00:00:00,Nott'm Forest,30,home,Crystal Palace,1,1,0,12,5,0.4166666666666667,0.08333333333333333,10,3,0.3,0.1,14,12,1.1666666666666667,1,1,0,0,4,6,-16,1,26,Draw,25.984005000000003
2023-2024,2024-04-02 00:00:00,Nott'm Forest,31,home,Fulham,3,1,2,16,4,0.25,0.1875,18,3,0.16666666666666666,0.05555555555555555,7,8,0.875,0,0,0,0,3,8,-14,3,29,Win,28.986004
2023-2024,2024-04-07 00:00:00,Nott'm Forest,32,away,Tottenham,1,3,-2,13,6,0.46153846153846156,0.07692307692307693,17,7,0.4117647058823529,0.17647058823529413,12,11,1.0909090909090908,3,2,0,0,2,12,-16,0,29,Loss,28.984006
2023-2024,2024-04-13 00:00:00,Nott'm Forest,33,home,Wolves,2,2,0,18,9,0.5,0.1111111111111111,11,4,0.36363636363636365,0.18181818181818182,15,10,1.5,2,3,0,0,10,1,-16,1,30,Draw,29.984009
2023-2024,2024-04-21 00:00:00,Nott'm Forest,34,away,Everton,0,2,-2,8,3,0.375,0.0,7,4,0.5714285714285714,0.2857142857142857,9,15,0.6,2,3,0,0,4,6,-18,0,30,Loss,29.982003
2023-2024,2024-04-28 00:00:00,Nott'm Forest,35,home,Man City,0,2,-2,14,2,0.14285714285714285,0.0,11,5,0.45454545454545453,0.18181818181818182,8,6,1.3333333333333333,0,0,0,0,4,5,-20,0,30,Loss,29.980002
2023-2024,2024-05-04 00:00:00,Nott'm Forest,36,away,Sheffield United,3,1,2,15,4,0.26666666666666666,0.2,17,5,0.29411764705882354,0.058823529411764705,7,9,0.7777777777777778,1,0,0,1,3,5,-18,3,33,Win,32.982003999999996
2023-2024,2024-05-11 00:00:00,Nott'm Forest,37,home,Chelsea,2,3,-1,20,4,0.2,0.1,12,5,0.4166666666666667,0.25,14,8,1.75,2,3,0,0,5,6,-19,0,33,Loss,32.981004
2023-2024,2024-05-19 00:00:00,Nott'm Forest,38,away,Burnley,2,1,1,12,6,0.5,0.16666666666666666,20,3,0.15,0.05,5,11,0.45454545454545453,0,1,0,0,3,4,-18,3,36,Win,35.982006
2023-2024,2023-08-12 00:00:00,Sheffield United,1,home,Crystal Palace,0,1,-1,8,1,0.125,0.0,24,8,0.3333333333333333,0.041666666666666664,18,11,1.6363636363636365,3,0,0,0,5,5,-1,0,0,Loss,-0.000999
2023-2024,2023-08-18 00:00:00,Sheffield United,2,away,Nott'm Forest,1,2,-1,7,3,0.42857142857142855,0.14285714285714285,16,4,0.25,0.125,9,5,1.8,3,2,0,0,7,6,-2,0,0,Loss,-0.001997
2023-2024,2023-08-27 00:00:00,Sheffield United,3,home,Man City,1,2,-1,6,2,0.3333333333333333,0.16666666666666666,30,9,0.3,0.06666666666666667,11,2,5.5,3,0,0,0,1,12,-3,0,0,Loss,-0.0029980000000000002
2023-2024,2023-09-02 00:00:00,Sheffield United,4,home,Everton,2,2,0,13,8,0.6153846153846154,0.15384615384615385,16,6,0.375,0.125,11,13,0.8461538461538461,1,2,0,0,4,6,-3,1,1,Draw,0.997008
2023-2024,2023-09-16 00:00:00,Sheffield United,5,away,Tottenham,1,2,-1,7,5,0.7142857142857143,0.14285714285714285,28,10,0.35714285714285715,0.07142857142857142,14,13,1.0769230769230769,5,6,1,0,2,15,-4,0,1,Loss,0.996005
2023-2024,2023-09-24 00:00:00,Sheffield United,6,home,Newcastle,0,8,-8,9,1,0.1111111111111111,0.0,22,15,0.6818181818181818,0.36363636363636365,12,8,1.5,3,0,0,0,2,6,-12,0,1,Loss,0.988001
2023-2024,2023-09-30 00:00:00,Sheffield United,7,away,West Ham,0,2,-2,16,2,0.125,0.0,20,9,0.45,0.1,9,6,1.5,1,1,0,0,4,7,-14,0,1,Loss,0.9860019999999999
2023-2024,2023-10-07 00:00:00,Sheffield United,8,away,Fulham,1,3,-2,5,2,0.4,0.2,20,6,0.3,0.15,10,8,1.25,2,1,0,0,4,9,-16,0,1,Loss,0.9840019999999999
2023-2024,2023-10-21 00:00:00,Sheffield United,9,home,Man United,1,2,-1,12,6,0.5,0.08333333333333333,14,5,0.35714285714285715,0.14285714285714285,12,10,1.2,3,1,0,0,5,4,-17,0,1,Loss,0.9830059999999999
2023-2024,2023-10-28 00:00:00,Sheffield United,10,away,Arsenal,0,5,-5,2,0,0.0,0.0,13,8,0.6153846153846154,0.38461538461538464,13,9,1.4444444444444444,3,0,0,0,1,6,-22,0,1,Loss,0.978
2023-2024,2023-11-04 00:00:00,Sheffield United,11,home,Wolves,2,1,1,11,2,0.18181818181818182,0.18181818181818182,10,3,0.3,0.1,13,10,1.3,2,3,0,0,4,4,-21,3,4,Win,3.979002
2023-2024,2023-11-12 00:00:00,Sheffield United,12,away,Brighton,1,1,0,9,1,0.1111111111111111,0.1111111111111111,11,6,0.5454545454545454,0.09090909090909091,16,13,1.2307692307692308,2,3,0,1,3,6,-21,1,5,Draw,4.979001
2023-2024,2023-11-25 00:00:00,Sheffield United,13,home,Bournemouth,1,3,-2,10,2,0.2,0.1,23,11,0.4782608695652174,0.13043478260869565,6,8,0.75,4,1,0,0,4,7,-23,0,5,Loss,4.977002000000001
2023-2024,2023-12-02 00:00:00,Sheffield United,14,away,Burnley,0,5,-5,6,3,0.5,0.0,19,7,0.3684210526315789,0.2631578947368421,12,9,1.3333333333333333,5,2,1,0,1,6,-28,0,5,Loss,4.972003000000001
2023-2024,2023-12-06 00:00:00,Sheffield United,15,home,Liverpool,0,2,-2,6,1,0.16666666666666666,0.0,15,8,0.5333333333333333,0.13333333333333333,12,8,1.5,2,3,0,0,2,12,-30,0,5,Loss,4.970001
2023-2024,2023-12-09 00:00:00,Sheffield United,16,home,Brentford,1,0,1,9,4,0.4444444444444444,0.1111111111111111,10,4,0.4,0.0,14,13,1.0769230769230769,5,1,0,0,3,4,-29,3,8,Win,7.971004
2023-2024,2023-12-16 00:00:00,Sheffield United,17,away,Chelsea,0,2,-2,6,1,0.16666666666666666,0.0,15,6,0.4,0.13333333333333333,14,9,1.5555555555555556,3,1,0,0,6,7,-31,0,8,Loss,7.9690010000000004
2023-2024,2023-12-22 00:00:00,Sheffield United,18,away,Aston Villa,1,1,0,5,2,0.4,0.2,12,4,0.3333333333333333,0.08333333333333333,16,11,1.4545454545454546,3,3,0,0,1,9,-31,1,9,Draw,8.969002
2023-2024,2023-12-26 00:00:00,Sheffield United,19,home,Luton,2,3,-1,21,6,0.2857142857142857,0.09523809523809523,12,4,0.3333333333333333,0.25,13,13,1.0,5,0,0,0,9,4,-32,0,9,Loss,8.968006
2023-2024,2023-12-30 00:00:00,Sheffield United,20,away,Man City,0,2,-2,4,2,0.5,0.0,18,4,0.2222222222222222,0.1111111111111111,6,5,1.2,1,1,0,0,2,12,-34,0,9,Loss,8.966002
2023-2024,2024-01-21 00:00:00,Sheffield United,21,home,West Ham,2,2,0,21,6,0.2857142857142857,0.09523809523809523,16,5,0.3125,0.125,11,10,1.1,3,1,1,1,4,1,-34,1,10,Draw,9.966006
2023-2024,2024-01-30 00:00:00,Sheffield United,22,away,Crystal Palace,2,3,-1,9,5,0.5555555555555556,0.2222222222222222,12,4,0.3333333333333333,0.25,18,8,2.25,4,1,0,0,1,11,-35,0,10,Loss,9.965005
2023-2024,2024-02-03 00:00:00,Sheffield United,23,home,Aston Villa,0,5,-5,10,5,0.5,0.0,14,10,0.7142857142857143,0.35714285714285715,10,7,1.4285714285714286,1,0,0,0,3,4,-40,0,10,Loss,9.960005
2023-2024,2024-02-10 00:00:00,Sheffield United,24,away,Luton,3,1,2,7,3,0.42857142857142855,0.42857142857142855,20,5,0.25,0.05,12,7,1.7142857142857142,2,1,0,0,1,13,-38,3,13,Win,12.962003
2023-2024,2024-02-18 00:00:00,Sheffield United,25,home,Brighton,0,5,-5,6,1,0.16666666666666666,0.0,24,10,0.4166666666666667,0.20833333333333334,3,5,0.6,1,4,1,0,5,10,-43,0,13,Loss,12.957001
2023-2024,2024-02-25 00:00:00,Sheffield United,26,away,Wolves,0,1,-1,12,4,0.3333333333333333,0.0,13,2,0.15384615384615385,0.07692307692307693,4,8,0.5,1,2,0,0,6,5,-44,0,13,Loss,12.956004
2023-2024,2024-03-04 00:00:00,Sheffield United,27,home,Arsenal,0,6,-6,4,0,0.0,0.0,22,10,0.45454545454545453,0.2727272727272727,11,4,2.75,1,0,0,0,0,7,-50,0,13,Loss,12.95
2023-2024,2024-03-09 00:00:00,Sheffield United,28,away,Bournemouth,2,2,0,13,9,0.6923076923076923,0.15384615384615385,32,12,0.375,0.0625,11,12,0.9166666666666666,5,3,0,0,3,10,-50,1,14,Draw,13.950009
2023-2024,2024-03-30 00:00:00,Sheffield United,29,home,Fulham,3,3,0,8,4,0.5,0.375,24,9,0.375,0.125,10,13,0.7692307692307693,4,1,0,0,2,15,-50,1,15,Draw,14.950004
2023-2024,2024-04-04 00:00:00,Sheffield United,30,away,Liverpool,1,3,-2,8,3,0.375,0.125,29,9,0.3103448275862069,0.10344827586206896,9,6,1.5,1,0,0,0,1,13,-52,0,15,Loss,14.948003
2023-2024,2024-04-07 00:00:00,Sheffield United,31,home,Chelsea,2,2,0,11,6,0.5454545454545454,0.18181818181818182,6,3,0.5,0.3333333333333333,12,10,1.2,4,2,0,0,7,6,-52,1,16,Draw,15.948006000000001
2023-2024,2024-04-13 00:00:00,Sheffield United,32,away,Brentford,0,2,-2,8,2,0.25,0.0,9,5,0.5555555555555556,0.2222222222222222,11,8,1.375,1,3,0,0,6,3,-54,0,16,Loss,15.946002
2023-2024,2024-04-20 00:00:00,Sheffield United,33,home,Burnley,1,4,-3,18,11,0.6111111111111112,0.05555555555555555,16,9,0.5625,0.25,10,9,1.1111111111111112,1,0,0,0,11,2,-57,0,16,Loss,15.943011
2023-2024,2024-04-24 00:00:00,Sheffield United,34,away,Man United,2,4,-2,10,4,0.4,0.2,25,13,0.52,0.16,9,7,1.2857142857142858,1,0,0,0,4,9,-59,0,16,Loss,15.941004000000001
2023-2024,2024-04-27 00:00:00,Sheffield United,35,away,Newcastle,1,5,-4,15,5,0.3333333333333333,0.06666666666666667,20,7,0.35,0.25,10,9,1.1111111111111112,0,0,0,0,5,4,-63,0,16,Loss,15.937005
2023-2024,2024-05-04 00:00:00,Sheffield United,36,home,Nott'm Forest,1,3,-2,17,5,0.29411764705882354,0.058823529411764705,15,4,0.26666666666666666,0.2,9,7,1.2857142857142858,0,1,1,0,5,3,-65,0,16,Loss,15.935005
2023-2024,2024-05-11 00:00:00,Sheffield United,37,away,Everton,0,1,-1,13,1,0.07692307692307693,0.0,15,6,0.4,0.06666666666666667,11,6,1.8333333333333333,2,1,0,0,6,3,-66,0,16,Loss,15.934000999999999
2023-2024,2024-05-19 00:00:00,Sheffield United,38,home,Tottenham,0,3,-3,6,1,0.16666666666666666,0.0,18,9,0.5,0.16666666666666666,11,9,1.2222222222222223,2,0,0,0,2,6,-69,0,16,Loss,15.931000999999998
2023-2024,2023-08-13 00:00:00,Tottenham,1,away,Brentford,2,2,0,18,6,0.3333333333333333,0.1111111111111111,11,6,0.5454545454545454,0.18181818181818182,13,12,1.0833333333333333,4,1,0,0,6,3,0,1,1,Draw,1.000006
2023-2024,2023-08-19 00:00:00,Tottenham,2,home,Man United,2,0,2,17,6,0.35294117647058826,0.11764705882352941,22,6,0.2727272727272727,0.0,9,8,1.125,1,3,0,0,5,6,2,3,4,Win,4.002006
2023-2024,2023-08-26 00:00:00,Tottenham,3,away,Bournemouth,2,0,2,17,6,0.35294117647058826,0.11764705882352941,11,3,0.2727272727272727,0.0,11,18,0.6111111111111112,3,1,0,0,2,6,4,3,7,Win,7.0040059999999995
2023-2024,2023-09-02 00:00:00,Tottenham,4,away,Burnley,5,2,3,20,10,0.5,0.25,16,4,0.25,0.125,9,15,0.6,3,4,0,0,4,7,7,3,10,Win,10.00701
2023-2024,2023-09-16 00:00:00,Tottenham,5,home,Sheffield United,2,1,1,28,10,0.35714285714285715,0.07142857142857142,7,5,0.7142857142857143,0.14285714285714285,13,14,0.9285714285714286,6,5,0,1,15,2,8,3,13,Win,13.008009999999999
2023-2024,2023-09-24 00:00:00,Tottenham,6,away,Arsenal,2,2,0,13,5,0.38461538461538464,0.15384615384615385,13,6,0.46153846153846156,0.15384615384615385,19,12,1.5833333333333333,4,3,0,0,4,11,8,1,14,Draw,14.008004999999999
2023-2024,2023-09-30 00:00:00,Tottenham,7,home,Liverpool,2,1,1,24,8,0.3333333333333333,0.08333333333333333,12,4,0.3333333333333333,0.08333333333333333,11,17,0.6470588235294118,5,4,0,2,12,5,9,3,17,Win,17.009008
2023-2024,2023-10-07 00:00:00,Tottenham,8,away,Luton,1,0,1,15,4,0.26666666666666666,0.06666666666666667,12,2,0.16666666666666666,0.0,7,16,0.4375,1,2,1,0,6,5,10,3,20,Win,20.010004000000002
2023-2024,2023-10-23 00:00:00,Tottenham,9,home,Fulham,2,0,2,15,5,0.3333333333333333,0.13333333333333333,10,3,0.3,0.0,10,14,0.7142857142857143,2,0,0,0,3,5,12,3,23,Win,23.012005000000002
2023-2024,2023-10-27 00:00:00,Tottenham,10,away,Crystal Palace,2,1,1,10,1,0.1,0.2,13,3,0.23076923076923078,0.07692307692307693,11,19,0.5789473684210527,1,2,0,0,2,11,13,3,26,Win,26.013001000000003
2023-2024,2023-11-06 00:00:00,Tottenham,11,home,Chelsea,1,4,-3,8,5,0.625,0.125,17,8,0.47058823529411764,0.23529411764705882,12,21,0.5714285714285714,1,5,2,0,1,6,10,0,26,Loss,26.010005000000003
2023-2024,2023-11-11 00:00:00,Tottenham,12,away,Wolves,1,2,-1,6,2,0.3333333333333333,0.16666666666666666,17,4,0.23529411764705882,0.11764705882352941,15,19,0.7894736842105263,3,4,0,0,3,11,9,0,26,Loss,26.009002
2023-2024,2023-11-26 00:00:00,Tottenham,13,home,Aston Villa,1,2,-1,18,8,0.4444444444444444,0.05555555555555555,15,5,0.3333333333333333,0.13333333333333333,11,13,0.8461538461538461,0,4,0,0,9,3,8,0,26,Loss,26.008008
2023-2024,2023-12-03 00:00:00,Tottenham,14,away,Man City,3,3,0,8,4,0.5,0.375,18,4,0.2222222222222222,0.16666666666666666,14,14,1.0,4,4,0,0,8,10,8,1,27,Draw,27.008004
2023-2024,2023-12-07 00:00:00,Tottenham,15,home,West Ham,1,2,-1,23,7,0.30434782608695654,0.043478260869565216,11,5,0.45454545454545453,0.18181818181818182,11,12,0.9166666666666666,3,3,0,0,8,4,7,0,27,Loss,27.007007
2023-2024,2023-12-10 00:00:00,Tottenham,16,home,Newcastle,4,1,3,23,12,0.5217391304347826,0.17391304347826086,9,3,0.3333333333333333,0.1111111111111111,10,12,0.8333333333333334,1,3,0,0,3,6,10,3,30,Win,30.010012000000003
2023-2024,2023-12-15 00:00:00,Tottenham,17,away,Nott'm Forest,2,0,2,12,6,0.5,0.16666666666666666,15,1,0.06666666666666667,0.0,11,16,0.6875,4,2,1,0,4,6,12,3,33,Win,33.012006
2023-2024,2023-12-23 00:00:00,Tottenham,18,home,Everton,2,1,1,13,6,0.46153846153846156,0.15384615384615385,18,8,0.4444444444444444,0.05555555555555555,6,18,0.3333333333333333,1,4,0,0,3,8,13,3,36,Win,36.013006
2023-2024,2023-12-28 00:00:00,Tottenham,19,away,Brighton,2,4,-2,19,3,0.15789473684210525,0.10526315789473684,15,9,0.6,0.26666666666666666,6,18,0.3333333333333333,2,3,0,0,6,7,11,0,36,Loss,36.011003
2023-2024,2023-12-31 00:00:00,Tottenham,20,home,Bournemouth,3,1,2,12,6,0.5,0.25,24,4,0.16666666666666666,0.041666666666666664,9,18,0.5,3,3,0,0,4,13,13,3,39,Win,39.013006
2023-2024,2024-01-14 00:00:00,Tottenham,21,away,Man United,2,2,0,16,6,0.375,0.125,9,2,0.2222222222222222,0.2222222222222222,5,8,0.625,1,2,0,0,13,8,13,1,40,Draw,40.013006
2023-2024,2024-01-31 00:00:00,Tottenham,22,home,Brentford,3,2,1,19,5,0.2631578947368421,0.15789473684210525,9,5,0.5555555555555556,0.2222222222222222,13,15,0.8666666666666667,2,3,0,0,5,3,14,3,43,Win,43.014005000000004
2023-2024,2024-02-03 00:00:00,Tottenham,23,away,Everton,2,2,0,9,6,0.6666666666666666,0.2222222222222222,14,5,0.35714285714285715,0.14285714285714285,14,8,1.75,0,3,0,0,5,9,14,1,44,Draw,44.014006
2023-2024,2024-02-10 00:00:00,Tottenham,24,home,Brighton,2,1,1,16,6,0.375,0.125,6,3,0.5,0.16666666666666666,14,13,1.0769230769230769,2,3,0,0,9,6,15,3,47,Win,47.015006
2023-2024,2024-02-17 00:00:00,Tottenham,25,home,Wolves,1,2,-1,15,4,0.26666666666666666,0.06666666666666667,12,7,0.5833333333333334,0.16666666666666666,8,13,0.6153846153846154,0,1,0,0,10,4,14,0,47,Loss,47.014004
2023-2024,2024-03-02 00:00:00,Tottenham,26,home,Crystal Palace,3,1,2,14,6,0.42857142857142855,0.21428571428571427,4,1,0.25,0.25,7,16,0.4375,1,2,0,0,11,1,16,3,50,Win,50.016006
2023-2024,2024-03-10 00:00:00,Tottenham,27,away,Aston Villa,4,0,4,9,5,0.5555555555555556,0.4444444444444444,10,1,0.1,0.0,15,11,1.3636363636363635,2,0,0,1,4,6,20,3,53,Win,53.020005000000005
2023-2024,2024-03-16 00:00:00,Tottenham,28,away,Fulham,0,3,-3,14,5,0.35714285714285715,0.0,16,7,0.4375,0.1875,10,9,1.1111111111111112,3,2,0,0,5,4,17,0,53,Loss,53.017005000000005
2023-2024,2024-03-30 00:00:00,Tottenham,29,home,Luton,2,1,1,17,4,0.23529411764705882,0.11764705882352941,7,3,0.42857142857142855,0.14285714285714285,16,14,1.1428571428571428,2,4,0,0,3,6,18,3,56,Win,56.018004
2023-2024,2024-04-02 00:00:00,Tottenham,30,away,West Ham,1,1,0,13,4,0.3076923076923077,0.07692307692307693,11,4,0.36363636363636365,0.09090909090909091,9,13,0.6923076923076923,4,1,0,0,5,9,18,1,57,Draw,57.018004
2023-2024,2024-04-07 00:00:00,Tottenham,31,home,Nott'm Forest,3,1,2,17,7,0.4117647058823529,0.17647058823529413,13,6,0.46153846153846156,0.07692307692307693,11,12,0.9166666666666666,2,3,0,0,12,2,20,3,60,Win,60.020007
2023-2024,2024-04-13 00:00:00,Tottenham,32,away,Newcastle,0,4,-4,11,2,0.18181818181818182,0.0,18,5,0.2777777777777778,0.2222222222222222,12,14,0.8571428571428571,4,0,0,0,3,16,16,0,60,Loss,60.016002
2023-2024,2024-04-28 00:00:00,Tottenham,33,home,Arsenal,2,3,-1,14,2,0.14285714285714285,0.14285714285714285,9,3,0.3333333333333333,0.3333333333333333,12,16,0.75,2,1,0,0,8,6,15,0,60,Loss,60.015002
2023-2024,2024-05-02 00:00:00,Tottenham,34,away,Chelsea,0,2,-2,19,3,0.15789473684210525,0.0,16,5,0.3125,0.125,16,12,1.3333333333333333,1,0,0,0,9,4,13,0,60,Loss,60.013003
2023-2024,2024-05-05 00:00:00,Tottenham,35,away,Liverpool,2,4,-2,11,6,0.5454545454545454,0.18181818181818182,25,13,0.52,0.16,12,14,0.8571428571428571,4,1,0,0,3,8,11,0,60,Loss,60.011006
2023-2024,2024-05-11 00:00:00,Tottenham,36,home,Burnley,2,1,1,21,9,0.42857142857142855,0.09523809523809523,7,3,0.42857142857142855,0.14285714285714285,10,14,0.7142857142857143,3,5,0,0,9,3,12,3,63,Win,63.012009
2023-2024,2024-05-14 00:00:00,Tottenham,37,home,Man City,0,2,-2,10,5,0.5,0.0,8,5,0.625,0.25,14,11,1.2727272727272727,3,3,0,0,7,4,10,0,63,Loss,63.010005
2023-2024,2024-05-19 00:00:00,Tottenham,38,away,Sheffield United,3,0,3,18,9,0.5,0.16666666666666666,6,1,0.16666666666666666,0.0,9,11,0.8181818181818182,0,2,0,0,6,2,13,3,66,Win,66.01300900000001
2023-2024,2023-08-12 00:00:00,West Ham,1,away,Bournemouth,1,1,0,16,3,0.1875,0.0625,14,5,0.35714285714285715,0.07142857142857142,14,9,1.5555555555555556,4,1,0,0,4,10,0,1,1,Draw,1.000003
2023-2024,2023-08-20 00:00:00,West Ham,2,home,Chelsea,3,1,2,12,6,0.5,0.25,17,4,0.23529411764705882,0.058823529411764705,12,9,1.3333333333333333,2,3,1,0,3,9,2,3,4,Win,4.002006
2023-2024,2023-08-26 00:00:00,West Ham,3,away,Brighton,3,1,2,12,3,0.25,0.25,25,10,0.4,0.04,9,10,0.9,3,1,0,0,4,17,4,3,7,Win,7.004003
2023-2024,2023-09-01 00:00:00,West Ham,4,away,Luton,2,1,1,9,3,0.3333333333333333,0.2222222222222222,16,1,0.0625,0.0625,13,8,1.625,1,1,0,0,6,9,5,3,10,Win,10.005003
2023-2024,2023-09-16 00:00:00,West Ham,5,home,Man City,1,3,-2,6,3,0.5,0.16666666666666666,29,15,0.5172413793103449,0.10344827586206896,7,11,0.6363636363636364,3,2,0,0,4,11,3,0,10,Loss,10.003003
2023-2024,2023-09-24 00:00:00,West Ham,6,away,Liverpool,1,3,-2,11,4,0.36363636363636365,0.09090909090909091,22,7,0.3181818181818182,0.13636363636363635,13,12,1.0833333333333333,2,0,0,0,4,7,1,0,10,Loss,10.001004
2023-2024,2023-09-30 00:00:00,West Ham,7,home,Sheffield United,2,0,2,20,9,0.45,0.1,16,2,0.125,0.0,6,9,0.6666666666666666,1,1,0,0,7,4,3,3,13,Win,13.003009
2023-2024,2023-10-08 00:00:00,West Ham,8,home,Newcastle,2,2,0,5,3,0.6,0.4,10,3,0.3,0.2,11,18,0.6111111111111112,3,3,0,0,4,2,3,1,14,Draw,14.003003
2023-2024,2023-10-22 00:00:00,West Ham,9,away,Aston Villa,1,4,-3,14,4,0.2857142857142857,0.07142857142857142,15,7,0.4666666666666667,0.26666666666666666,15,9,1.6666666666666667,1,0,0,0,7,8,0,0,14,Loss,14.000004
2023-2024,2023-10-29 00:00:00,West Ham,10,home,Everton,0,1,-1,12,2,0.16666666666666666,0.0,10,4,0.4,0.1,7,11,0.6363636363636364,4,1,0,0,4,3,-1,0,14,Loss,13.999002
2023-2024,2023-11-04 00:00:00,West Ham,11,away,Brentford,2,3,-1,12,2,0.16666666666666666,0.16666666666666666,16,4,0.25,0.1875,14,12,1.1666666666666667,4,1,0,0,3,4,-2,0,14,Loss,13.998002
2023-2024,2023-11-12 00:00:00,West Ham,12,home,Nott'm Forest,3,2,1,16,6,0.375,0.1875,10,5,0.5,0.2,9,12,0.75,2,2,0,0,9,4,-1,3,17,Win,16.999005999999998
2023-2024,2023-11-25 00:00:00,West Ham,13,away,Burnley,2,1,1,11,3,0.2727272727272727,0.18181818181818182,11,5,0.45454545454545453,0.09090909090909091,7,11,0.6363636363636364,3,1,0,0,5,4,0,3,20,Win,20.000003
2023-2024,2023-12-03 00:00:00,West Ham,14,home,Crystal Palace,1,1,0,9,3,0.3333333333333333,0.1111111111111111,9,2,0.2222222222222222,0.1111111111111111,17,7,2.4285714285714284,2,0,0,0,2,3,0,1,21,Draw,21.000003
2023-2024,2023-12-07 00:00:00,West Ham,15,away,Tottenham,2,1,1,11,5,0.45454545454545453,0.18181818181818182,23,7,0.30434782608695654,0.043478260869565216,12,11,1.0909090909090908,3,3,0,0,4,8,1,3,24,Win,24.001005000000003
2023-2024,2023-12-10 00:00:00,West Ham,16,away,Fulham,0,5,-5,9,5,0.5555555555555556,0.0,14,8,0.5714285714285714,0.35714285714285715,10,5,2.0,1,2,0,0,6,3,-4,0,24,Loss,23.996005
2023-2024,2023-12-17 00:00:00,West Ham,17,home,Wolves,3,0,3,13,4,0.3076923076923077,0.23076923076923078,14,3,0.21428571428571427,0.0,12,15,0.8,3,1,0,0,6,6,-1,3,27,Win,26.999004
2023-2024,2023-12-23 00:00:00,West Ham,18,home,Man United,2,0,2,12,5,0.4166666666666667,0.16666666666666666,11,3,0.2727272727272727,0.0,13,15,0.8666666666666667,2,3,0,0,4,4,1,3,30,Win,30.001005000000003
2023-2024,2023-12-28 00:00:00,West Ham,19,away,Arsenal,2,0,2,6,3,0.5,0.3333333333333333,30,8,0.26666666666666666,0.0,8,8,1.0,0,2,0,0,3,10,3,3,33,Win,33.003003
2023-2024,2024-01-02 00:00:00,West Ham,20,home,Brighton,0,0,0,6,2,0.3333333333333333,0.0,22,8,0.36363636363636365,0.0,4,6,0.6666666666666666,1,0,0,0,2,0,3,1,34,Draw,34.003002
2023-2024,2024-01-21 00:00:00,West Ham,21,away,Sheffield United,2,2,0,16,5,0.3125,0.125,21,6,0.2857142857142857,0.09523809523809523,10,11,0.9090909090909091,1,3,1,1,1,4,3,1,35,Draw,35.003005
2023-2024,2024-02-01 00:00:00,West Ham,22,home,Bournemouth,1,1,0,9,3,0.3333333333333333,0.1111111111111111,9,4,0.4444444444444444,0.1111111111111111,13,11,1.1818181818181819,1,3,0,0,1,5,3,1,36,Draw,36.003003
2023-2024,2024-02-04 00:00:00,West Ham,23,away,Man United,0,3,-3,22,3,0.13636363636363635,0.0,12,5,0.4166666666666667,0.25,5,10,0.5,1,0,0,0,8,5,0,0,36,Loss,36.000003
2023-2024,2024-02-11 00:00:00,West Ham,24,home,Arsenal,0,6,-6,5,1,0.2,0.0,25,12,0.48,0.24,17,11,1.5454545454545454,4,0,0,0,2,6,-6,0,36,Loss,35.994001
2023-2024,2024-02-17 00:00:00,West Ham,25,away,Nott'm Forest,0,2,-2,10,3,0.3,0.0,19,8,0.42105263157894735,0.10526315789473684,15,13,1.1538461538461537,4,4,1,0,3,5,-8,0,36,Loss,35.992003
2023-2024,2024-02-26 00:00:00,West Ham,26,home,Brentford,4,2,2,17,6,0.35294117647058826,0.23529411764705882,14,8,0.5714285714285714,0.14285714285714285,5,9,0.5555555555555556,1,2,0,0,1,7,-6,3,39,Win,38.994006
2023-2024,2024-03-02 00:00:00,West Ham,27,away,Everton,3,1,2,12,5,0.4166666666666667,0.25,22,11,0.5,0.045454545454545456,6,9,0.6666666666666666,2,1,0,0,5,4,-4,3,42,Win,41.996005000000004
2023-2024,2024-03-10 00:00:00,West Ham,28,home,Burnley,2,2,0,22,4,0.18181818181818182,0.09090909090909091,11,4,0.36363636363636365,0.18181818181818182,11,18,0.6111111111111112,2,4,0,0,4,4,-4,1,43,Draw,42.996004
2023-2024,2024-03-17 00:00:00,West Ham,29,home,Aston Villa,1,1,0,13,5,0.38461538461538464,0.07692307692307693,13,5,0.38461538461538464,0.07692307692307693,13,12,1.0833333333333333,3,3,0,0,7,11,-4,1,44,Draw,43.996005000000004
2023-2024,2024-03-30 00:00:00,West Ham,30,away,Newcastle,3,4,-1,10,4,0.4,0.3,24,9,0.375,0.16666666666666666,8,9,0.8888888888888888,1,1,0,1,4,3,-5,0,44,Loss,43.995003999999994
2023-2024,2024-04-02 00:00:00,West Ham,31,home,Tottenham,1,1,0,11,4,0.36363636363636365,0.09090909090909091,13,4,0.3076923076923077,0.07692307692307693,13,9,1.4444444444444444,1,4,0,0,9,5,-5,1,45,Draw,44.995003999999994
2023-2024,2024-04-06 00:00:00,West Ham,32,away,Wolves,2,1,1,11,4,0.36363636363636365,0.18181818181818182,14,7,0.5,0.07142857142857142,7,15,0.4666666666666667,2,5,0,0,4,4,-4,3,48,Win,47.996004
2023-2024,2024-04-14 00:00:00,West Ham,33,home,Fulham,0,2,-2,15,4,0.26666666666666666,0.0,18,10,0.5555555555555556,0.1111111111111111,6,13,0.46153846153846156,1,2,0,0,8,3,-6,0,48,Loss,47.994004
2023-2024,2024-04-21 00:00:00,West Ham,34,away,Crystal Palace,2,5,-3,4,1,0.25,0.5,18,7,0.3888888888888889,0.2777777777777778,9,9,1.0,2,3,0,0,0,4,-9,0,48,Loss,47.991001
2023-2024,2024-04-27 00:00:00,West Ham,35,home,Liverpool,2,2,0,11,8,0.7272727272727273,0.18181818181818182,28,8,0.2857142857142857,0.07142857142857142,8,10,0.8,0,2,0,0,5,8,-9,1,49,Draw,48.991008
2023-2024,2024-05-05 00:00:00,West Ham,36,away,Chelsea,0,5,-5,13,2,0.15384615384615385,0.0,25,14,0.56,0.2,10,12,0.8333333333333334,3,1,0,0,6,8,-14,0,49,Loss,48.986002
2023-2024,2024-05-11 00:00:00,West Ham,37,home,Luton,3,1,2,24,8,0.3333333333333333,0.125,4,1,0.25,0.25,9,15,0.6,1,3,0,0,7,6,-12,3,52,Win,51.988008
2023-2024,2024-05-19 00:00:00,West Ham,38,away,Man City,1,3,-2,3,2,0.6666666666666666,0.3333333333333333,28,12,0.42857142857142855,0.10714285714285714,12,3,4.0,1,0,0,0,2,11,-14,0,52,Loss,51.986002
2023-2024,2023-08-14 00:00:00,Wolves,1,away,Man United,0,1,-1,23,6,0.2608695652173913,0.0,15,3,0.2,0.06666666666666667,10,14,0.7142857142857143,3,2,0,0,7,8,-1,0,0,Loss,-0.000994
2023-2024,2023-08-19 00:00:00,Wolves,2,home,Brighton,1,4,-3,16,5,0.3125,0.0625,16,8,0.5,0.25,14,11,1.2727272727272727,3,6,1,0,5,3,-4,0,0,Loss,-0.003995
2023-2024,2023-08-26 00:00:00,Wolves,3,away,Everton,1,0,1,11,2,0.18181818181818182,0.09090909090909091,15,7,0.4666666666666667,0.0,14,10,1.4,4,3,0,0,0,7,-3,3,3,Win,2.9970019999999997
2023-2024,2023-09-03 00:00:00,Wolves,4,away,Crystal Palace,2,3,-1,12,4,0.3333333333333333,0.16666666666666666,16,11,0.6875,0.1875,12,12,1.0,3,1,0,0,2,4,-4,0,3,Loss,2.996004
2023-2024,2023-09-16 00:00:00,Wolves,5,home,Liverpool,1,3,-2,11,2,0.18181818181818182,0.09090909090909091,16,6,0.375,0.1875,10,4,2.5,1,3,0,0,4,4,-6,0,3,Loss,2.994002
2023-2024,2023-09-23 00:00:00,Wolves,6,away,Luton,1,1,0,3,3,1.0,0.3333333333333333,20,4,0.2,0.05,17,12,1.4166666666666667,2,0,1,0,1,10,-6,1,4,Draw,3.994003
2023-2024,2023-09-30 00:00:00,Wolves,7,home,Man City,2,1,1,3,1,0.3333333333333333,0.6666666666666666,23,8,0.34782608695652173,0.043478260869565216,18,12,1.5,5,4,0,0,0,6,-5,3,7,Win,6.995001
2023-2024,2023-10-08 00:00:00,Wolves,8,home,Aston Villa,1,1,0,8,3,0.375,0.125,18,4,0.2222222222222222,0.05555555555555555,19,9,2.111111111111111,2,2,1,0,2,10,-5,1,8,Draw,7.9950030000000005
2023-2024,2023-10-21 00:00:00,Wolves,9,away,Bournemouth,2,1,1,20,7,0.35,0.1,7,4,0.5714285714285714,0.14285714285714285,10,15,0.6666666666666666,6,2,0,1,12,3,-4,3,11,Win,10.996007
2023-2024,2023-10-28 00:00:00,Wolves,10,home,Newcastle,2,2,0,11,6,0.5454545454545454,0.18181818181818182,13,5,0.38461538461538464,0.15384615384615385,13,15,0.8666666666666667,1,4,0,0,8,7,-4,1,12,Draw,11.996006000000001
2023-2024,2023-11-04 00:00:00,Wolves,11,away,Sheffield United,1,2,-1,10,3,0.3,0.1,11,2,0.18181818181818182,0.18181818181818182,10,13,0.7692307692307693,3,2,0,0,4,4,-5,0,12,Loss,11.995002999999999
2023-2024,2023-11-11 00:00:00,Wolves,12,home,Tottenham,2,1,1,17,4,0.23529411764705882,0.11764705882352941,6,2,0.3333333333333333,0.16666666666666666,19,15,1.2666666666666666,4,3,0,0,11,3,-4,3,15,Win,14.996004000000001
2023-2024,2023-11-27 00:00:00,Wolves,13,away,Fulham,2,3,-1,10,6,0.6,0.2,12,6,0.5,0.25,13,13,1.0,2,2,0,0,2,6,-5,0,15,Loss,14.995006
2023-2024,2023-12-02 00:00:00,Wolves,14,away,Arsenal,1,2,-1,6,3,0.5,0.16666666666666666,19,6,0.3157894736842105,0.10526315789473684,10,10,1.0,2,1,0,0,0,4,-6,0,15,Loss,14.994003
2023-2024,2023-12-05 00:00:00,Wolves,15,home,Burnley,1,0,1,7,4,0.5714285714285714,0.14285714285714285,12,3,0.25,0.0,11,15,0.7333333333333333,2,4,0,0,6,8,-5,3,18,Win,17.995004
2023-2024,2023-12-09 00:00:00,Wolves,16,home,Nott'm Forest,1,1,0,10,4,0.4,0.1,8,2,0.25,0.125,9,11,0.8181818181818182,0,1,0,0,4,3,-5,1,19,Draw,18.995004
2023-2024,2023-12-17 00:00:00,Wolves,17,away,West Ham,0,3,-3,14,3,0.21428571428571427,0.0,13,4,0.3076923076923077,0.23076923076923078,15,12,1.25,1,3,0,0,6,6,-8,0,19,Loss,18.992003
2023-2024,2023-12-24 00:00:00,Wolves,18,home,Chelsea,2,1,1,14,6,0.42857142857142855,0.14285714285714285,16,5,0.3125,0.0625,11,9,1.2222222222222223,3,5,0,0,10,6,-7,3,22,Win,21.993005999999998
2023-2024,2023-12-27 00:00:00,Wolves,19,away,Brentford,4,1,3,11,5,0.45454545454545453,0.36363636363636365,14,4,0.2857142857142857,0.07142857142857142,14,5,2.8,1,1,0,0,2,8,-4,3,25,Win,24.996005
2023-2024,2023-12-30 00:00:00,Wolves,20,home,Everton,3,0,3,12,6,0.5,0.25,10,0,0.0,0.0,9,14,0.6428571428571429,2,3,0,0,5,2,-1,3,28,Win,27.999005999999998
2023-2024,2024-01-22 00:00:00,Wolves,21,away,Brighton,0,0,0,8,3,0.375,0.0,11,4,0.36363636363636365,0.0,13,10,1.3,4,1,0,0,2,8,-1,1,29,Draw,28.999003
2023-2024,2024-02-01 00:00:00,Wolves,22,home,Man United,3,4,-1,16,7,0.4375,0.1875,21,8,0.38095238095238093,0.19047619047619047,10,10,1.0,2,5,0,0,4,5,-2,0,29,Loss,28.998007
2023-2024,2024-02-04 00:00:00,Wolves,23,away,Chelsea,4,2,2,14,7,0.5,0.2857142857142857,15,6,0.4,0.13333333333333333,11,15,0.7333333333333333,2,3,0,0,1,10,0,3,32,Win,32.000007
2023-2024,2024-02-10 00:00:00,Wolves,24,home,Brentford,0,2,-2,17,5,0.29411764705882354,0.0,9,6,0.6666666666666666,0.2222222222222222,11,9,1.2222222222222223,2,3,0,0,7,4,-2,0,32,Loss,31.998005000000003
2023-2024,2024-02-17 00:00:00,Wolves,25,away,Tottenham,2,1,1,12,7,0.5833333333333334,0.16666666666666666,15,4,0.26666666666666666,0.06666666666666667,13,8,1.625,1,0,0,0,4,10,-1,3,35,Win,34.999007
2023-2024,2024-02-25 00:00:00,Wolves,26,home,Sheffield United,1,0,1,13,2,0.15384615384615385,0.07692307692307693,12,4,0.3333333333333333,0.0,8,4,2.0,2,1,0,0,5,6,0,3,38,Win,38.000002
2023-2024,2024-03-02 00:00:00,Wolves,27,away,Newcastle,0,3,-3,12,3,0.25,0.0,14,7,0.5,0.21428571428571427,11,8,1.375,1,0,0,0,5,3,-3,0,38,Loss,37.997003
2023-2024,2024-03-09 00:00:00,Wolves,28,home,Fulham,2,1,1,8,3,0.375,0.25,23,6,0.2608695652173913,0.043478260869565216,7,11,0.6363636363636364,2,2,0,0,3,4,-2,3,41,Win,40.998003
2023-2024,2024-03-30 00:00:00,Wolves,29,away,Aston Villa,0,2,-2,13,3,0.23076923076923078,0.0,11,5,0.45454545454545453,0.18181818181818182,19,11,1.7272727272727273,4,3,0,0,4,5,-4,0,41,Loss,40.996003
2023-2024,2024-04-02 00:00:00,Wolves,30,away,Burnley,1,1,0,8,2,0.25,0.125,13,6,0.46153846153846156,0.07692307692307693,12,10,1.2,2,0,0,0,4,7,-4,1,42,Draw,41.996002000000004
2023-2024,2024-04-06 00:00:00,Wolves,31,home,West Ham,1,2,-1,14,7,0.5,0.07142857142857142,11,4,0.36363636363636365,0.18181818181818182,15,7,2.142857142857143,5,2,0,0,4,4,-5,0,42,Loss,41.995006999999994
2023-2024,2024-04-13 00:00:00,Wolves,32,away,Nott'm Forest,2,2,0,11,4,0.36363636363636365,0.18181818181818182,18,9,0.5,0.1111111111111111,10,15,0.6666666666666666,3,2,0,0,1,10,-5,1,43,Draw,42.995003999999994
2023-2024,2024-04-20 00:00:00,Wolves,33,home,Arsenal,0,2,-2,5,3,0.6,0.0,24,9,0.375,0.08333333333333333,14,9,1.5555555555555556,3,2,0,0,1,2,-7,0,43,Loss,42.993003
2023-2024,2024-04-24 00:00:00,Wolves,34,home,Bournemouth,0,1,-1,15,4,0.26666666666666666,0.0,21,6,0.2857142857142857,0.047619047619047616,10,17,0.5882352941176471,4,1,0,1,8,12,-8,0,43,Loss,42.992003999999994
2023-2024,2024-04-27 00:00:00,Wolves,35,home,Luton,2,1,1,13,5,0.38461538461538464,0.15384615384615385,9,6,0.6666666666666666,0.1111111111111111,14,14,1.0,3,1,0,0,4,4,-7,3,46,Win,45.993005000000004
2023-2024,2024-05-04 00:00:00,Wolves,36,away,Man City,1,5,-4,2,1,0.5,0.5,20,12,0.6,0.25,17,4,4.25,4,0,0,0,0,6,-11,0,46,Loss,45.989000999999995
2023-2024,2024-05-11 00:00:00,Wolves,37,home,Crystal Palace,1,3,-2,13,7,0.5384615384615384,0.07692307692307693,13,3,0.23076923076923078,0.23076923076923078,13,12,1.0833333333333333,3,2,0,1,8,3,-13,0,46,Loss,45.987007
2023-2024,2024-05-19 00:00:00,Wolves,38,away,Liverpool,0,2,-2,4,3,0.75,0.0,36,14,0.3888888888888889,0.05555555555555555,11,14,0.7857142857142857,1,1,1,0,2,10,-15,0,46,Loss,45.985003
